rank,ticker,signal,signal_reason,is_held,momentum_score,annualized_slope,r_squared,last_close,ma_100,below_ma100,atr_20,atr_method,highest_close_ref,stop_loss_level,distance_to_stop_pct,avg_daily_value_20d,position_weight_pct,allocated_amount,approx_shares,risk_amount_per_atr,entry_date,entry_price,52wk_high,disqualify_reason
1.0,CUPID,HOLD,"Held, rank 1 still within band (cutoff 138)",True,1552.9874,1650.2832,0.941,280.0,196.9524,False,11.215718,true_range,283.15,249.5028,10.89,5456658223.89,4.93,24920.0,89.0,998.2,2026-09-02,282.33,299.0,
2.0,DIACABS,HOLD,"Held, rank 2 still within band (cutoff 138)",True,856.6018,977.0506,0.8767,369.05,251.6445,False,17.213578,true_range,369.05,317.4093,13.99,342079017.0,4.24,21404.9,58.0,998.39,2026-09-02,349.4,379.0,
3.0,SHILPAMED,HOLD,"Held, rank 3 still within band (cutoff 138)",True,707.8144,756.204,0.936,961.15,628.2495,False,36.902918,true_range,964.15,853.4412,11.21,1148567423.41,5.15,25951.05,27.0,996.38,2026-09-02,903.8,980.1,
4.0,ATHERENERG,HOLD,"Held, rank 4 still within band (cutoff 138)",True,522.8899,557.6893,0.9376,1656.0,1192.0985,False,62.116691,true_range,1686.1,1499.7499,9.44,8215707708.86,5.27,26496.0,16.0,993.87,2026-09-02,1616.3,1744.0,
5.0,SUDEEPPHRM,HOLD,"Held, rank 5 still within band (cutoff 138)",True,508.8482,560.0534,0.9086,1202.8,877.414,False,57.852544,true_range,1344.2,1170.6424,2.67,301776478.88,4.11,20447.6,17.0,983.49,2026-09-02,1268.1,1378.0,
6.0,QUESS,HOLD,"Held, rank 6 still within band (cutoff 138)",True,489.3545,522.6868,0.9362,348.0,275.6649,False,16.357414,true_range,379.25,330.1778,5.12,305869048.29,4.2,21228.0,61.0,997.8,2026-09-02,364.7,388.75,
7.0,SKYGOLD,HOLD,"Held, rank 7 still within band (cutoff 138)",True,485.3532,535.2976,0.9067,827.4,606.898,False,33.883433,true_range,832.2,730.5497,11.71,695655732.96,4.82,23994.6,29.0,982.62,2026-09-02,811.4,868.8,
8.0,REDINGTON,HOLD,"Held, rank 8 still within band (cutoff 138)",True,421.6187,456.8599,0.9229,393.7,281.5218,False,14.241172,true_range,393.7,350.9765,10.85,2480831799.5,5.46,27559.0,70.0,996.88,2026-09-02,357.3,403.25,
9.0,UTLSOLAR,NO SIGNAL,,False,343.9697,380.5333,0.9039,447.8,354.7174,False,19.938402,true_range,447.8,387.9848,13.36,179849043.72,,,,,,,494.25,
10.0,EMIL,NO SIGNAL,,False,340.0859,437.6205,0.7771,188.38,137.8322,False,8.512537,true_range,188.38,162.8424,13.56,381254339.48,,,,,,,196.74,
11.0,CARTRADE,NO SIGNAL,,False,315.9827,404.9691,0.7803,3087.9,2474.494,False,122.81594,true_range,3087.9,2719.4522,11.93,1341499669.64,,,,,,,3290.5,
12.0,STYL,NO SIGNAL,,False,290.2168,346.0954,0.8385,387.4,327.3017,False,18.014977,true_range,387.4,333.3551,13.95,46152359.42,,,,,,,437.45,
13.0,AVALON,HOLD,"Held, rank 13 still within band (cutoff 138)",True,288.6474,329.6293,0.8757,2264.5,1714.6135,False,114.992437,true_range,2352.5,2007.5227,11.35,1277576577.5,3.89,18116.0,8.0,919.94,2026-09-02,2252.4,2424.0,
14.0,AETHER,NO SIGNAL,,False,286.5534,318.3764,0.9,1674.7,1368.25,False,56.882347,true_range,1674.7,1504.053,10.19,373222905.9,,,,,,,1717.0,
15.0,PAYTM,NO SIGNAL,,False,281.6529,336.2751,0.8376,1807.5,1305.4685,False,55.973423,true_range,1807.5,1639.5797,9.29,6986476223.5,,,,,,,1840.0,
16.0,SANSERA,HOLD,"Held, rank 16 still within band (cutoff 138)",True,278.1622,303.843,0.9155,4129.9,3195.438,False,139.214731,true_range,4135.9,3718.2558,9.97,659831724.03,5.86,28909.3,7.0,974.5,2026-09-02,3859.0,4170.0,
17.0,VARROC,HOLD,"Held, rank 17 still within band (cutoff 138)",True,273.6031,303.6639,0.901,872.0,665.129,False,32.942718,true_range,884.4,785.5718,9.91,324457727.86,5.23,26160.0,30.0,988.28,2026-09-02,821.85,896.0,
18.0,PGIL,NO SIGNAL,,False,272.9912,306.7175,0.89,1187.7,973.653,False,48.964735,true_range,1187.7,1040.8058,12.37,100569324.28,,,,,,,1269.8,
19.0,LAURUSLABS,HOLD,"Held, rank 19 still within band (cutoff 138)",True,251.0903,265.9888,0.944,1969.0,1546.197,False,46.150624,true_range,1969.0,1830.5481,7.03,6737981525.74,8.43,41349.0,21.0,969.16,2026-09-02,1938.5,1981.8,
20.0,AKUMS,NO SIGNAL,,False,224.3453,243.3895,0.9218,776.35,638.5835,False,26.476109,true_range,776.35,696.9217,10.23,277283559.64,,,,,,,796.55,
21.0,NAUKRI,NO SIGNAL,,False,211.8591,241.5129,0.8772,1250.8,1123.7195,False,36.416599,true_range,1250.8,1141.5502,8.73,1686852637.59,,,,,,,1433.6,
22.0,SONACOMS,NO SIGNAL,,False,211.4308,232.559,0.9091,788.0,681.001,False,20.798962,true_range,788.0,725.6031,7.92,1337011907.49,,,,,,,844.0,
23.0,JYOTICNC,NO SIGNAL,,False,206.2917,264.8519,0.7789,985.0,792.6245,False,38.32452,true_range,985.0,870.0264,11.67,1336310364.17,,,,,,,1058.85,
24.0,TBOTEK,NO SIGNAL,,False,202.3831,227.5749,0.8893,1679.5,1445.909,False,56.644261,true_range,1679.5,1509.5672,10.12,290469207.86,,,,,,,1764.8,
25.0,HFCL,HOLD,"Held, rank 25 still within band (cutoff 138)",True,200.0322,270.8698,0.7385,233.69,192.4824,False,11.059718,true_range,250.76,217.5808,6.89,3276179279.07,4.17,21032.1,90.0,995.37,2026-09-02,251.47,256.7,
26.0,COFORGE,NO SIGNAL,,False,196.4668,224.1892,0.8763,1846.5,1553.069,False,54.975357,true_range,1846.5,1681.5739,8.93,4817446576.54,,,,,,,2021.2,
27.0,LODHA,NO SIGNAL,,False,189.8166,244.3562,0.7768,1116.9,1059.2155,False,42.836614,true_range,1116.9,988.3902,11.51,1834803283.53,,,,,,,1344.95,
28.0,NEULANDLAB,NO SIGNAL,,False,187.1006,214.6472,0.8717,23535.0,19048.37,False,714.853272,true_range,23535.0,21390.4402,9.11,1030283945.3,,,,,,,24225.0,
29.0,STLTECH,HOLD,"Held, rank 29 still within band (cutoff 138)",True,186.5361,304.8466,0.6119,897.4,558.6056,False,38.643059,true_range,897.4,781.4708,12.92,1204663782.39,4.59,22435.0,25.0,966.08,2026-09-02,723.75,897.45,
30.0,IIFL,NO SIGNAL,,False,184.4883,202.3218,0.9119,600.6,543.895,False,24.818198,true_range,600.6,526.1454,12.4,2283249029.73,,,,,,,705.0,
31.0,AEGISVOPAK,HOLD,"Held, rank 31 still within band (cutoff 138)",True,175.6143,249.5573,0.7037,295.1,246.121,False,12.242808,true_range,297.65,260.9216,11.58,264814536.84,4.76,23903.1,81.0,991.67,2026-09-02,269.9,311.49,
32.0,PRICOLLTD,NO SIGNAL,,False,174.397,219.1878,0.7957,761.4,647.7045,False,25.279743,true_range,761.4,685.5608,9.96,289967120.26,,,,,,,823.0,
33.0,SAILIFE,NO SIGNAL,,False,171.5131,183.7901,0.9332,1585.0,1271.9135,False,51.650004,true_range,1585.0,1430.05,9.78,1320564107.5,,,,,,,1697.0,
34.0,DIVISLAB,NO SIGNAL,,False,166.2405,201.893,0.8234,9322.0,7434.89,False,193.672445,true_range,9322.0,8740.9827,6.23,4081837566.68,,,,,,,9615.0,
35.0,WELSPUNLIV,NO SIGNAL,,False,166.0843,201.3925,0.8247,207.68,160.0398,False,6.996813,true_range,207.68,186.6896,10.11,1531506097.15,,,,,,,216.0,
36.0,ETERNAL,NO SIGNAL,,False,164.7494,179.9242,0.9157,323.5,281.156,False,7.530142,true_range,323.5,300.9096,6.98,11775592483.36,,,,,,,368.45,
37.0,OPTIEMUS,NO SIGNAL,,False,159.8355,229.4044,0.6967,566.25,505.368,False,23.970991,true_range,566.25,494.337,12.7,146676105.12,,,,,,,713.0,
38.0,INOXINDIA,NO SIGNAL,,False,158.847,211.3583,0.7516,2246.6,1815.981,False,92.625785,true_range,2246.6,1968.7226,12.37,1063810567.38,,,,,,,2339.5,
39.0,SYRMA,NO SIGNAL,,False,157.2434,202.211,0.7776,1589.3,1299.289,False,54.837314,true_range,1589.3,1424.7881,10.35,2497459524.04,,,,,,,1660.0,
40.0,CHENNPETRO,NO SIGNAL,,False,157.2305,187.0336,0.8407,1572.9,1205.41,False,68.325979,true_range,1572.9,1367.9221,13.03,3198895945.15,,,,,,,1677.5,
41.0,SHRIPISTON,NO SIGNAL,,False,157.0708,187.1492,0.8393,4371.5,3990.941,False,143.418587,true_range,4371.5,3941.2442,9.84,353226251.84,,,,,,,4785.8,
42.0,RADICO,NO SIGNAL,,False,155.226,172.3567,0.9006,4368.1,3966.373,False,96.971538,true_range,4368.1,4077.1854,6.66,1094634403.67,,,,,,,4747.0,
43.0,LENSKART,NO SIGNAL,,False,154.3537,172.5541,0.8945,681.75,554.213,False,18.895645,true_range,681.75,625.0631,8.31,8839422444.89,,,,,,,703.5,
44.0,RRKABEL,HOLD,"Held, rank 44 still within band (cutoff 138)",True,148.6475,192.7903,0.771,2424.4,2309.867,False,105.539534,true_range,2630.4,2313.7814,4.56,1753462477.23,4.54,21819.6,9.0,949.86,2026-09-02,2905.2,2983.8,
45.0,SUDARSCHEM,NO SIGNAL,,False,148.2127,192.1495,0.7713,1248.2,1009.8225,False,46.366333,true_range,1248.2,1109.101,11.14,628522944.16,,,,,,,1603.0,
46.0,AZAD,NO SIGNAL,,False,145.2793,184.2355,0.7886,2849.1,2338.118,False,106.435535,true_range,2849.1,2529.7934,11.21,1463155486.32,,,,,,,2986.6,
47.0,LOTUSDEV,NO SIGNAL,,False,144.7599,203.2025,0.7124,209.27,158.0591,False,8.225043,true_range,209.27,184.5949,11.79,311599954.77,,,,,,,215.0,
48.0,NAZARA,NO SIGNAL,,False,139.6734,160.0783,0.8725,370.3,310.562,False,10.720318,true_range,370.3,338.139,8.69,660371155.29,,,,,,,380.0,
49.0,THELEELA,NO SIGNAL,,False,138.433,158.2274,0.8749,542.3,474.798,False,18.579461,true_range,542.3,486.5616,10.28,352512808.66,,,,,,,582.85,
50.0,BOSCHLTD,NO SIGNAL,,False,132.569,148.237,0.8943,48385.0,41290.9,False,1072.047549,true_range,48385.0,45168.8574,6.65,1851319538.0,,,,,,,50000.0,
51.0,MANORAMA,NO SIGNAL,,False,130.7982,165.2321,0.7916,2055.7,1618.552,False,74.152263,true_range,2055.7,1833.2432,10.82,1420128237.52,,,,,,,2149.5,
52.0,ASTRAMICRO,HOLD,"Held, rank 52 still within band (cutoff 138)",True,130.2129,222.0822,0.5863,1680.6,1545.6335,False,64.115626,true_range,1757.3,1564.9531,6.88,565153849.03,5.18,25209.0,15.0,961.73,2026-09-02,1706.6,1960.0,
53.0,DIXON,NO SIGNAL,,False,129.5155,153.6191,0.8431,13425.0,12809.585,False,389.538354,true_range,13425.0,12256.3849,8.7,5464841354.8,,,,,,,18471.0,
54.0,TMB,NO SIGNAL,,False,128.9845,143.7284,0.8974,910.9,790.643,False,25.365724,true_range,910.9,834.8028,8.35,149714425.07,,,,,,,954.2,
55.0,WABAG,NO SIGNAL,,False,127.9623,209.5733,0.6106,2277.9,1828.661,False,84.817688,true_range,2277.9,2023.4469,11.17,1784408541.46,,,,,,,2319.0,
56.0,FLUOROCHEM,NO SIGNAL,,False,127.7578,149.4005,0.8551,4773.2,4090.678,False,149.459246,true_range,4773.2,4324.8223,9.39,715163093.63,,,,,,,4958.9,
57.0,ALIVUS,NO SIGNAL,,False,125.838,160.5795,0.7836,1386.8,1173.274,False,49.891806,true_range,1386.8,1237.1246,10.79,258646531.0,,,,,,,1493.8,
58.0,WELENT,NO SIGNAL,,False,125.4152,172.0677,0.7289,786.2,586.831,False,26.583242,true_range,786.2,706.4503,10.14,613141439.57,,,,,,,825.0,
59.0,GABRIEL,NO SIGNAL,,False,122.3075,173.6967,0.7041,1346.4,1249.601,False,55.972488,true_range,1346.4,1178.4825,12.47,388708654.78,,,,,,,1600.0,
60.0,ACMESOLAR,NO SIGNAL,,False,121.075,158.6538,0.7631,402.3,352.11,False,15.520304,true_range,402.3,355.7391,11.57,904821421.46,,,,,,,430.5,
61.0,ACE,NO SIGNAL,,False,120.9504,138.0425,0.8762,1129.0,1000.027,False,39.589561,true_range,1129.0,1010.2313,10.52,419740013.98,,,,,,,1196.0,
62.0,ENTERO,NO SIGNAL,,False,118.8491,208.6867,0.5695,1815.4,1307.891,False,67.387021,true_range,1815.4,1613.2389,11.14,696543429.48,,,,,,,1920.0,
63.0,BECTORFOOD,NO SIGNAL,,False,118.4828,184.3551,0.6427,242.5,201.9941,False,9.911829,true_range,242.5,212.7645,12.26,375173472.86,,,,,,,286.8,
64.0,CAPLIPOINT,NO SIGNAL,,False,115.0451,161.789,0.7111,2754.9,2352.097,False,95.568307,true_range,2754.9,2468.1951,10.41,674271336.79,,,,,,,2877.3,
65.0,CGCL,NO SIGNAL,,False,114.9156,156.137,0.736,266.0,222.6373,False,10.589222,true_range,266.0,234.2323,11.94,1974320852.91,,,,,,,287.45,
66.0,SKFINDUS,NO SIGNAL,,False,114.5304,160.9445,0.7116,2887.7,2579.359,False,111.509687,true_range,2887.7,2553.1709,11.58,187725787.92,,,,,,,3131.0,
67.0,KTKBANK,NO SIGNAL,,False,109.7995,130.1591,0.8436,325.35,283.5904,False,9.427309,true_range,325.35,297.0681,8.69,894005099.36,,,,,,,345.9,
68.0,NYKAA,NO SIGNAL,,False,109.2459,131.7019,0.8295,344.5,303.7144,False,7.63491,true_range,344.5,321.5953,6.65,1438818036.31,,,,,,,349.55,
69.0,BLUEJET,NO SIGNAL,,False,108.6967,150.5911,0.7218,568.55,531.404,False,17.575198,true_range,568.55,515.8244,9.27,281132981.18,,,,,,,759.5,
70.0,CRAFTSMAN,NO SIGNAL,,False,108.6527,125.6644,0.8646,11669.0,9487.04,False,373.631099,true_range,11669.0,10548.1067,9.61,597481179.45,,,,,,,11999.0,
71.0,URBANCO,NO SIGNAL,,False,106.9266,149.9859,0.7129,166.89,139.0126,False,6.704636,true_range,166.89,146.7761,12.05,2377149708.69,,,,,,,201.18,
72.0,OFSS,NO SIGNAL,,False,105.299,129.8824,0.8107,11763.0,10671.16,False,331.335706,true_range,11763.0,10768.9929,8.45,2514506118.55,,,,,,,12540.0,
73.0,PARADEEP,NO SIGNAL,,False,104.9748,118.4489,0.8862,155.96,139.0179,False,5.176576,true_range,155.96,140.4303,9.96,1017312941.26,,,,,,,202.19,
74.0,TVSMOTOR,NO SIGNAL,,False,104.8524,140.2535,0.7476,4125.0,3785.146,False,99.492935,true_range,4125.0,3826.5212,7.24,3693849852.94,,,,,,,4484.5,
75.0,HONASA,NO SIGNAL,,False,103.5888,134.3882,0.7708,471.15,429.1915,False,15.315166,true_range,471.15,425.2045,9.75,461850485.13,,,,,,,509.8,
76.0,ANANDRATHI,NO SIGNAL,,False,102.4669,118.3096,0.8661,2211.0,1972.639,False,44.150389,true_range,2211.0,2078.5488,5.99,440853552.84,,,,,,,2255.0,
77.0,SAPPHIRE,NO SIGNAL,,False,101.8435,150.6852,0.6759,225.74,195.9905,False,9.184314,true_range,225.74,198.1871,12.21,247778870.77,,,,,,,338.0,
78.0,CONCORDBIO,NO SIGNAL,,False,100.9269,132.061,0.7642,1505.7,1304.027,False,51.496286,true_range,1505.7,1351.2111,10.26,267214896.14,,,,,,,1704.0,
79.0,TITAN,NO SIGNAL,,False,99.9081,112.352,0.8892,5009.5,4578.31,False,79.009213,true_range,5009.5,4772.4724,4.73,2503590615.84,,,,,,,5186.7,
80.0,GRWRHITECH,HOLD,"Held, rank 80 still within band (cutoff 138)",True,98.66,133.767,0.7376,6921.5,6356.623,False,242.569406,true_range,7202.5,6474.7918,6.45,432112785.65,5.64,27686.0,4.0,970.28,2026-09-02,7224.5,7990.0,
81.0,CORONA,NO SIGNAL,,False,97.7519,119.4976,0.818,2236.1,1927.001,False,70.602284,true_range,2236.1,2024.2931,9.47,113997860.53,,,,,,,2270.1,
82.0,JINDALSAW,NO SIGNAL,,False,97.2279,122.9724,0.7906,311.95,259.7607,False,10.57931,true_range,311.95,280.2121,10.17,1016335035.68,,,,,,,320.0,
83.0,RATEGAIN,HOLD,"Held, rank 83 still within band (cutoff 138)",True,97.0991,163.8558,0.5926,878.25,828.4745,False,36.933232,true_range,878.25,767.4503,12.62,361995059.52,4.7,23712.75,27.0,997.2,2026-09-02,933.95,1050.0,
84.0,ECLERX,NO SIGNAL,,False,96.2452,162.9583,0.5906,1899.6,1654.358,False,77.216706,true_range,1899.6,1667.9499,12.19,437225264.85,,,,,,,2497.5,
85.0,IDFCFIRSTB,NO SIGNAL,,False,95.7582,108.5023,0.8825,86.21,78.231,False,1.592749,true_range,86.21,81.4318,5.54,1257098476.71,,,,,,,88.76,
86.0,APARINDS,NO SIGNAL,,False,95.5095,148.1711,0.6446,17500.0,14705.885,False,683.938919,true_range,17500.0,15448.1832,11.72,2299220297.5,,,,,,,18465.0,
87.0,RKFORGE,NO SIGNAL,,False,95.3548,144.4869,0.66,711.2,623.375,False,24.17255,true_range,711.2,638.6824,10.2,583713304.51,,,,,,,772.8,
88.0,GLAXO,NO SIGNAL,,False,95.0122,132.2082,0.7187,2828.4,2516.921,False,84.340468,true_range,2828.4,2575.3786,8.95,571957259.96,,,,,,,3120.7,
89.0,KRN,NO SIGNAL,,False,94.0102,146.5989,0.6413,1593.6,1284.2545,False,68.150401,true_range,1593.6,1389.1488,12.83,435380195.68,,,,,,,1687.0,
90.0,NEOGEN,NO SIGNAL,,False,92.8099,121.4808,0.764,2373.0,1980.771,False,100.633746,true_range,2373.0,2071.0988,12.72,520089850.74,,,,,,,2483.9,
91.0,VMART,NO SIGNAL,,False,90.01,114.5251,0.7859,808.95,742.427,False,25.772396,true_range,808.95,731.6328,9.56,91666892.04,,,,,,,888.0,
92.0,BRIGADE,NO SIGNAL,,False,88.9453,126.6905,0.7021,638.65,563.8333,False,26.178055,true_range,638.65,560.1158,12.3,576852622.14,,,,,,,802.01,
93.0,CPPLUS,NO SIGNAL,,False,87.1152,165.1377,0.5275,3825.5,3266.879,False,157.323622,true_range,3825.5,3353.5291,12.34,940900655.28,,,,,,,4094.0,
94.0,MINDACORP,NO SIGNAL,,False,86.7139,126.1029,0.6876,705.45,650.2115,False,21.29628,true_range,705.45,641.5612,9.06,266677292.45,,,,,,,769.0,
95.0,PPLPHARMA,NO SIGNAL,,False,86.091,126.3783,0.6812,211.35,184.2881,False,7.454056,true_range,211.35,188.9878,10.58,960763480.32,,,,,,,231.93,
96.0,UJJIVANSFB,NO SIGNAL,,False,84.9838,130.2804,0.6523,65.54,62.2304,False,2.276251,true_range,65.54,58.7112,10.42,988944706.71,,,,,,,73.94,
97.0,GMMPFAUDLR,NO SIGNAL,,False,84.8774,170.3495,0.4983,1307.9,891.0955,False,45.289537,true_range,1307.9,1172.0314,10.39,430585736.96,,,,,,,1352.0,
98.0,IPCALAB,NO SIGNAL,,False,84.6175,105.5036,0.802,1968.5,1716.537,False,52.526108,true_range,1968.5,1810.9217,8.0,1181004439.39,,,,,,,2001.5,
99.0,TI,NO SIGNAL,,False,84.2505,126.5952,0.6655,521.6,473.8625,False,18.676942,true_range,521.6,465.5692,10.74,363889329.45,,,,,,,594.55,
100.0,SAREGAMA,NO SIGNAL,,False,83.8422,133.1022,0.6299,505.5,461.1295,False,19.485193,true_range,505.5,447.0444,11.56,227269300.35,,,,,,,574.5,
101.0,PRUDENT,NO SIGNAL,,False,83.8032,108.0265,0.7758,3385.0,3017.553,False,147.985636,true_range,3385.0,2941.0431,13.12,101681267.34,,,,,,,4105.5,
102.0,MOTHERSON,NO SIGNAL,,False,83.7911,104.7825,0.7997,164.45,147.0183,False,4.037374,true_range,164.45,152.3379,7.37,1820981915.76,,,,,,,173.27,
103.0,M&MFIN,NO SIGNAL,,False,83.7431,135.3495,0.6187,356.15,338.249,False,11.795428,true_range,356.15,320.7637,9.94,701627306.45,,,,,,,415.0,
104.0,JSWINFRA,NO SIGNAL,,False,80.8805,110.1986,0.734,343.15,310.2202,False,9.08762,true_range,343.15,315.8871,7.94,738261547.42,,,,,,,355.8,
105.0,PTCIL,NO SIGNAL,,False,80.2075,123.1646,0.6512,23630.0,18384.61,False,824.690223,true_range,23630.0,21155.9293,10.47,1289370982.5,,,,,,,24125.0,
106.0,MEDANTA,NO SIGNAL,,False,79.8095,89.3057,0.8937,1447.2,1315.887,False,44.684513,true_range,1447.2,1313.1465,9.26,428274639.66,,,,,,,1544.0,
107.0,PVRINOX,NO SIGNAL,,False,79.1435,113.6068,0.6966,1237.1,1065.0055,False,44.605529,true_range,1237.1,1103.2834,10.82,912268519.36,,,,,,,1284.5,
108.0,LALPATHLAB,NO SIGNAL,,False,78.8073,96.7509,0.8145,1909.0,1716.933,False,50.258757,true_range,1909.0,1758.2237,7.9,353011266.43,,,,,,,1988.9,
109.0,FEDERALBNK,NO SIGNAL,,False,78.5716,99.3002,0.7913,344.5,325.3415,False,6.746679,true_range,344.5,324.26,5.88,1762869205.65,,,,,,,371.7,
110.0,HEG,NO SIGNAL,,False,78.4707,138.1729,0.5679,237.2,220.5549,False,10.678378,true_range,237.2,205.1649,13.51,509413274.06,,,,,,,273.0,
111.0,NAVINFLUOR,NO SIGNAL,,False,78.468,90.2296,0.8696,8543.5,7587.58,False,223.331401,true_range,8543.5,7873.5058,7.84,1094181675.12,,,,,,,8949.5,
112.0,EXIDEIND,NO SIGNAL,,False,76.8962,114.8504,0.6695,412.65,408.1885,False,12.529812,true_range,412.65,375.0606,9.11,991959522.98,,,,,,,496.4,
113.0,RAIN,NO SIGNAL,,False,74.5218,134.758,0.553,215.97,191.2534,False,9.359494,true_range,215.97,187.8915,13.0,892418573.25,,,,,,,252.0,
114.0,AEQUS,NO SIGNAL,,False,74.1878,126.3835,0.587,225.97,221.6545,False,9.515116,true_range,225.97,197.4247,12.63,659060691.81,,,,,,,274.39,
115.0,ANANTRAJ,NO SIGNAL,,False,72.9322,98.6558,0.7393,598.35,563.1105,False,19.6392,true_range,598.35,539.4324,9.85,1807906924.21,,,,,,,743.65,
116.0,INDIGOPNTS,NO SIGNAL,,False,71.1565,82.217,0.8655,1089.3,1039.458,False,38.344939,true_range,1089.3,974.2652,10.56,101709813.26,,,,,,,1345.9,
117.0,HYUNDAI,NO SIGNAL,,False,70.28,84.8852,0.8279,2174.0,2004.659,False,52.279901,true_range,2174.0,2017.1603,7.21,1542229297.1,,,,,,,2890.0,
118.0,KARURVYSYA,NO SIGNAL,,False,69.2425,90.6186,0.7641,333.8,312.1645,False,8.251343,true_range,333.8,309.046,7.42,543517676.7,,,,,,,358.65,
119.0,LLOYDSENGG,HOLD,"Held, rank 119 still within band (cutoff 138)",True,68.585,124.6652,0.5502,82.76,80.1999,False,3.380005,true_range,84.95,74.81,9.61,494784762.88,4.84,24496.96,296.0,1000.48,2026-09-02,86.74,99.75,
120.0,CEMPRO,NO SIGNAL,,False,65.4674,174.2957,0.3756,1244.3,1196.911,False,52.488341,true_range,1244.3,1086.835,12.65,354731810.0,,,,,,,1649.2,
121.0,CHOLAFIN,NO SIGNAL,,False,65.3575,95.3215,0.6857,1845.9,1721.225,False,46.922566,true_range,1845.9,1705.1323,7.63,1892234663.57,,,,,,,1952.5,
122.0,THYROCARE,NO SIGNAL,,False,64.9348,92.7268,0.7003,549.7,534.1425,False,20.231432,true_range,549.7,489.0057,11.04,187207356.61,,,,,,,662.0,
123.0,UNITDSPR,NO SIGNAL,,False,63.2702,84.4165,0.7495,1395.0,1390.935,False,30.033064,true_range,1395.0,1304.9008,6.46,862581238.95,,,,,,,1563.4,
124.0,TMCV,NO SIGNAL,,False,62.3186,91.0024,0.6848,434.55,421.8,False,13.164527,true_range,434.55,395.0564,9.09,3343255020.69,,,,,,,509.0,
125.0,BAJFINANCE,NO SIGNAL,,False,61.3585,87.1218,0.7043,1034.5,1001.1185,False,21.740953,true_range,1034.5,969.2771,6.3,5049556472.66,,,,,,,1176.4,
126.0,CUB,NO SIGNAL,,False,61.2153,87.9191,0.6963,227.32,209.1005,False,8.247937,true_range,227.32,202.5762,10.89,606622129.99,,,,,,,248.85,
127.0,WESTLIFE,NO SIGNAL,,False,60.3225,104.4794,0.5774,569.6,502.915,False,22.426898,true_range,569.6,502.3193,11.81,264417503.52,,,,,,,767.2,
128.0,SMARTWORKS,NO SIGNAL,,False,60.0612,76.8036,0.782,530.75,475.9735,False,17.081974,true_range,530.75,479.5041,9.66,60642629.55,,,,,,,619.0,
129.0,TATACAP,NO SIGNAL,,False,59.589,81.1259,0.7345,362.9,344.5,False,7.954555,true_range,362.9,339.0363,6.58,334841114.19,,,,,,,390.2,
130.0,AJANTPHARM,NO SIGNAL,,False,56.1264,74.4108,0.7543,3533.4,3281.58,False,99.008484,true_range,3533.4,3236.3745,8.41,254579866.42,,,,,,,3796.0,
131.0,SOLARINDS,NO SIGNAL,,False,56.1147,81.3527,0.6898,22290.0,18372.2,False,529.863828,true_range,22290.0,20700.4085,7.13,3087582721.35,,,,,,,22625.0,
132.0,DEVYANI,NO SIGNAL,,False,55.3365,102.3494,0.5407,137.97,121.6071,False,4.912485,true_range,137.97,123.2325,10.68,414450327.08,,,,,,,191.0,
133.0,PGEL,NO SIGNAL,,False,55.2552,100.7351,0.5485,545.0,552.394,True,16.50429,true_range,545.0,495.4871,9.08,621310585.55,,,,,,,644.4,
134.0,RBLBANK,NO SIGNAL,,False,54.058,68.4032,0.7903,412.55,364.62,False,8.860287,true_range,412.55,385.9691,6.44,1396760264.12,,,,,,,420.4,
135.0,INDIAGLYCO,NO SIGNAL,,False,53.3259,103.2486,0.5165,294.9,219.571,False,11.437751,true_range,294.9,260.5867,11.64,90881792.14,,,,,,,316.3,
136.0,VIJAYA,NO SIGNAL,,False,53.2315,68.1185,0.7815,1502.0,1342.8155,False,47.898606,true_range,1502.0,1358.3042,9.57,200838955.98,,,,,,,1578.0,
137.0,TATATECH,NO SIGNAL,,False,52.9281,88.062,0.601,762.15,732.292,False,27.365829,true_range,762.15,680.0525,10.77,847984827.5,,,,,,,891.0,
138.0,CRISIL,NO SIGNAL,,False,52.246,71.169,0.7341,4697.9,4268.403,False,113.717201,true_range,4697.9,4356.7484,7.26,248409314.5,,,,,,,5115.0,
139.0,SHAILY,NO SIGNAL,,False,51.8843,84.423,0.6146,3279.5,2950.398,False,115.968693,true_range,3279.5,2931.5939,10.61,411913918.88,,,,,,,3615.2,
140.0,ARVIND,NO SIGNAL,,False,50.9136,76.025,0.6697,575.1,509.311,False,21.619961,true_range,575.1,510.2401,11.28,428646681.82,,,,,,,607.15,
141.0,JSFB,NO SIGNAL,,False,50.5522,86.0852,0.5872,516.85,502.2835,False,22.046841,true_range,516.85,450.7095,12.8,574214443.11,,,,,,,606.95,
142.0,CHOICEIN,NO SIGNAL,,False,50.3393,85.1241,0.5914,759.8,744.832,False,15.694773,true_range,759.8,712.7157,6.2,281187665.56,,,,,,,860.5,
143.0,FIVESTAR,NO SIGNAL,,False,48.5572,87.9251,0.5523,551.05,506.5225,False,17.693583,true_range,551.05,497.9693,9.63,314691109.89,,,,,,,666.0,
144.0,NETWEB,NO SIGNAL,,False,47.8975,98.2394,0.4876,5027.0,4560.979,False,218.550442,true_range,5027.0,4371.3487,13.04,10444586027.94,,,,,,,5813.0,
145.0,DCBBANK,NO SIGNAL,,False,47.2765,74.4916,0.6347,226.37,190.3087,False,6.915123,true_range,226.37,205.6246,9.16,743447330.36,,,,,,,234.8,
146.0,ANTHEM,NO SIGNAL,,False,47.0389,75.5117,0.6229,940.9,808.6395,False,28.039279,true_range,940.9,856.7822,8.94,771968172.34,,,,,,,977.55,
147.0,DLF,NO SIGNAL,,False,46.7966,65.3956,0.7156,644.5,631.6485,False,16.914528,true_range,644.5,593.7564,7.87,2417325839.24,,,,,,,794.8,
148.0,BAJAJFINSV,NO SIGNAL,,False,45.8455,65.6555,0.6983,1913.5,1863.275,False,36.542393,true_range,1913.5,1803.8728,5.73,1231601435.96,,,,,,,2195.0,
149.0,ABCAPITAL,NO SIGNAL,,False,44.2756,64.5987,0.6854,395.0,382.74,False,9.328886,true_range,395.0,367.0133,7.09,1194519918.31,,,,,,,430.7,
150.0,KAJARIACER,NO SIGNAL,,False,43.3973,60.3908,0.7186,1226.4,1173.913,False,31.824599,true_range,1226.4,1130.9262,7.78,238786276.04,,,,,,,1293.8,
151.0,ELLEN,NO SIGNAL,,False,43.3493,86.8297,0.4992,380.2,287.8796,False,16.168198,true_range,380.2,331.6954,12.76,268117356.27,,,,,,,559.8,
152.0,BAJAJ-AUTO,NO SIGNAL,,False,43.2275,70.0709,0.6169,11678.0,10741.27,False,218.734668,true_range,11678.0,11021.796,5.62,2644011877.15,,,,,,,12470.0,
153.0,ALKYLAMINE,NO SIGNAL,,False,43.0541,61.442,0.7007,1867.5,1815.133,False,70.229262,true_range,1867.5,1656.8122,11.28,213899612.34,,,,,,,2116.8,
154.0,UNOMINDA,NO SIGNAL,,False,42.8657,62.2126,0.689,1201.6,1159.586,False,28.523142,true_range,1201.6,1116.0306,7.12,884099685.09,,,,,,,1382.0,
155.0,POONAWALLA,NO SIGNAL,,False,42.4495,78.4722,0.5409,445.25,444.3925,False,12.906259,true_range,445.25,406.5312,8.7,384510123.48,,,,,,,570.4,
156.0,TORNTPHARM,NO SIGNAL,,False,42.4219,56.4376,0.7517,4965.5,4683.247,False,108.542437,true_range,4965.5,4639.8727,6.56,1403707344.22,,,,,,,5250.0,
157.0,JLHL,NO SIGNAL,,False,42.1056,77.4818,0.5434,279.15,285.0851,True,10.033199,true_range,279.15,249.0504,10.78,39840230.93,,,,,,,340.0,
158.0,SHRIRAMFIN,NO SIGNAL,,False,42.0324,68.136,0.6169,1028.6,1020.1675,False,27.528373,true_range,1028.6,946.0149,8.03,3812170506.28,,,,,,,1153.7,
159.0,POLYMED,NO SIGNAL,,False,42.0013,77.8624,0.5394,1738.5,1624.439,False,61.081056,true_range,1738.5,1555.2568,10.54,291806796.72,,,,,,,2107.8,
160.0,PFOCUS,NO SIGNAL,,False,41.0141,101.804,0.4029,310.85,270.9922,False,13.255511,true_range,310.85,271.0835,12.79,343404377.52,,,,,,,367.0,
161.0,GRANULES,NO SIGNAL,,False,40.8285,62.2386,0.656,909.3,807.061,False,26.240146,true_range,909.3,830.5796,8.66,1087157494.15,,,,,,,914.85,
162.0,EMCURE,NO SIGNAL,,False,40.5839,55.3832,0.7328,1978.9,1808.531,False,51.89666,true_range,1978.9,1823.21,7.87,248021689.59,,,,,,,2048.0,
163.0,ICICIBANK,NO SIGNAL,,False,40.3444,56.9078,0.7089,1379.3,1361.2,False,21.85955,true_range,1379.3,1313.7214,4.75,12658491732.3,,,,,,,1480.0,
164.0,MRPL,NO SIGNAL,,False,40.205,64.9617,0.6189,175.86,163.6553,False,7.631538,true_range,175.86,152.9654,13.02,2387928564.62,,,,,,,212.31,
165.0,HCG,NO SIGNAL,,False,39.6229,57.4237,0.69,693.9,655.0805,False,23.816883,true_range,693.9,622.4493,10.3,105122504.43,,,,,,,799.71,
166.0,AARTIDRUGS,NO SIGNAL,,False,39.4597,55.385,0.7125,428.5,396.5505,False,13.609614,true_range,428.5,387.6712,9.53,64178830.53,,,,,,,534.55,
167.0,CHALET,NO SIGNAL,,False,39.1208,55.8199,0.7008,877.25,819.1655,False,25.169713,true_range,877.25,801.7409,8.61,207805093.43,,,,,,,1070.1,
168.0,AUROPHARMA,NO SIGNAL,,False,38.9195,52.4594,0.7419,1679.8,1540.757,False,37.892326,true_range,1679.8,1566.123,6.77,1336305732.48,,,,,,,1717.0,
169.0,SHYAMMETL,NO SIGNAL,,False,37.3042,56.316,0.6624,1074.8,977.913,False,28.213368,true_range,1074.8,990.1599,7.87,502418502.41,,,,,,,1111.0,
170.0,INDIGO,NO SIGNAL,,False,37.0777,71.7777,0.5166,4973.0,4914.462,False,111.390664,true_range,4973.0,4638.828,6.72,3002748803.48,,,,,,,5970.0,
171.0,IFBIND,NO SIGNAL,,False,36.4402,69.0417,0.5278,1300.1,1276.9145,False,41.247034,true_range,1300.1,1176.3589,9.52,43751962.07,,,,,,,2019.8,
172.0,KRBL,NO SIGNAL,,False,36.3611,69.3803,0.5241,421.05,374.824,False,14.602069,true_range,421.05,377.2438,10.4,438372499.65,,,,,,,479.0,
173.0,CANHLIFE,NO SIGNAL,,False,36.3109,46.5259,0.7804,151.92,144.8704,False,5.470748,true_range,151.92,135.5078,10.8,179545143.32,,,,,,,166.69,
174.0,PNB,NO SIGNAL,,False,35.371,47.3671,0.7467,116.75,109.8707,False,2.180284,true_range,116.75,110.2091,5.6,1395078800.53,,,,,,,135.15,
175.0,CDSL,NO SIGNAL,,False,34.8038,54.9691,0.6332,1360.0,1314.91,False,32.040707,true_range,1360.0,1263.8779,7.07,1982986966.44,,,,,,,1673.7,
176.0,APLAPOLLO,NO SIGNAL,,False,34.7188,66.9603,0.5185,2153.5,1932.171,False,54.459003,true_range,2153.5,1990.123,7.59,1424326429.6,,,,,,,2301.4,
177.0,PIRAMALFIN,NO SIGNAL,,False,34.3981,52.1441,0.6597,2255.6,2067.066,False,63.769027,true_range,2255.6,2064.2929,8.48,944709081.69,,,,,,,2326.4,
178.0,PIDILITIND,NO SIGNAL,,False,33.9023,47.7354,0.7102,1566.9,1555.804,False,31.206852,true_range,1566.9,1473.2794,5.97,1120015302.72,,,,,,,1707.5,
179.0,QPOWER,NO SIGNAL,,False,33.7707,84.5816,0.3993,1426.5,1228.886,False,64.993877,true_range,1426.5,1231.5184,13.67,452074070.25,,,,,,,1570.0,
180.0,GODREJPROP,NO SIGNAL,,False,33.4203,72.107,0.4635,1748.0,1910.574,True,63.718561,true_range,1748.0,1556.8443,10.94,1348210908.04,,,,,,,2352.0,
181.0,HCLTECH,NO SIGNAL,,False,32.7647,64.771,0.5059,1206.1,1221.168,True,33.852759,true_range,1206.1,1104.5417,8.42,2709290270.5,,,,,,,1780.1,
182.0,UNIONBANK,NO SIGNAL,,False,32.7443,50.3059,0.6509,178.1,173.1774,False,4.641237,true_range,178.1,164.1763,7.82,1618453774.75,,,,,,,205.49,
183.0,EICHERMOT,NO SIGNAL,,False,31.5474,46.2642,0.6819,7530.0,7512.125,False,143.570994,true_range,7530.0,7099.287,5.72,3351257992.48,,,,,,,8230.0,
184.0,OBEROIRLTY,NO SIGNAL,,False,31.5011,54.4663,0.5784,1741.1,1768.838,True,46.292402,true_range,1741.1,1602.2228,7.98,1001759096.62,,,,,,,1986.1,
185.0,INDUSINDBK,NO SIGNAL,,False,31.4471,49.5756,0.6343,978.2,962.4145,False,20.594188,true_range,978.2,916.4174,6.32,1289151658.58,,,,,,,1077.85,
186.0,ASAHIINDIA,NO SIGNAL,,False,31.4184,46.1025,0.6815,985.8,890.4165,False,23.322241,true_range,985.8,915.8333,7.1,178692059.42,,,,,,,1074.0,
187.0,PCBL,NO SIGNAL,,False,31.3674,52.5157,0.5973,331.05,309.0509,False,10.865067,true_range,331.05,298.4548,9.85,564919518.47,,,,,,,425.95,
188.0,AGARWALEYE,NO SIGNAL,,False,31.2102,49.5286,0.6301,508.4,480.3565,False,15.589479,true_range,508.4,461.6316,9.2,235518030.62,,,,,,,568.0,
189.0,LXCHEM,NO SIGNAL,,False,30.7314,62.0956,0.4949,175.56,163.9804,False,6.944383,true_range,175.56,154.7268,11.87,158615112.88,,,,,,,241.0,
190.0,PNBHOUSING,NO SIGNAL,,False,29.9704,51.3054,0.5842,1178.9,1080.173,False,30.763428,true_range,1178.9,1086.6097,7.83,962979498.56,,,,,,,1211.5,
191.0,LTF,NO SIGNAL,,False,29.5977,56.4799,0.524,309.1,300.0348,False,8.443999,true_range,309.1,283.768,8.2,1462061263.51,,,,,,,338.6,
192.0,TECHM,NO SIGNAL,,False,29.5784,52.0339,0.5684,1541.0,1509.876,False,39.354702,true_range,1541.0,1422.9359,7.66,2932179548.44,,,,,,,1854.0,
193.0,ABB,NO SIGNAL,,False,29.5125,49.1534,0.6004,7274.0,7194.455,False,172.684033,true_range,7274.0,6755.9479,7.12,1230559667.15,,,,,,,7924.5,
194.0,PRESTIGE,NO SIGNAL,,False,29.1763,64.5796,0.4518,1498.0,1528.776,True,50.085518,true_range,1498.0,1347.7434,10.03,814175394.28,,,,,,,1805.2,
195.0,KFINTECH,NO SIGNAL,,False,28.8596,48.2447,0.5982,900.0,899.1445,False,25.513601,true_range,900.0,823.4592,8.5,973560914.82,,,,,,,1215.0,
196.0,KPRMILL,NO SIGNAL,,False,28.8301,63.6984,0.4526,1109.1,1065.6895,False,35.99729,true_range,1109.1,1001.1081,9.74,280182027.76,,,,,,,1334.0,
197.0,NUVAMA,NO SIGNAL,,False,28.5936,68.4638,0.4176,1737.2,1679.706,False,62.506544,true_range,1737.2,1549.6804,10.79,580516879.63,,,,,,,2066.0,
198.0,PERSISTENT,NO SIGNAL,,False,28.4847,58.6939,0.4853,5516.0,5159.569,False,157.842598,true_range,5516.0,5042.4722,8.58,2716657014.15,,,,,,,6599.0,
199.0,HAL,NO SIGNAL,,False,27.8134,49.6861,0.5598,4905.0,4570.665,False,105.45009,true_range,4905.0,4588.6497,6.45,4295336893.36,,,,,,,5149.9,
200.0,VOLTAMP,NO SIGNAL,,False,27.4277,54.0287,0.5077,11217.0,10052.75,False,387.988653,true_range,11217.0,10053.034,10.38,438512784.18,,,,,,,12863.0,
201.0,EPL,NO SIGNAL,,False,27.4201,49.8594,0.5499,239.3,232.6132,False,9.583911,true_range,239.3,210.5483,12.01,2532528845.19,,,,,,,274.03,
202.0,MOTILALOFS,NO SIGNAL,,False,26.6231,57.4845,0.4631,1026.5,912.4985,False,28.832155,true_range,1026.5,940.0035,8.43,1275902833.99,,,,,,,1097.1,
203.0,YATHARTH,NO SIGNAL,,False,26.5017,50.4671,0.5251,966.3,852.967,False,30.963179,true_range,966.3,873.4105,9.61,411643407.87,,,,,,,1024.85,
204.0,GNFC,NO SIGNAL,,False,25.6788,53.6112,0.479,562.4,528.745,False,15.304508,true_range,562.4,516.4865,8.16,420992908.04,,,,,,,619.0,
205.0,ZYDUSLIFE,NO SIGNAL,,False,25.5473,46.0521,0.5547,1119.1,1084.938,False,30.054049,true_range,1119.1,1028.9379,8.06,1519804032.58,,,,,,,1205.0,
206.0,ENDURANCE,NO SIGNAL,,False,25.1082,45.5721,0.551,2692.6,2693.222,True,76.377967,true_range,2692.6,2463.4661,8.51,342659641.46,,,,,,,3079.9,
207.0,HERITGFOOD,NO SIGNAL,,False,25.008,53.1974,0.4701,417.4,345.4275,False,13.756607,true_range,417.4,376.1302,9.89,337275554.5,,,,,,,540.0,
208.0,INDHOTEL,NO SIGNAL,,False,24.7669,42.3974,0.5842,718.5,700.6335,False,14.265635,true_range,718.5,675.7031,5.96,1072699674.55,,,,,,,792.55,
209.0,MANAPPURAM,NO SIGNAL,,False,24.5836,50.8777,0.4832,329.0,329.346,True,10.886069,true_range,329.0,296.3418,9.93,1817000248.04,,,,,,,381.55,
210.0,BAJAJHLDNG,NO SIGNAL,,False,24.1456,38.6716,0.6244,11134.0,10736.045,False,237.036364,true_range,11134.0,10422.8909,6.39,527731741.3,,,,,,,13880.0,
211.0,DATAPATTNS,NO SIGNAL,,False,24.1345,53.8826,0.4479,4829.2,4370.789,False,181.738153,true_range,4829.2,4283.9855,11.29,4134631980.34,,,,,,,5000.0,
212.0,BLACKBUCK,NO SIGNAL,,False,24.1294,44.7871,0.5388,628.15,560.583,False,20.69689,true_range,628.15,566.0593,9.88,471822034.79,,,,,,,748.0,
213.0,KIRLOSBROS,NO SIGNAL,,False,23.4819,55.4561,0.4234,1784.0,1818.689,True,52.191076,true_range,1784.0,1627.4268,8.78,64804389.5,,,,,,,2189.2,
214.0,GRASIM,NO SIGNAL,,False,23.2712,33.061,0.7039,3281.9,3127.117,False,64.393263,true_range,3281.9,3088.7202,5.89,3782856839.24,,,,,,,3411.1,
215.0,MAHSCOOTER,NO SIGNAL,,False,23.0464,39.0914,0.5896,12964.0,12850.1,False,339.90731,true_range,12964.0,11944.2781,7.87,48489602.25,,,,,,,18538.0,
216.0,TRIVENI,NO SIGNAL,,False,22.7357,68.0433,0.3341,255.4,256.2597,True,11.921454,true_range,255.4,219.6356,14.0,375115938.56,,,,,,,314.9,
217.0,INDGN,NO SIGNAL,,False,22.669,46.5425,0.4871,578.35,531.4685,False,16.54628,true_range,578.35,528.7112,8.58,404902804.51,,,,,,,615.5,
218.0,HSCL,NO SIGNAL,,False,22.5748,65.3164,0.3456,664.9,671.5485,True,24.668807,true_range,664.9,590.8936,11.13,5268386069.85,,,,,,,819.5,
219.0,FINCABLES,NO SIGNAL,,False,22.5456,71.8117,0.314,1424.0,1106.952,False,61.545675,true_range,1424.0,1239.363,12.97,1618525845.3,,,,,,,1498.0,
220.0,STARHEALTH,NO SIGNAL,,False,22.3269,45.2437,0.4935,562.7,558.057,False,15.587833,true_range,562.7,515.9365,8.31,177602441.94,,,,,,,624.9,
221.0,WOCKPHARMA,NO SIGNAL,,False,21.9294,62.175,0.3527,2179.4,1848.432,False,78.505834,true_range,2179.4,1943.8825,10.81,2203655144.86,,,,,,,2422.3,
222.0,LTM,NO SIGNAL,,False,21.657,57.1116,0.3792,4275.0,4213.258,False,128.621264,true_range,4275.0,3889.1362,9.03,1798106410.98,,,,,,,6429.5,
223.0,APOLLOHOSP,NO SIGNAL,,False,21.5925,32.3908,0.6666,8836.0,8526.505,False,149.590492,true_range,8836.0,8387.2285,5.08,2498399932.38,,,,,,,9050.0,
224.0,RAINBOW,NO SIGNAL,,False,21.5817,40.873,0.528,1444.9,1413.405,False,38.017638,true_range,1444.9,1330.8471,7.89,121732481.42,,,,,,,1610.0,
225.0,AFFLE,NO SIGNAL,,False,21.5144,46.6189,0.4615,1567.6,1530.307,False,52.862546,true_range,1567.6,1409.0124,10.12,610252322.92,,,,,,,2185.9,
226.0,APOLLOTYRE,NO SIGNAL,,False,21.1453,43.2414,0.489,417.65,420.888,True,10.127045,true_range,417.65,387.2689,7.27,362293253.79,,,,,,,540.5,
227.0,METROPOLIS,NO SIGNAL,,False,20.9723,35.1715,0.5963,585.5,548.578,False,16.977995,true_range,585.5,534.566,8.7,165169913.44,,,,,,,609.05,
228.0,SOUTHBANK,NO SIGNAL,,False,20.918,47.1661,0.4435,46.18,44.4396,False,1.119053,true_range,46.18,42.8228,7.27,373215077.44,,,,,,,49.9,
229.0,ASHOKLEY,NO SIGNAL,,False,20.8671,48.4585,0.4306,163.75,162.0815,False,4.296387,true_range,163.75,150.8608,7.87,2295102873.42,,,,,,,215.42,
230.0,EDELWEISS,NO SIGNAL,,False,20.7688,46.4533,0.4471,132.43,120.0389,False,5.730904,true_range,132.43,115.2373,12.98,1186798149.22,,,,,,,140.9,
231.0,NAM-INDIA,NO SIGNAL,,False,20.5697,37.6018,0.547,1189.6,1141.117,False,33.533319,true_range,1189.6,1089.0,8.46,1765949114.1,,,,,,,1269.5,
232.0,MPHASIS,NO SIGNAL,,False,20.5279,37.7533,0.5437,2295.0,2323.772,True,68.143641,true_range,2295.0,2090.5691,8.91,989228347.62,,,,,,,3037.2,
233.0,PICCADIL,NO SIGNAL,,False,20.3527,70.5603,0.2884,602.15,643.2765,True,25.294972,true_range,602.15,526.2651,12.6,148450778.52,,,,,,,809.7,
234.0,HEROMOTOCO,NO SIGNAL,,False,20.209,47.0441,0.4296,5221.5,5170.017,False,121.352928,true_range,5221.5,4857.4412,6.97,2928584207.82,,,,,,,6388.5,
235.0,AUBANK,NO SIGNAL,,False,19.5507,34.3841,0.5686,1058.9,1035.6295,False,22.912498,true_range,1058.9,990.1625,6.49,1537764979.9,,,,,,,1144.1,
236.0,APLLTD,NO SIGNAL,,False,19.3863,37.6928,0.5143,810.95,791.704,False,23.125736,true_range,810.95,741.5728,8.56,93471352.73,,,,,,,998.0,
237.0,SWIGGY,NO SIGNAL,,False,19.1959,43.073,0.4457,278.2,267.4503,False,9.165299,true_range,278.2,250.7041,9.88,6865218089.13,,,,,,,474.0,
238.0,SUMICHEM,NO SIGNAL,,False,18.8285,53.6213,0.3511,476.4,490.562,True,16.19937,true_range,476.4,427.8019,10.2,114987860.63,,,,,,,617.45,
239.0,SKIPPER,NO SIGNAL,,False,18.7621,50.1368,0.3742,551.55,528.465,False,24.78704,true_range,551.55,477.1889,13.48,969275266.77,,,,,,,616.8,
240.0,AARTIIND,NO SIGNAL,,False,18.4776,40.5408,0.4558,492.7,488.8435,False,15.565705,true_range,492.7,446.0029,9.48,427685361.14,,,,,,,551.75,
241.0,GOKEX,NO SIGNAL,,False,16.7596,53.6217,0.3126,785.5,767.7135,False,23.863027,true_range,785.5,713.9109,9.11,179793749.91,,,,,,,954.9,
242.0,HOMEFIRST,NO SIGNAL,,False,16.4036,37.9403,0.4324,1184.5,1162.174,False,35.632708,true_range,1184.5,1077.6019,9.02,216133997.46,,,,,,,1317.7,
243.0,TRAVELFOOD,NO SIGNAL,,False,16.3334,44.466,0.3673,1253.6,1280.054,True,43.74793,true_range,1253.6,1122.3562,10.47,92575971.64,,,,,,,1470.9,
244.0,CCAVENUE,NO SIGNAL,,False,15.9869,56.1463,0.2847,16.29,15.3257,False,0.615852,true_range,16.29,14.4424,11.34,188993088.59,,,,,,,20.5,
245.0,AVL,NO SIGNAL,,False,15.6556,47.8146,0.3274,616.45,590.581,False,20.43312,true_range,616.45,555.1506,9.94,148899751.92,,,,,,,705.0,
246.0,SIEMENS,NO SIGNAL,,False,15.5827,35.8386,0.4348,3957.0,3764.995,False,95.860999,true_range,3957.0,3669.417,7.27,1364334879.6,,,,,,,4149.4,
247.0,LGEINDIA,NO SIGNAL,,False,15.5027,29.2148,0.5306,1636.8,1575.114,False,39.722791,true_range,1636.8,1517.6316,7.28,1077189220.78,,,,,,,1755.0,
248.0,MEESHO,NO SIGNAL,,False,15.4098,46.0277,0.3348,217.08,189.8905,False,7.282722,true_range,217.08,195.2318,10.06,3563656257.12,,,,,,,254.4,
249.0,JUBLFOOD,NO SIGNAL,,False,15.1614,45.2231,0.3353,470.25,454.997,False,13.103592,true_range,470.25,430.9392,8.36,582998223.2,,,,,,,667.75,
250.0,KPIL,NO SIGNAL,,False,15.1108,32.5179,0.4647,1435.7,1326.529,False,37.705567,true_range,1435.7,1322.5833,7.88,225937053.22,,,,,,,1479.6,
251.0,EMMVEE,NO SIGNAL,,False,14.6519,53.2631,0.2751,346.0,314.7214,False,11.207237,true_range,346.0,312.3783,9.72,640002725.36,,,,,,,371.55,
252.0,HEXT,NO SIGNAL,,False,14.4177,39.3362,0.3665,497.05,524.8745,True,18.314354,true_range,497.05,442.1069,11.05,234552444.05,,,,,,,807.75,
253.0,THOMASCOOK,NO SIGNAL,,False,14.4119,44.1689,0.3263,108.63,102.9406,False,4.328741,true_range,108.63,95.6438,11.95,281630847.06,,,,,,,181.41,
254.0,ELGIEQUIP,NO SIGNAL,,False,14.2774,34.3823,0.4153,617.7,587.587,False,18.379567,true_range,617.7,562.5613,8.93,397396345.15,,,,,,,653.4,
255.0,TIMETECHNO,NO SIGNAL,,False,13.8282,44.0865,0.3137,180.8,186.5749,True,5.931958,true_range,180.8,163.0041,9.84,495277285.93,,,,,,,249.15,
256.0,SAGILITY,NO SIGNAL,,False,12.2621,32.6332,0.3758,45.2,42.247,False,1.277274,true_range,45.2,41.3682,8.48,1099138450.43,,,,,,,57.89,
257.0,BPCL,NO SIGNAL,,False,12.1863,26.1669,0.4657,304.5,307.996,True,7.402483,true_range,304.5,282.2925,7.29,1511095536.48,,,,,,,391.65,
258.0,LTFOODS,NO SIGNAL,,False,12.06,39.4687,0.3056,438.1,406.1125,False,13.73982,true_range,438.1,396.8805,9.41,1254477761.07,,,,,,,490.7,
259.0,GAIL,NO SIGNAL,,False,11.4693,23.3251,0.4917,173.62,170.5918,False,3.40851,true_range,173.62,163.3945,5.89,1110868597.79,,,,,,,186.87,
260.0,CREDITACC,NO SIGNAL,,False,11.4576,42.9287,0.2669,1424.2,1427.0,True,43.408074,true_range,1424.2,1293.9758,9.14,352487296.28,,,,,,,1634.0,
261.0,IKS,NO SIGNAL,,False,11.3905,32.3037,0.3526,1740.6,1732.176,False,54.17458,true_range,1740.6,1578.0763,9.34,229836925.79,,,,,,,1933.0,
262.0,VIYASH,NO SIGNAL,,False,11.1061,39.0221,0.2846,257.6,254.4264,False,9.334779,true_range,257.6,229.5957,10.87,2553893411.56,,,,,,,298.0,
263.0,ADANIENT,NO SIGNAL,,False,10.979,36.6775,0.2993,3060.0,2915.649,False,80.602805,true_range,3060.0,2818.1916,7.9,6304691452.76,,,,,,,3245.0,
264.0,BELRISE,NO SIGNAL,,False,10.5709,32.3929,0.3263,228.0,229.0288,True,6.761273,true_range,228.0,207.7162,8.9,880678041.15,,,,,,,268.2,
265.0,LLOYDSME,NO SIGNAL,,False,10.3821,34.5038,0.3009,1799.6,1823.133,True,49.373923,true_range,1799.6,1651.4782,8.23,579260256.17,,,,,,,2125.0,
266.0,BALUFORGE,NO SIGNAL,,False,10.2365,55.6027,0.1841,533.4,490.7255,False,25.380799,true_range,533.4,457.2576,14.27,1654404096.57,,,,,,,697.0,
267.0,JKPAPER,NO SIGNAL,,False,10.0922,33.0484,0.3054,414.25,376.556,False,13.469644,true_range,414.25,373.8411,9.75,231975226.72,,,,,,,444.8,
268.0,PHOENIXLTD,NO SIGNAL,,False,9.7412,35.5872,0.2737,1890.0,1889.682,False,44.857072,true_range,1890.0,1755.4288,7.12,754761179.01,,,,,,,2169.8,
269.0,CYIENT,NO SIGNAL,,False,9.7196,46.2305,0.2102,1059.4,905.56,False,37.358752,true_range,1059.4,947.3237,10.58,1786248935.74,,,,,,,1284.7,
270.0,ACUTAAS,NO SIGNAL,,False,9.6909,41.0461,0.2361,3383.7,3154.795,False,125.127514,true_range,3383.7,3008.3175,11.09,975996872.72,,,,,,,3740.0,
271.0,BEML,NO SIGNAL,,False,9.3206,32.7055,0.285,2023.4,1840.557,False,65.375519,true_range,2023.4,1827.2734,9.69,955769937.94,,,,,,,2275.75,
272.0,KOTAKBANK,NO SIGNAL,,False,9.065,23.4046,0.3873,419.0,391.998,False,7.136801,true_range,419.0,397.5896,5.11,5079220198.47,,,,,,,453.2,
273.0,ZENTEC,NO SIGNAL,,False,8.9396,34.8741,0.2563,1722.6,1750.939,True,62.881335,true_range,1722.6,1533.956,10.95,947242388.88,,,,,,,2043.7,
274.0,MAPMYINDIA,NO SIGNAL,,False,8.8962,53.0659,0.1676,925.8,971.5,True,38.892889,true_range,925.8,809.1213,12.6,190501247.31,,,,,,,1998.0,
275.0,M&M,NO SIGNAL,,False,8.5217,27.2535,0.3127,3107.0,3191.676,True,66.750718,true_range,3107.0,2906.7478,6.45,5561877213.47,,,,,,,3839.9,
276.0,PETRONET,NO SIGNAL,,False,8.3917,20.1117,0.4173,287.2,279.5931,False,6.019781,true_range,287.2,269.1407,6.29,561843151.65,,,,,,,326.4,
277.0,360ONE,NO SIGNAL,,False,8.2598,22.8368,0.3617,1091.0,1118.258,True,30.522272,true_range,1091.0,999.4332,8.39,961328693.58,,,,,,,1236.2,
278.0,SBIN,NO SIGNAL,,False,8.2194,22.9561,0.358,995.7,1027.1965,True,17.881067,true_range,995.7,942.0568,5.39,7478769700.12,,,,,,,1234.7,
279.0,SBICARD,NO SIGNAL,,False,8.0125,24.5159,0.3268,655.2,632.736,False,17.96394,true_range,655.2,601.3082,8.23,2248641712.6,,,,,,,965.0,
280.0,GREAVESCOT,NO SIGNAL,,False,7.8514,56.8912,0.138,192.25,199.1136,True,6.833866,true_range,192.25,171.7484,10.66,152664058.24,,,,,,,271.9,
281.0,PARKHOSPS,NO SIGNAL,,False,7.4342,28.0756,0.2648,279.3,274.1165,False,9.44678,true_range,279.3,250.9597,10.15,150480354.31,,,,,,,305.0,
282.0,3MINDIA,NO SIGNAL,,False,7.4133,26.2573,0.2823,32710.0,33637.85,True,754.279344,true_range,32710.0,30447.162,6.92,82353033.25,,,,,,,38030.0,
283.0,COROMANDEL,NO SIGNAL,,False,7.3904,28.2925,0.2612,1929.0,1969.794,True,46.520416,true_range,1929.0,1789.4388,7.23,255717831.0,,,,,,,2499.0,
284.0,BHEL,NO SIGNAL,,False,7.1362,22.5646,0.3163,431.0,403.4918,False,12.130361,true_range,431.0,394.6089,8.44,2923357114.61,,,,,,,446.5,
285.0,GODREJAGRO,NO SIGNAL,,False,7.0613,28.4563,0.2481,675.85,582.6625,False,20.660159,true_range,675.85,613.8695,9.17,692183767.6,,,,,,,759.5,
286.0,ABREL,NO SIGNAL,,False,6.9688,30.3357,0.2297,1281.6,1364.875,True,43.614533,true_range,1281.6,1150.7564,10.21,278745642.21,,,,,,,1965.3,
287.0,BALKRISIND,NO SIGNAL,,False,6.6144,30.0357,0.2202,2164.6,2231.179,True,70.629545,true_range,2164.6,1952.7114,9.79,1760917057.0,,,,,,,2775.0,
288.0,ABDL,NO SIGNAL,,False,6.5716,31.444,0.209,632.5,601.5645,False,20.507026,true_range,632.5,570.9789,9.73,187136703.93,,,,,,,711.7,
289.0,SUNPHARMA,NO SIGNAL,,False,6.4333,18.8338,0.3416,1840.0,1875.162,True,32.774307,true_range,1840.0,1741.6771,5.34,2891273866.55,,,,,,,2046.9,
290.0,SFL,NO SIGNAL,,False,6.2265,43.1999,0.1441,691.55,671.777,False,25.627483,true_range,691.55,614.6675,11.12,191759656.56,,,,,,,832.45,
291.0,LLOYDSENT,NO SIGNAL,,False,6.0316,30.7784,0.196,69.79,73.7482,True,2.688729,true_range,69.79,61.7238,11.56,197521781.03,,,,,,,84.7,
292.0,INDIANB,NO SIGNAL,,False,5.7619,19.3002,0.2985,853.5,850.534,False,20.143835,true_range,853.5,793.0685,7.08,889692725.73,,,,,,,1000.9,
293.0,PNGJL,NO SIGNAL,,False,5.7562,35.2273,0.1634,613.2,601.1015,False,20.570209,true_range,613.2,551.4894,10.06,310016808.98,,,,,,,736.4,
294.0,ARE&M,NO SIGNAL,,False,5.6295,24.3793,0.2309,813.9,876.119,True,22.031621,true_range,813.9,747.8051,8.12,346171316.0,,,,,,,1057.85,
295.0,SENCO,NO SIGNAL,,False,5.6045,31.0469,0.1805,346.4,351.819,True,13.807016,true_range,346.4,304.979,11.96,354857751.63,,,,,,,430.0,
296.0,PRIVISCL,NO SIGNAL,,False,5.4411,25.5583,0.2129,3556.1,3456.024,False,91.827556,true_range,3556.1,3280.6173,7.75,236891671.21,,,,,,,3785.3,
297.0,VGUARD,NO SIGNAL,,False,5.3704,22.9985,0.2335,323.7,316.5535,False,9.618066,true_range,323.7,294.8458,8.91,215916662.65,,,,,,,392.2,
298.0,MRF,NO SIGNAL,,False,5.3675,16.2553,0.3302,128290.0,130313.95,True,2047.794586,true_range,128290.0,122146.6162,4.79,497251586.0,,,,,,,163600.0,
299.0,CEATLTD,NO SIGNAL,,False,5.1147,28.6966,0.1782,3278.5,3460.724,True,79.680773,true_range,3278.5,3039.4577,7.29,174361271.09,,,,,,,4438.0,
300.0,CASTROLIND,NO SIGNAL,,False,4.7315,9.6769,0.4889,188.03,185.2435,False,2.429144,true_range,188.03,180.7426,3.88,345728185.66,,,,,,,210.75,
301.0,BHARATFORG,NO SIGNAL,,False,4.6818,23.6396,0.1981,1944.9,2033.756,True,53.134488,true_range,1944.9,1785.4965,8.2,1968251764.22,,,,,,,2295.0,
302.0,TVSSCS,NO SIGNAL,,False,4.678,28.4779,0.1643,130.49,127.5053,False,5.158434,true_range,130.49,115.0147,11.86,430452486.86,,,,,,,146.5,
303.0,SPLPETRO,NO SIGNAL,,False,4.5857,22.0546,0.2079,818.35,723.5325,False,25.937061,true_range,818.35,740.5388,9.51,246454480.55,,,,,,,979.0,
304.0,USHAMART,NO SIGNAL,,False,4.5818,16.2849,0.2814,494.5,490.1805,False,13.627312,true_range,494.5,453.6181,8.27,408946744.52,,,,,,,529.3,
305.0,SBFC,NO SIGNAL,,False,4.4736,16.3529,0.2736,98.19,93.5363,False,2.835108,true_range,98.19,89.6847,8.66,295275580.63,,,,,,,123.0,
306.0,GRAVITA,NO SIGNAL,,False,4.1591,21.8175,0.1906,1668.2,1709.703,True,50.931024,true_range,1668.2,1515.4069,9.16,317576075.66,,,,,,,1913.6,
307.0,ASTERDM,NO SIGNAL,,False,3.998,20.097,0.1989,763.05,776.918,True,22.207019,true_range,763.05,696.4289,8.73,4633930877.85,,,,,,,891.3,
308.0,ENGINERSIN,NO SIGNAL,,False,3.9383,25.716,0.1531,268.95,243.4385,False,9.242903,true_range,268.95,241.2213,10.31,1598422955.18,,,,,,,289.65,
309.0,GAEL,NO SIGNAL,,False,3.9324,24.2954,0.1619,163.08,162.1321,False,6.364464,true_range,163.08,143.9866,11.71,185229145.41,,,,,,,184.99,
310.0,ADANIENSOL,NO SIGNAL,,False,3.8838,30.8012,0.1261,1373.0,1518.4635,True,51.788065,true_range,1373.0,1217.6358,11.32,6156939886.75,,,,,,,1789.0,
311.0,CRAMC,NO SIGNAL,,False,3.8013,16.3482,0.2325,238.9,253.7945,True,6.478472,true_range,238.9,219.4646,8.14,94719302.32,,,,,,,353.4,
312.0,POLICYBZR,NO SIGNAL,,False,3.6944,25.5286,0.1447,1797.3,1670.68,False,49.575215,true_range,1797.3,1648.5744,8.27,1961817008.9,,,,,,,1964.2,
313.0,APOLLO,NO SIGNAL,,False,3.6155,32.6155,0.1109,422.25,382.5862,False,13.000626,true_range,422.25,383.2481,9.24,2338018879.68,,,,,,,466.5,
314.0,TANLA,NO SIGNAL,,False,3.587,25.3636,0.1414,502.8,545.4215,True,19.754784,true_range,502.8,443.5356,11.79,276830127.51,,,,,,,766.0,
315.0,GLENMARK,NO SIGNAL,,False,3.4778,19.0852,0.1822,2419.2,2291.005,False,57.659573,true_range,2419.2,2246.2213,7.15,1226489785.72,,,,,,,2537.6,
316.0,DYNAMATECH,NO SIGNAL,,False,3.3774,21.9475,0.1539,12097.0,10968.775,False,454.455854,true_range,12097.0,10733.6324,11.27,201167868.05,,,,,,,12875.0,
317.0,ESCORTS,NO SIGNAL,,False,3.352,17.2138,0.1947,2899.7,2992.304,True,63.338018,true_range,2899.7,2709.6859,6.55,181118532.97,,,,,,,3987.8,
318.0,EQUITASBNK,NO SIGNAL,,False,3.1082,20.1082,0.1546,73.15,73.9228,True,1.996687,true_range,73.15,67.1599,8.19,119197712.15,,,,,,,83.9,
319.0,ZFCVINDIA,NO SIGNAL,,False,3.0888,18.3649,0.1682,2548.2,2482.1773,False,71.111149,true_range,2548.2,2334.8666,8.37,254232115.46,,,,,,,3044.0,
320.0,CONCOR,NO SIGNAL,,False,3.0341,20.9473,0.1448,499.25,495.5395,False,12.01078,true_range,499.25,463.2177,7.22,582033281.85,,,,,,,569.8,
321.0,ZYDUSWELL,NO SIGNAL,,False,2.9388,23.411,0.1255,552.0,529.619,False,18.154168,true_range,552.0,497.5375,9.87,333401628.16,,,,,,,611.85,
322.0,HAPPSTMNDS,NO SIGNAL,,False,2.9032,25.8967,0.1121,332.35,374.364,True,16.448671,true_range,332.35,283.004,14.85,1196468429.91,,,,,,,583.4,
323.0,RITES,NO SIGNAL,,False,2.8324,16.7163,0.1694,209.15,215.8206,True,4.901323,true_range,209.15,194.446,7.03,63466260.71,,,,,,,280.9,
324.0,DALBHARAT,NO SIGNAL,,False,2.6965,16.0176,0.1683,1746.6,1796.398,True,51.051557,true_range,1746.6,1593.4453,8.77,543173460.77,,,,,,,2496.3,
325.0,CARBORUNIV,NO SIGNAL,,False,2.6384,18.3947,0.1434,1075.2,1078.022,True,41.621645,true_range,1075.2,950.3351,11.61,240890972.95,,,,,,,1306.9,
326.0,J&KBANK,NO SIGNAL,,False,2.2846,27.6031,0.0828,145.27,152.5644,True,4.791363,true_range,145.27,130.8959,9.89,294261270.33,,,,,,,201.75,
327.0,BHARTIARTL,NO SIGNAL,,False,2.2491,12.7137,0.1769,1831.1,1881.658,True,33.929325,true_range,1831.1,1729.312,5.56,10710685482.2,,,,,,,2174.5,
328.0,BHARTIHEXA,NO SIGNAL,,False,2.229,15.5125,0.1437,1545.0,1539.059,False,42.338582,true_range,1545.0,1417.9843,8.22,128082298.89,,,,,,,1955.6,
329.0,GPPL,NO SIGNAL,,False,2.121,13.8587,0.153,161.32,155.7767,False,4.002613,true_range,161.32,149.3122,7.44,352732659.43,,,,,,,200.09,
330.0,IDEA,NO SIGNAL,,False,2.0717,21.4361,0.0966,14.97,13.5353,False,0.49194,true_range,14.97,13.4942,9.86,7396147948.26,,,,,,,15.79,
331.0,NUVOCO,NO SIGNAL,,False,1.942,16.947,0.1146,330.15,325.7895,False,10.29698,true_range,330.15,299.2591,9.36,123918578.93,,,,,,,467.0,
332.0,SUNDARMFIN,NO SIGNAL,,False,1.8086,13.8444,0.1306,4710.7,4524.025,False,108.13684,true_range,4710.7,4386.2895,6.89,198312190.03,,,,,,,5642.0,
333.0,TSFINV,NO SIGNAL,,False,1.7694,19.625,0.0902,437.25,422.151,False,13.580363,true_range,437.25,396.5089,9.32,25507586.83,,,,,,,701.5,
334.0,RELIGARE,NO SIGNAL,,False,1.4854,18.9972,0.0782,256.81,243.4209,False,7.92267,true_range,256.81,233.042,9.26,335366523.68,,,,,,,280.0,
335.0,CLEAN,NO SIGNAL,,False,1.4372,15.3094,0.0939,842.05,791.825,False,24.682536,true_range,842.05,768.0024,8.79,298996197.26,,,,,,,1212.0,
336.0,CIPLA,NO SIGNAL,,False,1.2965,10.0143,0.1295,1366.0,1405.518,True,23.475407,true_range,1366.0,1295.5738,5.16,1099065804.59,,,,,,,1673.0,
337.0,TITAGARH,NO SIGNAL,,False,1.0406,13.4331,0.0775,842.15,836.318,False,27.682436,true_range,842.15,759.1027,9.86,542674066.4,,,,,,,971.0,
338.0,DATAMATICS,NO SIGNAL,,False,0.949,13.1261,0.0723,760.2,801.0665,True,25.542278,true_range,760.2,683.5732,10.08,49920049.56,,,,,,,1010.0,
339.0,JAMNAAUTO,NO SIGNAL,,False,0.9348,15.5453,0.0601,135.46,126.9712,False,4.262045,true_range,135.46,122.6739,9.44,206818571.16,,,,,,,152.6,
340.0,TEJASNET,NO SIGNAL,,False,0.877,19.1489,0.0458,552.65,527.184,False,24.72017,true_range,552.65,478.4895,13.42,3123562946.66,,,,,,,644.75,
341.0,HAVELLS,NO SIGNAL,,False,0.8243,10.9896,0.075,1111.0,1214.097,True,27.16144,true_range,1111.0,1029.5157,7.33,1053321364.88,,,,,,,1621.1,
342.0,NESTLEIND,NO SIGNAL,,False,0.6748,8.3493,0.0808,1383.3,1443.837,True,30.322131,true_range,1383.3,1292.3336,6.58,1964222260.2,,,,,,,1553.0,
343.0,KIMS,NO SIGNAL,,False,0.6091,8.9228,0.0683,768.95,773.2945,True,19.528775,true_range,768.95,710.3637,7.62,385321413.83,,,,,,,858.0,
344.0,ITCHOTELS,NO SIGNAL,,False,0.5977,12.7808,0.0468,153.69,163.947,True,3.609045,true_range,153.69,142.8629,7.04,210110230.1,,,,,,,251.23,
345.0,AIAENG,NO SIGNAL,,False,0.5884,14.5338,0.0405,4096.6,4407.307,True,117.23858,true_range,4096.6,3744.8843,8.59,174643205.94,,,,,,,5180.0,
346.0,MARICO,NO SIGNAL,,False,0.5507,6.8162,0.0808,802.1,832.3755,True,15.84732,true_range,802.1,754.558,5.93,1326433810.83,,,,,,,889.1,
347.0,JIOFIN,NO SIGNAL,,False,0.5324,8.362,0.0637,229.9,241.4454,True,4.747657,true_range,229.9,215.657,6.2,2542967027.61,,,,,,,321.6,
348.0,JSL,NO SIGNAL,,False,0.4808,8.1389,0.0591,756.1,724.9755,False,19.951159,true_range,756.1,696.2465,7.92,657644399.92,,,,,,,884.0,
349.0,DEEPAKFERT,NO SIGNAL,,False,0.4804,13.6203,0.0353,1320.4,1460.02,True,44.200067,true_range,1320.4,1187.7998,10.04,351034167.22,,,,,,,1681.0,
350.0,JUBLINGREA,NO SIGNAL,,False,0.4602,12.7789,0.036,658.4,698.698,True,21.24277,true_range,658.4,594.6717,9.68,188090737.66,,,,,,,795.0,
351.0,TCS,NO SIGNAL,,False,0.4547,10.6597,0.0427,2200.8,2277.473,True,57.807173,true_range,2200.8,2027.3785,7.88,5620889437.32,,,,,,,3350.0,
352.0,TRENT,NO SIGNAL,,False,0.3929,10.4352,0.0377,2802.4,2917.4842,True,60.974385,true_range,2802.4,2619.4768,6.53,1780845684.98,,,,,,,3703.69,
353.0,COHANCE,NO SIGNAL,,False,0.3862,8.2395,0.0469,440.2,441.105,True,16.450324,true_range,440.2,390.849,11.21,574547391.58,,,,,,,1038.9,
354.0,JSWSTEEL,NO SIGNAL,,False,0.3796,5.9477,0.0638,1265.0,1276.29,True,25.754118,true_range,1265.0,1187.7376,6.11,2176383397.32,,,,,,,1351.0,
355.0,MIDHANI,NO SIGNAL,,False,0.3721,8.3672,0.0445,447.4,417.0725,False,17.439504,true_range,447.4,395.0815,11.69,1357777465.14,,,,,,,482.4,
356.0,BLUEDART,NO SIGNAL,,False,0.2862,7.2243,0.0396,4830.9,5020.172,True,105.543828,true_range,4830.9,4514.2685,6.55,39972807.54,,,,,,,7036.0,
357.0,EIDPARRY,NO SIGNAL,,False,0.262,7.8485,0.0334,721.05,775.6985,True,24.57555,true_range,721.05,647.3233,10.22,688039029.21,,,,,,,1119.0,
358.0,EIEL,NO SIGNAL,,False,0.2361,11.3657,0.0208,207.11,207.7997,True,7.608469,true_range,207.11,184.2846,11.02,320469839.16,,,,,,,276.1,
359.0,LICI,NO SIGNAL,,False,0.2293,6.5852,0.0348,404.1,414.5157,True,8.394971,true_range,404.1,378.9151,6.23,3388070645.83,,,,,,,468.48,
360.0,GROWW,NO SIGNAL,,False,0.2077,6.1119,0.034,200.24,198.1179,False,5.542946,true_range,200.24,183.6112,8.3,9545754797.8,,,,,,,227.2,
361.0,FEDFINA,NO SIGNAL,,False,0.1069,4.4539,0.024,158.53,154.4616,False,5.033652,true_range,158.53,143.429,9.53,136310845.01,,,,,,,178.48,
362.0,IXIGO,NO SIGNAL,,False,0.0829,9.4273,0.0088,158.63,178.6099,True,6.728511,true_range,158.63,138.4445,12.72,189823199.99,,,,,,,339.15,
363.0,HDBFS,NO SIGNAL,,False,0.0714,5.3418,0.0134,669.2,689.5895,True,15.116927,true_range,669.2,623.8492,6.78,529539128.53,,,,,,,801.1,
364.0,LTTS,NO SIGNAL,,False,0.0569,4.8227,0.0118,3337.4,3458.126,True,91.810223,true_range,3337.4,3061.9693,8.25,325065478.59,,,,,,,4726.0,
365.0,TEXRAIL,NO SIGNAL,,False,0.0508,4.5421,0.0112,117.81,110.1795,False,3.918667,true_range,117.81,106.054,9.98,287943703.8,,,,,,,153.0,
366.0,GOKULAGRO,NO SIGNAL,,False,0.0397,4.6039,0.0086,226.76,227.4006,True,8.140498,true_range,226.76,202.3385,10.77,186696032.0,,,,,,,259.8,
367.0,MAHSEAMLES,NO SIGNAL,,False,0.0372,4.6311,0.008,728.9,622.5585,False,22.564221,true_range,728.9,661.2073,9.29,321285659.62,,,,,,,738.0,
368.0,SAMHI,NO SIGNAL,,False,0.0286,4.7297,0.006,157.07,164.7192,True,5.505412,true_range,157.07,140.5538,10.52,224981708.0,,,,,,,220.82,
369.0,ULTRACEMCO,NO SIGNAL,,False,0.0274,2.7803,0.0098,11000.0,11582.77,True,195.664312,true_range,11000.0,10413.0071,5.34,2824170600.0,,,,,,,13110.0,
370.0,MARUTI,NO SIGNAL,,False,0.0242,3.0644,0.0079,12400.0,13482.14,True,240.920177,true_range,12400.0,11677.2395,5.83,4682258362.55,,,,,,,17370.0,
371.0,TIPSMUSIC,NO SIGNAL,,False,0.0189,2.6542,0.0071,661.55,659.942,False,21.173168,true_range,661.55,598.0305,9.6,132831062.34,,,,,,,741.0,
372.0,OIL,NO SIGNAL,,False,0.0177,4.1702,0.0042,489.8,461.9645,False,13.29576,true_range,489.8,449.9127,8.14,1205953800.65,,,,,,,531.0,
373.0,PFIZER,NO SIGNAL,,False,0.0134,2.7576,0.0048,4060.2,4662.454,True,110.480966,true_range,4060.2,3728.7571,8.16,359331817.96,,,,,,,5578.5,
374.0,BANKINDIA,NO SIGNAL,,False,0.0116,1.6491,0.007,140.0,142.6427,True,3.137849,true_range,140.0,130.5865,6.72,778222526.06,,,,,,,178.36,
375.0,ZEEL,NO SIGNAL,,False,0.0113,4.7034,0.0024,79.36,98.9136,True,4.792819,true_range,79.36,64.9815,18.12,2826495053.41,,,,,,,121.8,
376.0,CCL,NO SIGNAL,,False,0.0083,2.3346,0.0036,1081.0,1135.482,True,31.290383,true_range,1081.0,987.1288,8.68,173206091.48,,,,,,,1242.2,
377.0,MCX,NO SIGNAL,,False,0.0072,3.5223,0.002,3276.0,2968.943,False,100.670565,true_range,3276.0,2973.9883,9.22,7485362774.38,,,,,,,3480.0,
378.0,KEI,NO SIGNAL,,False,0.0045,2.4156,0.0018,4578.0,5225.201,True,181.874591,true_range,4578.0,4032.3762,11.92,3207757791.77,,,,,,,5899.0,
379.0,LT,NO SIGNAL,,False,0.002,1.1182,0.0018,3930.7,3997.827,True,59.066053,true_range,3930.7,3753.5018,4.51,5238137949.77,,,,,,,4440.0,
380.0,MAHABANK,NO SIGNAL,,False,0.0016,1.4688,0.0011,84.2,82.2184,False,2.23761,true_range,84.2,77.4872,7.97,1388217482.66,,,,,,,94.5,
381.0,GMRAIRPORT,NO SIGNAL,,False,0.0013,1.6164,0.0008,97.98,102.8478,True,2.383809,true_range,97.98,90.8286,7.3,1237155130.38,,,,,,,115.64,
382.0,CGPOWER,NO SIGNAL,,False,0.0005,0.9053,0.0005,909.0,888.8485,False,23.286263,true_range,909.0,839.1412,7.69,2223467629.11,,,,,,,980.9,
383.0,VAIBHAVGBL,NO SIGNAL,,False,0.0002,0.9095,0.0002,212.58,233.6278,True,7.358778,true_range,212.58,190.5037,10.38,51860608.62,,,,,,,293.25,
384.0,BRITANNIA,NO SIGNAL,,False,0.0001,0.4206,0.0002,4962.0,5365.685,True,100.682356,true_range,4962.0,4659.9529,6.09,1435559887.35,,,,,,,6319.5,
385.0,OLECTRA,NO SIGNAL,,False,0.0001,0.8228,0.0002,1209.5,1320.569,True,39.093883,true_range,1209.5,1092.2184,9.7,467330597.32,,,,,,,1714.2,
386.0,AADHARHFC,NO SIGNAL,,False,0.0,0.1433,0.0,456.8,492.1905,True,12.940939,true_range,456.8,417.9772,8.5,157227648.28,,,,,,,563.0,
387.0,CERA,NO SIGNAL,,False,0.0,0.2983,0.0,5587.5,5909.63,True,141.980822,true_range,5587.5,5161.5575,7.62,34229822.12,,,,,,,6740.0,
388.0,DELHIVERY,NO SIGNAL,,False,-0.0,-0.0526,0.0,439.0,466.641,True,11.192928,true_range,439.0,405.4212,7.65,728342041.49,,,,,,,524.0,
389.0,MAXHEALTH,NO SIGNAL,,False,-0.0,-0.4189,0.0001,1037.7,1044.5565,True,25.456039,true_range,1037.7,961.3319,7.36,1938943251.76,,,,,,,1221.9,
390.0,MAZDOCK,NO SIGNAL,,False,-0.0,-0.1084,0.0,2339.0,2486.475,True,60.55134,true_range,2339.0,2157.346,7.77,1653445438.5,,,,,,,3061.4,
391.0,MGL,NO SIGNAL,,False,0.0,0.1914,0.0,1084.3,1114.3835,True,27.996116,true_range,1084.3,1000.3117,7.75,288483755.63,,,,,,,1378.0,
392.0,NH,NO SIGNAL,,False,0.0,0.2765,0.0001,1869.2,1905.577,True,43.482282,true_range,1869.2,1738.7532,6.98,446868375.77,,,,,,,2093.3,
393.0,RENUKA,NO SIGNAL,,False,-0.0,-0.3922,0.0001,24.87,23.7956,False,1.06545,true_range,24.87,21.6736,12.85,867278110.17,,,,,,,33.3,
394.0,SUPREMEIND,NO SIGNAL,,False,-0.0,-0.0001,0.0,3364.4,3503.469,True,89.043546,true_range,3364.4,3097.2694,7.94,730097350.06,,,,,,,4632.0,
395.0,PURVA,NO SIGNAL,,False,-0.0014,-1.0997,0.0013,212.06,217.0802,True,7.995337,true_range,212.06,188.074,11.31,519564757.94,,,,,,,289.55,
396.0,JSWCEMENT,NO SIGNAL,,False,-0.0057,-2.1052,0.0027,118.87,129.2196,True,2.621207,true_range,118.87,111.0064,6.62,134228393.59,,,,,,,153.45,
397.0,BAJAJELEC,NO SIGNAL,,False,-0.0065,-2.8893,0.0023,335.3,344.4145,True,10.86593,true_range,335.3,302.7022,9.72,54471335.79,,,,,,,653.8,
398.0,BORORENEW,NO SIGNAL,,False,-0.0067,-3.2762,0.002,495.65,551.927,True,15.607917,true_range,495.65,448.8262,9.45,207267941.52,,,,,,,721.0,
399.0,RAMCOCEM,NO SIGNAL,,False,-0.007,-1.8227,0.0039,866.65,911.109,True,24.007681,true_range,866.65,794.627,8.31,235998583.38,,,,,,,1214.5,
400.0,NIVABUPA,NO SIGNAL,,False,-0.0082,-1.7842,0.0046,79.93,83.4926,True,1.894166,true_range,79.93,74.2475,7.11,48424294.26,,,,,,,91.4,
401.0,SUBROS,NO SIGNAL,,False,-0.0111,-3.3059,0.0034,703.75,766.1475,True,19.507134,true_range,703.75,645.2286,8.32,26806352.16,,,,,,,1213.7,
402.0,VIPIND,NO SIGNAL,,False,-0.0131,-2.2632,0.0058,300.1,306.034,True,9.808352,true_range,300.1,270.6749,9.81,121261029.12,,,,,,,454.3,
403.0,BAJAJHFL,NO SIGNAL,,False,-0.0152,-1.8807,0.0081,84.11,85.7561,True,1.445643,true_range,84.11,79.7731,5.16,236852375.27,,,,,,,117.0,
404.0,BANCOINDIA,NO SIGNAL,,False,-0.0162,-2.9629,0.0055,615.0,639.991,True,16.095417,true_range,615.0,566.7137,7.85,64400322.59,,,,,,,879.8,
405.0,REFEX,NO SIGNAL,,False,-0.0172,-4.8661,0.0035,273.55,300.6464,True,10.040579,true_range,273.55,243.4283,11.01,71915205.22,,,,,,,415.0,
406.0,BERGEPAINT,NO SIGNAL,,False,-0.0313,-3.565,0.0088,458.05,506.8,True,13.569949,true_range,458.05,417.3402,8.89,137808798.22,,,,,,,594.55,
407.0,YESBANK,NO SIGNAL,,False,-0.0388,-3.6204,0.0107,23.48,22.7984,False,0.460677,true_range,23.48,22.098,5.89,1341171554.47,,,,,,,25.78,
408.0,SCHNEIDER,NO SIGNAL,,False,-0.0422,-6.1408,0.0069,1227.0,1286.658,True,56.112164,true_range,1227.0,1058.6635,13.72,560122113.1,,,,,,,1548.0,
409.0,ASIANPAINT,NO SIGNAL,,False,-0.0449,-3.1769,0.0141,2472.5,2642.816,True,48.977117,true_range,2472.5,2325.5686,5.94,1452217522.7,,,,,,,2985.7,
410.0,SUNTECK,NO SIGNAL,,False,-0.0563,-4.9476,0.0114,288.0,309.5365,True,8.042655,true_range,288.0,263.872,8.38,45831838.72,,,,,,,473.0,
411.0,NHPC,NO SIGNAL,,False,-0.0653,-3.5374,0.0185,76.38,78.1798,True,1.487771,true_range,76.38,71.9167,5.84,708368432.65,,,,,,,89.22,
412.0,PREMIERENE,NO SIGNAL,,False,-0.0679,-4.1494,0.0164,974.2,1032.827,True,27.6677,true_range,974.2,891.1969,8.52,1070527558.16,,,,,,,1134.0,
413.0,BDL,NO SIGNAL,,False,-0.0693,-5.4972,0.0126,1190.0,1308.844,True,36.660286,true_range,1190.0,1080.0191,9.24,1906163293.87,,,,,,,1654.0,
414.0,OLAELEC,NO SIGNAL,,False,-0.0799,-7.1595,0.0112,38.54,39.4536,True,1.679201,true_range,38.54,33.5024,13.07,2098521650.17,,,,,,,64.35,
415.0,DEEPAKNTR,NO SIGNAL,,False,-0.0892,-5.3437,0.0167,1587.8,1705.008,True,51.774558,true_range,1587.8,1432.4763,9.78,624417459.8,,,,,,,1904.4,
416.0,ABBOTINDIA,NO SIGNAL,,False,-0.0934,-4.6249,0.0202,25550.0,26705.1,True,473.457077,true_range,25550.0,24129.6288,5.56,199474946.0,,,,,,,31645.0,
417.0,SAFARI,NO SIGNAL,,False,-0.1022,-5.1913,0.0197,1544.7,1543.999,False,42.784457,true_range,1544.7,1416.3466,8.31,43973841.02,,,,,,,2507.1,
418.0,ARVINDFASN,NO SIGNAL,,False,-0.1062,-4.6029,0.0231,446.5,456.3645,True,13.138713,true_range,446.5,407.0839,8.83,100021115.71,,,,,,,579.0,
419.0,BIOCON,NO SIGNAL,,False,-0.1125,-4.7307,0.0238,390.65,412.4715,True,9.108072,true_range,390.65,363.3258,6.99,1178481808.0,,,,,,,447.15,
420.0,JMFINANCIL,NO SIGNAL,,False,-0.1244,-5.5975,0.0222,124.47,128.5214,True,3.913601,true_range,124.47,112.7292,9.43,344204261.66,,,,,,,195.6,
421.0,UBL,NO SIGNAL,,False,-0.1314,-4.9588,0.0265,1256.1,1364.466,True,31.455542,true_range,1256.1,1161.7334,7.51,177923489.73,,,,,,,1847.9,
422.0,UCOBANK,NO SIGNAL,,False,-0.1443,-5.3864,0.0268,24.12,25.9793,True,0.487253,true_range,24.12,22.6582,6.06,98558340.4,,,,,,,34.2,
423.0,ALKEM,NO SIGNAL,,False,-0.1566,-4.9023,0.0319,5087.5,5453.525,True,106.426836,true_range,5087.5,4768.2195,6.28,628808506.67,,,,,,,5933.5,
424.0,DOMS,NO SIGNAL,,False,-0.1648,-4.7531,0.0347,2121.0,2253.191,True,44.692144,true_range,2121.0,1986.9236,6.32,88327276.16,,,,,,,2755.0,
425.0,SHREECEM,NO SIGNAL,,False,-0.1654,-6.7483,0.0245,22570.0,25178.2,True,526.961867,true_range,22570.0,20989.1144,7.0,601374641.5,,,,,,,30660.0,
426.0,JKCEMENT,NO SIGNAL,,False,-0.1841,-6.9048,0.0267,4843.5,5345.48,True,126.884687,true_range,4843.5,4462.8459,7.86,177116550.5,,,,,,,7000.0,
427.0,JKTYRE,NO SIGNAL,,False,-0.1874,-6.7095,0.0279,353.95,390.79,True,8.263648,true_range,353.95,329.1591,7.0,141677071.61,,,,,,,611.9,
428.0,CENTURYPLY,NO SIGNAL,,False,-0.2069,-4.6716,0.0443,717.05,767.987,True,18.667088,true_range,717.05,661.0487,7.81,39186312.91,,,,,,,859.0,
429.0,RHIM,NO SIGNAL,,False,-0.2409,-7.1078,0.0339,375.8,390.123,True,11.140701,true_range,375.8,342.3779,8.89,89919039.58,,,,,,,508.3,
430.0,ZENSARTECH,NO SIGNAL,,False,-0.2681,-9.2255,0.0291,425.25,488.556,True,15.524798,true_range,425.25,378.6756,10.95,335369369.68,,,,,,,868.95,
431.0,ROUTE,NO SIGNAL,,False,-0.2867,-7.7492,0.037,493.55,528.6645,True,15.424947,true_range,493.55,447.2752,9.38,88767370.77,,,,,,,890.4,
432.0,MANKIND,NO SIGNAL,,False,-0.3122,-6.7587,0.0462,2280.0,2423.479,True,53.178478,true_range,2280.0,2120.4646,7.0,746471530.68,,,,,,,2674.0,
433.0,HCC,NO SIGNAL,,False,-0.3405,-12.2511,0.0278,22.73,22.8054,True,0.948033,true_range,22.73,19.8859,12.51,995637926.18,,,,,,,28.5,
434.0,TEGA,NO SIGNAL,,False,-0.3609,-9.6461,0.0374,1729.1,1661.567,False,65.257531,true_range,1729.1,1533.3274,11.32,545114286.34,,,,,,,2125.0,
435.0,FIEMIND,NO SIGNAL,,False,-0.3799,-9.8233,0.0387,2009.5,2252.235,True,66.854321,true_range,2009.5,1808.937,9.98,156111846.35,,,,,,,2674.8,
436.0,ATLANTAELE,NO SIGNAL,,False,-0.3923,-12.1019,0.0324,1777.8,1750.526,False,82.589416,true_range,1777.8,1530.0318,13.94,319185393.13,,,,,,,2152.6,
437.0,IOC,NO SIGNAL,,False,-0.3976,-5.5859,0.0712,135.11,140.3708,True,2.536101,true_range,135.11,127.5017,5.63,997244839.65,,,,,,,188.96,
438.0,IOB,NO SIGNAL,,False,-0.4268,-5.4793,0.0779,33.07,33.8955,True,0.584061,true_range,33.07,31.3178,5.3,69672495.13,,,,,,,41.8,
439.0,ABSLAMC,NO SIGNAL,,False,-0.4324,-10.4491,0.0414,1109.9,1064.7135,False,33.742294,true_range,1109.9,1008.6731,9.12,234373135.36,,,,,,,1224.9,
440.0,ASTRAL,NO SIGNAL,,False,-0.4388,-9.6826,0.0453,1411.4,1489.748,True,35.332979,true_range,1411.4,1305.4011,7.51,1695912939.21,,,,,,,1768.7,
441.0,AWL,NO SIGNAL,,False,-0.4618,-6.9889,0.0661,185.02,192.4802,True,4.75831,true_range,185.02,170.7451,7.72,643776905.57,,,,,,,282.9,
442.0,INFY,NO SIGNAL,,False,-0.5497,-10.4918,0.0524,1037.7,1128.267,True,28.799367,true_range,1037.7,951.3019,8.33,9029902529.43,,,,,,,1728.0,
443.0,MSUMI,NO SIGNAL,,False,-0.6013,-9.6379,0.0624,36.3,39.4384,True,0.914313,true_range,36.3,33.5571,7.56,342552908.4,,,,,,,53.59,
444.0,HINDCOPPER,NO SIGNAL,,False,-0.6089,-11.8945,0.0512,514.5,526.5065,True,19.547498,true_range,514.5,455.8575,11.4,8782469719.62,,,,,,,760.05,
445.0,INOXGREEN,NO SIGNAL,,False,-0.8451,-13.2243,0.0639,178.21,183.7777,True,7.586323,true_range,178.21,155.451,12.77,218778324.91,,,,,,,279.0,
446.0,ENRIN,NO SIGNAL,,False,-0.8493,-13.8643,0.0613,3181.3,3402.685,True,105.59416,true_range,3181.3,2864.5175,9.96,1334716217.33,,,,,,,3968.0,
447.0,APTUS,NO SIGNAL,,False,-0.8494,-12.2343,0.0694,249.11,267.268,True,7.341664,true_range,249.11,227.085,8.84,322924349.75,,,,,,,353.25,
448.0,PAGEIND,NO SIGNAL,,False,-0.8504,-12.738,0.0668,35365.0,38399.05,True,865.415329,true_range,35365.0,32768.754,7.34,883571891.5,,,,,,,45890.0,
449.0,POWERMECH,NO SIGNAL,,False,-0.8775,-11.9714,0.0733,2421.3,2558.385,True,79.199122,true_range,2421.3,2183.7026,9.81,136470080.38,,,,,,,3145.9,
450.0,TRIDENT,NO SIGNAL,,False,-0.9511,-9.2859,0.1024,23.39,25.0135,True,0.4248,true_range,23.39,22.1156,5.45,56977921.03,,,,,,,30.94,
451.0,COCHINSHIP,NO SIGNAL,,False,-0.9615,-12.7257,0.0756,1381.0,1503.153,True,42.815643,true_range,1381.0,1252.5531,9.3,1698000758.58,,,,,,,1979.9,
452.0,AAVAS,NO SIGNAL,,False,-0.9631,-13.3938,0.0719,1275.1,1390.91,True,38.517477,true_range,1275.1,1159.5476,9.06,173524281.22,,,,,,,1771.9,
453.0,KSB,NO SIGNAL,,False,-0.9667,-14.5499,0.0664,804.2,860.4415,True,25.086254,true_range,804.2,728.9412,9.36,128069080.11,,,,,,,1028.3,
454.0,JSWENERGY,NO SIGNAL,,False,-0.978,-10.0691,0.0971,526.45,555.674,True,12.274677,true_range,526.45,489.626,6.99,1065881185.89,,,,,,,617.35,
455.0,SCHAEFFLER,NO SIGNAL,,False,-1.0235,-7.3385,0.1395,3950.5,4102.195,True,87.88305,true_range,3950.5,3686.8509,6.67,212349606.65,,,,,,,4467.7,
456.0,SAMMAANCAP,NO SIGNAL,,False,-1.0558,-16.4173,0.0643,147.3,160.038,True,4.903058,true_range,147.3,132.5908,9.99,1157653022.61,,,,,,,192.95,
457.0,ICICIPRULI,NO SIGNAL,,False,-1.0864,-11.5185,0.0943,471.5,505.721,True,13.427562,true_range,471.5,431.2173,8.54,662242563.04,,,,,,,706.8,
458.0,MTARTECH,NO SIGNAL,,False,-1.1441,-20.873,0.0548,7312.5,6897.055,False,323.271987,true_range,7312.5,6342.684,13.26,715641240.38,,,,,,,8714.0,
459.0,TARC,NO SIGNAL,,False,-1.2291,-11.9447,0.1029,131.39,128.295,False,5.059733,true_range,131.39,116.2108,11.55,86698593.76,,,,,,,186.3,
460.0,ERIS,NO SIGNAL,,False,-1.2409,-10.7168,0.1158,1355.5,1380.663,True,33.591433,true_range,1355.5,1254.7257,7.43,87106568.03,,,,,,,1745.0,
461.0,HINDZINC,NO SIGNAL,,False,-1.259,-16.8423,0.0748,576.45,580.614,True,18.04466,true_range,576.45,522.316,9.39,4186966853.89,,,,,,,733.0,
462.0,LUPIN,NO SIGNAL,,False,-1.2934,-13.5753,0.0953,2095.0,2311.379,True,42.799601,true_range,2095.0,1966.6012,6.13,1600813847.1,,,,,,,2529.5,
463.0,SWSOLAR,NO SIGNAL,,False,-1.3023,-19.6775,0.0662,180.22,209.3015,True,6.160774,true_range,180.22,161.7377,10.26,147570785.45,,,,,,,281.7,
464.0,ELECTCAST,NO SIGNAL,,False,-1.3351,-15.8766,0.0841,77.62,77.8707,True,2.859155,true_range,77.62,69.0425,11.05,204459319.92,,,,,,,103.95,
465.0,NSLNISP,NO SIGNAL,,False,-1.5218,-15.6941,0.097,43.66,44.2283,True,1.599662,true_range,43.66,38.861,10.99,587865296.41,,,,,,,53.75,
466.0,IEX,NO SIGNAL,,False,-1.5409,-11.2819,0.1366,113.88,124.271,True,2.51615,true_range,113.88,106.3316,6.63,397412346.13,,,,,,,160.27,
467.0,JBMA,NO SIGNAL,,False,-1.5599,-13.3598,0.1168,620.3,655.4845,True,17.698624,true_range,620.3,567.2041,8.56,615745255.31,,,,,,,790.0,
468.0,PNCINFRA,NO SIGNAL,,False,-1.5632,-21.3956,0.0731,175.4,218.6796,True,6.823658,true_range,175.4,154.929,11.67,83236353.07,,,,,,,325.0,
469.0,AXISBANK,NO SIGNAL,,False,-1.5815,-11.8287,0.1337,1246.0,1283.703,True,22.678975,true_range,1246.0,1177.9631,5.46,5560973971.98,,,,,,,1418.3,
470.0,SAIL,NO SIGNAL,,False,-1.6105,-18.5219,0.0869,179.0,180.665,True,6.303083,true_range,179.0,160.0908,10.56,4740084516.15,,,,,,,209.7,
471.0,EIHOTEL,NO SIGNAL,,False,-1.633,-15.6182,0.1046,286.45,314.7835,True,8.064395,true_range,286.45,262.2568,8.45,69342356.17,,,,,,,434.8,
472.0,VTL,NO SIGNAL,,False,-1.6619,-12.1841,0.1364,566.2,612.693,True,17.842957,true_range,566.2,512.6711,9.45,933719913.08,,,,,,,688.0,
473.0,NATIONALUM,NO SIGNAL,,False,-1.6678,-18.3313,0.091,361.0,382.1105,True,12.30528,true_range,361.0,324.0842,10.23,2041167233.22,,,,,,,445.15,
474.0,RECLTD,NO SIGNAL,,False,-1.7359,-15.1607,0.1145,312.7,348.1475,True,7.122683,true_range,312.7,291.332,6.83,1633449988.48,,,,,,,390.5,
475.0,TATACOMM,NO SIGNAL,,False,-1.7559,-18.5283,0.0948,1761.6,1788.785,True,47.171418,true_range,1761.6,1620.0857,8.03,446121805.02,,,,,,,2110.0,
476.0,SBILIFE,NO SIGNAL,,False,-1.7715,-11.2418,0.1576,1684.7,1810.002,True,34.784373,true_range,1684.7,1580.3469,6.19,1480294612.28,,,,,,,2132.0,
477.0,CAPILLARY,NO SIGNAL,,False,-1.8921,-14.3966,0.1314,461.95,513.6855,True,20.115565,true_range,461.95,401.6033,13.06,80907442.16,,,,,,,798.95,
478.0,KNRCON,NO SIGNAL,,False,-1.9163,-14.4856,0.1323,125.66,128.0682,True,5.014935,true_range,125.66,110.6152,11.97,216221853.04,,,,,,,220.0,
479.0,HINDALCO,NO SIGNAL,,False,-1.9469,-16.1987,0.1202,981.5,1024.8775,True,23.744169,true_range,981.5,910.2675,7.26,3102643123.11,,,,,,,1176.0,
480.0,CANBK,NO SIGNAL,,False,-2.1471,-10.6867,0.2009,124.0,129.7886,True,2.554157,true_range,124.0,116.3375,6.18,1500188037.22,,,,,,,162.89,
481.0,JYOTHYLAB,NO SIGNAL,,False,-2.1912,-16.6399,0.1317,195.06,210.4366,True,5.807491,true_range,195.06,177.6375,8.93,303900430.47,,,,,,,334.25,
482.0,STYRENIX,NO SIGNAL,,False,-2.2556,-17.5736,0.1284,2113.1,2250.301,True,66.863365,true_range,2113.1,1912.5099,9.49,82287469.32,,,,,,,2690.0,
483.0,CHOLAHLDNG,NO SIGNAL,,False,-2.5338,-16.7595,0.1512,1528.6,1582.834,True,44.052206,true_range,1528.6,1396.4434,8.65,163549260.1,,,,,,,2064.0,
484.0,CAMS,NO SIGNAL,,False,-2.6486,-13.5601,0.1953,711.0,773.2605,True,19.394832,true_range,711.0,652.8155,8.18,983846079.34,,,,,,,844.9,
485.0,BBTC,NO SIGNAL,,False,-2.6732,-11.2548,0.2375,1423.5,1507.721,True,38.040517,true_range,1423.5,1309.3784,8.02,1281676698.99,,,,,,,2135.0,
486.0,RELIANCE,NO SIGNAL,,False,-2.7383,-10.9731,0.2496,1257.5,1321.407,True,21.423332,true_range,1257.5,1193.23,5.11,13903658252.04,,,,,,,1611.8,
487.0,MMTC,NO SIGNAL,,False,-2.7621,-17.237,0.1602,61.92,65.2665,True,1.716487,true_range,61.92,56.7705,8.32,238043082.19,,,,,,,78.35,
488.0,HINDPETRO,NO SIGNAL,,False,-3.0401,-15.8386,0.1919,352.0,383.993,True,8.571931,true_range,352.0,326.2842,7.31,1506067449.94,,,,,,,508.45,
489.0,EMBDL,NO SIGNAL,,False,-3.0424,-19.2274,0.1582,55.28,61.1766,True,2.172431,true_range,55.28,48.7627,11.79,170221363.21,,,,,,,105.7,
490.0,TARIL,NO SIGNAL,,False,-3.1878,-19.9757,0.1596,288.5,314.5855,True,9.365263,true_range,288.5,260.4042,9.74,546717854.03,,,,,,,552.0,
491.0,JINDALSTEL,NO SIGNAL,,False,-3.2423,-20.1381,0.161,1120.5,1141.704,True,29.749768,true_range,1120.5,1031.2507,7.97,902808827.3,,,,,,,1306.2,
492.0,POWERINDIA,NO SIGNAL,,False,-3.2794,-18.9606,0.173,31435.0,33585.25,True,1007.637489,true_range,31435.0,28412.0875,9.62,2828276246.5,,,,,,,38785.0,
493.0,ATGL,NO SIGNAL,,False,-3.3315,-23.0937,0.1443,594.8,672.778,True,16.204569,true_range,594.8,546.1863,8.17,618591056.18,,,,,,,859.85,
494.0,BEL,NO SIGNAL,,False,-3.6298,-12.2917,0.2953,404.35,413.966,True,7.016626,true_range,404.35,383.3001,5.21,3982337432.67,,,,,,,473.45,
495.0,SIGNATURE,NO SIGNAL,,False,-3.763,-16.691,0.2254,760.85,810.2355,True,23.05452,true_range,760.85,691.6864,9.09,162218781.85,,,,,,,1158.0,
496.0,VOLTAS,NO SIGNAL,,False,-3.8313,-17.7927,0.2153,1165.0,1295.935,True,30.234994,true_range,1165.0,1074.295,7.79,1191130525.4,,,,,,,1582.5,
497.0,JAYNECOIND,NO SIGNAL,,False,-3.9566,-24.8332,0.1593,89.97,95.1254,True,3.958924,true_range,89.97,78.0932,13.2,685390304.31,,,,,,,117.0,
498.0,INTELLECT,NO SIGNAL,,False,-3.9571,-17.7242,0.2233,682.6,725.672,True,19.757716,true_range,682.6,623.3269,8.68,208635445.7,,,,,,,1244.6,
499.0,ANUP,NO SIGNAL,,False,-4.0058,-28.1321,0.1424,1664.3,2017.16,True,62.409524,true_range,1664.3,1477.0714,11.25,40881200.08,,,,,,,2576.0,
500.0,ATUL,NO SIGNAL,,False,-4.12,-17.3823,0.237,6244.5,6622.47,True,153.796752,true_range,6244.5,5783.1097,7.39,178504284.5,,,,,,,7180.0,
501.0,LICHSGFIN,NO SIGNAL,,False,-4.1251,-17.1114,0.2411,562.9,541.8845,False,14.336293,true_range,562.9,519.8911,7.64,2149790792.24,,,,,,,598.2,
502.0,CANFINHOME,NO SIGNAL,,False,-4.1948,-17.9956,0.2331,779.75,846.8235,True,18.611339,true_range,779.75,723.916,7.16,197850793.52,,,,,,,971.5,
503.0,IGIL,NO SIGNAL,,False,-4.2562,-18.7713,0.2267,314.3,349.116,True,10.524185,true_range,314.3,282.7274,10.05,178635989.24,,,,,,,392.0,
504.0,IIFLCAPS,NO SIGNAL,,False,-4.4554,-8.4586,0.5267,339.05,337.7334,False,3.980837,true_range,339.05,327.1075,3.52,105476728.08,,,,,,,411.3,
505.0,LEMONTREE,NO SIGNAL,,False,-4.5723,-17.5502,0.2605,104.78,112.5757,True,2.259469,true_range,104.78,98.0016,6.47,313980500.32,,,,,,,180.68,
506.0,HDFCAMC,NO SIGNAL,,False,-4.8157,-18.2755,0.2635,2403.9,2624.652,True,59.556356,true_range,2403.9,2225.2309,7.43,2006567782.18,,,,,,,2967.25,
507.0,KIRLPNU,NO SIGNAL,,False,-5.1336,-30.8372,0.1665,719.9,796.833,True,25.114834,true_range,719.9,644.5555,10.47,116363267.68,,,,,,,1098.55,
508.0,SHAKTIPUMP,NO SIGNAL,,False,-5.1366,-23.9422,0.2145,493.8,530.2355,True,14.171613,true_range,493.8,451.2852,8.61,520516381.33,,,,,,,915.0,
509.0,TATAINVEST,NO SIGNAL,,False,-5.2504,-15.6285,0.3359,650.9,670.517,True,15.495263,true_range,650.9,604.4142,7.14,373032003.32,,,,,,,1184.7,
510.0,STAR,NO SIGNAL,,False,-5.2519,-24.1349,0.2176,1183.4,1070.8025,False,41.715112,true_range,1183.4,1058.2547,10.58,656464784.08,,,,,,,1231.0,
511.0,CUMMINSIND,NO SIGNAL,,False,-5.4222,-19.0132,0.2852,5070.0,5435.423,True,118.136177,true_range,5070.0,4715.5915,6.99,2334180838.45,,,,,,,6100.0,
512.0,V2RETAIL,NO SIGNAL,,False,-5.6754,-17.7268,0.3202,218.0,223.2931,True,6.056891,true_range,218.0,199.8293,8.34,225675479.34,,,,,,,259.25,
513.0,POLYCAB,NO SIGNAL,,False,-5.8224,-19.8199,0.2938,8241.0,9135.105,True,218.39771,true_range,8241.0,7585.8069,7.95,3544012991.85,,,,,,,10126.0,
514.0,SRF,NO SIGNAL,,False,-5.9375,-17.4457,0.3403,2482.4,2666.127,True,49.863499,true_range,2482.4,2332.8095,6.03,553532407.71,,,,,,,3210.0,
515.0,ADANIPORTS,NO SIGNAL,,False,-6.1087,-18.1618,0.3364,1764.6,1753.651,False,37.436412,true_range,1764.6,1652.2908,6.36,4156567234.27,,,,,,,1891.1,
516.0,ORIENTCEM,NO SIGNAL,,False,-6.1274,-16.172,0.3789,125.58,135.8731,True,3.027845,true_range,125.58,116.4965,7.23,28134249.51,,,,,,,237.29,
517.0,ACC,NO SIGNAL,,False,-6.3111,-16.175,0.3902,1246.5,1351.313,True,22.483207,true_range,1246.5,1179.0504,5.41,150094186.48,,,,,,,1987.0,
518.0,GHCL,NO SIGNAL,,False,-6.3133,-18.4916,0.3414,421.15,449.1255,True,8.476004,true_range,421.15,395.722,6.04,56791758.29,,,,,,,667.2,
519.0,CENTRALBK,NO SIGNAL,,False,-6.667,-21.0333,0.317,30.74,32.2714,True,0.516228,true_range,30.74,29.1913,5.04,172522368.06,,,,,,,40.92,
520.0,IMFA,NO SIGNAL,,False,-6.7486,-22.4104,0.3011,1243.5,1413.663,True,46.8177,true_range,1243.5,1103.0469,11.29,140011259.77,,,,,,,1679.9,
521.0,ADANIGREEN,NO SIGNAL,,False,-6.9571,-27.054,0.2572,1281.3,1399.076,True,39.726802,true_range,1281.3,1162.1196,9.3,1920481993.76,,,,,,,1631.5,
522.0,WHIRLPOOL,NO SIGNAL,,False,-6.9764,-21.8391,0.3194,762.35,824.0235,True,23.111208,true_range,762.35,693.0164,9.09,417815075.38,,,,,,,1437.0,
523.0,NCC,NO SIGNAL,,False,-7.2192,-22.2296,0.3248,140.94,149.5422,True,4.377036,true_range,140.94,127.8089,9.32,449728139.76,,,,,,,222.31,
524.0,AMBUJACEM,NO SIGNAL,,False,-7.2554,-18.1977,0.3987,391.85,428.052,True,8.057868,true_range,391.85,367.6764,6.17,802483875.09,,,,,,,600.8,
525.0,HDFCBANK,NO SIGNAL,,False,-7.6255,-22.533,0.3384,708.25,759.675,True,12.688222,true_range,708.25,670.1853,5.37,19284047456.09,,,,,,,1020.5,
526.0,SARDAEN,NO SIGNAL,,False,-7.6477,-21.5266,0.3553,524.15,526.625,True,14.639467,true_range,524.15,480.2316,8.38,316309783.76,,,,,,,639.75,
527.0,JUBLPHARMA,NO SIGNAL,,False,-7.8358,-23.0078,0.3406,1025.2,959.3345,False,31.26277,true_range,1025.2,931.4117,9.15,372938776.28,,,,,,,1184.8,
528.0,INDIACEM,NO SIGNAL,,False,-8.0103,-21.0879,0.3799,346.9,386.752,True,8.385494,true_range,346.9,321.7435,7.25,34270038.0,,,,,,,485.8,
529.0,EMAMILTD,NO SIGNAL,,False,-8.1825,-23.1621,0.3533,363.8,408.8315,True,10.854343,true_range,363.8,331.237,8.95,590247449.98,,,,,,,614.0,
530.0,GILLETTE,NO SIGNAL,,False,-8.21,-15.7193,0.5223,7307.0,7730.145,True,126.063801,true_range,7307.0,6928.8086,5.18,114767702.28,,,,,,,10553.0,
531.0,ICICIAMC,NO SIGNAL,,False,-8.4069,-20.7355,0.4054,3041.5,3206.306,True,78.138295,true_range,3041.5,2807.0851,7.71,2057957876.77,,,,,,,3611.0,
532.0,GVT&D,NO SIGNAL,,False,-8.4557,-30.3793,0.2783,4548.1,4573.234,True,171.183799,true_range,4548.1,4034.5486,11.29,4445531138.48,,,,,,,5650.0,
533.0,DCMSHRIRAM,NO SIGNAL,,False,-8.6267,-23.6342,0.365,1000.0,1065.148,True,28.116601,true_range,1000.0,915.6502,8.43,113184157.78,,,,,,,1414.4,
534.0,NMDC,NO SIGNAL,,False,-8.7332,-19.6073,0.4454,82.4,86.9849,True,1.99407,true_range,82.4,76.4178,7.26,1490601958.67,,,,,,,97.49,
535.0,BLS,NO SIGNAL,,False,-8.7465,-27.1126,0.3226,231.58,256.4352,True,7.970784,true_range,231.58,207.6676,10.33,710501279.56,,,,,,,372.45,
536.0,SOBHA,NO SIGNAL,,False,-8.7504,-25.5259,0.3428,1216.8,1372.93,True,35.164219,true_range,1216.8,1111.3073,8.67,107355893.5,,,,,,,1732.0,
537.0,FORTIS,NO SIGNAL,,False,-9.2034,-17.2118,0.5347,887.8,945.866,True,19.659899,true_range,887.8,828.8203,6.64,938558536.18,,,,,,,1104.3,
538.0,RCF,NO SIGNAL,,False,-9.3389,-24.5942,0.3797,111.45,126.3229,True,2.925105,true_range,111.45,102.6747,7.87,254733785.09,,,,,,,158.14,
539.0,IGL,NO SIGNAL,,False,-9.4933,-22.838,0.4157,151.98,157.4817,True,3.360495,true_range,151.98,141.8985,6.63,379842502.08,,,,,,,223.5,
540.0,BLUESTARCO,NO SIGNAL,,False,-9.5103,-25.7931,0.3687,1558.0,1625.536,True,45.500423,true_range,1558.0,1421.4987,8.76,781687801.56,,,,,,,2032.9,
541.0,GSFC,NO SIGNAL,,False,-9.7306,-18.3456,0.5304,155.95,163.8731,True,3.307009,true_range,155.95,146.029,6.36,196968924.18,,,,,,,213.45,
542.0,GRSE,NO SIGNAL,,False,-9.7585,-22.7667,0.4286,2427.5,2673.744,True,64.824349,true_range,2427.5,2233.027,8.01,1034494824.16,,,,,,,3339.0,
543.0,WIPRO,NO SIGNAL,,False,-9.7938,-26.9269,0.3637,167.4,185.081,True,3.716819,true_range,167.4,156.2495,6.66,1508740104.11,,,,,,,273.1,
544.0,CHAMBLFERT,NO SIGNAL,,False,-9.9384,-24.3191,0.4087,418.8,449.8815,True,8.365172,true_range,418.8,393.7045,5.99,261869279.24,,,,,,,559.0,
545.0,GODREJCP,NO SIGNAL,,False,-9.9756,-30.5731,0.3263,865.0,1016.153,True,21.213682,true_range,865.0,801.359,7.36,1410780447.5,,,,,,,1273.9,
546.0,UTIAMC,NO SIGNAL,,False,-10.1886,-20.9234,0.4869,910.0,933.474,True,16.571414,true_range,910.0,860.2858,5.46,102242207.4,,,,,,,1418.0,
547.0,DBL,NO SIGNAL,,False,-10.5337,-26.403,0.399,403.35,432.394,True,12.969346,true_range,403.35,364.442,9.65,165976009.54,,,,,,,585.0,
548.0,JAIBALAJI,NO SIGNAL,,False,-10.5661,-34.7915,0.3037,65.07,69.7166,True,3.129567,true_range,65.07,55.6813,14.43,71907556.07,,,,,,,108.0,
549.0,BSOFT,NO SIGNAL,,False,-10.9185,-30.7398,0.3552,281.65,313.49,True,9.736633,true_range,281.65,252.4401,10.37,350065524.28,,,,,,,474.0,
550.0,FORCEMOT,NO SIGNAL,,False,-11.1374,-25.9828,0.4286,17705.0,18563.56,True,510.276659,true_range,17705.0,16174.17,8.65,1253136394.55,,,,,,,26450.0,
551.0,SKFINDIA,NO SIGNAL,,False,-11.4456,-25.4088,0.4505,1527.8,1603.946,True,41.945561,true_range,1527.8,1401.9633,8.24,103405230.39,,,,,,,2330.13,
552.0,SCI,NO SIGNAL,,False,-11.7232,-28.624,0.4096,280.6,299.4712,True,9.027146,true_range,280.6,253.5186,9.65,600659613.39,,,,,,,368.75,
553.0,TRITURBINE,NO SIGNAL,,False,-11.8391,-34.1018,0.3472,569.65,621.8595,True,19.379536,true_range,569.65,511.5114,10.21,308713307.07,,,,,,,787.6,
554.0,ACI,NO SIGNAL,,False,-11.9381,-28.407,0.4203,470.45,537.3755,True,16.947866,true_range,470.45,419.6064,10.81,241008383.43,,,,,,,726.0,
555.0,RAYMONDLSL,NO SIGNAL,,False,-13.0816,-29.9756,0.4364,692.0,746.769,True,30.270013,true_range,692.0,601.19,13.12,210082069.65,,,,,,,1350.0,
556.0,MFSL,NO SIGNAL,,False,-13.1327,-24.0877,0.5452,1477.0,1585.723,True,37.604202,true_range,1477.0,1364.1874,7.64,806999776.32,,,,,,,1892.5,
557.0,ASHAPURMIN,NO SIGNAL,,False,-14.0245,-39.3424,0.3565,542.9,653.586,True,23.299067,true_range,542.9,473.0028,12.87,207205661.54,,,,,,,924.9,
558.0,PRAJIND,NO SIGNAL,,False,-14.3176,-33.266,0.4304,322.15,352.993,True,11.185638,true_range,322.15,288.5931,10.42,312710887.5,,,,,,,427.65,
559.0,ITI,NO SIGNAL,,False,-14.3994,-25.6243,0.5619,262.85,288.734,True,6.409433,true_range,262.85,243.6217,7.32,60279065.01,,,,,,,372.85,
560.0,TIINDIA,NO SIGNAL,,False,-14.5286,-30.9765,0.469,2606.1,2936.797,True,76.752791,true_range,2606.1,2375.8416,8.84,1224043173.0,,,,,,,3419.9,
561.0,REDTAPE,NO SIGNAL,,False,-14.6477,-29.3074,0.4998,116.1,130.3684,True,4.037029,true_range,116.1,103.9889,10.43,37810919.77,,,,,,,163.5,
562.0,SAATVIKGL,NO SIGNAL,,False,-14.8892,-29.0116,0.5132,395.95,445.9935,True,14.855981,true_range,395.95,351.3821,11.26,59328484.81,,,,,,,567.0,
563.0,ASHOKA,NO SIGNAL,,False,-15.2453,-31.8375,0.4788,113.86,124.4704,True,3.158633,true_range,113.86,104.3841,8.32,717203713.89,,,,,,,214.5,
564.0,ADANIPOWER,NO SIGNAL,,False,-15.9611,-28.5479,0.5591,209.97,218.2259,True,5.718712,true_range,209.97,192.8139,8.17,4425904234.28,,,,,,,254.2,
565.0,NBCC,NO SIGNAL,,False,-16.0881,-37.4956,0.4291,82.9,96.1667,True,1.900529,true_range,82.9,77.1984,6.88,421661811.41,,,,,,,125.85,
566.0,ANGELONE,NO SIGNAL,,False,-16.1711,-36.1407,0.4474,305.0,317.6819,True,9.976217,true_range,305.0,275.0713,9.81,2007385558.88,,,,,,,360.45,
567.0,SURYAROSNI,NO SIGNAL,,False,-16.5809,-35.6442,0.4652,214.27,242.3774,True,6.557445,true_range,214.27,194.5977,9.18,99645539.09,,,,,,,314.5,
568.0,AURIONPRO,NO SIGNAL,,False,-16.7029,-42.1108,0.3966,680.85,791.255,True,22.804391,true_range,680.85,612.4368,10.05,134888702.94,,,,,,,1309.9,
569.0,FINPIPE,NO SIGNAL,,False,-16.8941,-28.2073,0.5989,153.45,168.5032,True,3.703995,true_range,153.45,142.338,7.24,74702624.22,,,,,,,222.5,
570.0,NFL,NO SIGNAL,,False,-17.0149,-24.1737,0.7039,68.49,73.8466,True,1.292335,true_range,68.49,64.613,5.66,65206644.62,,,,,,,101.4,
571.0,LATENTVIEW,NO SIGNAL,,False,-17.197,-33.9696,0.5062,252.45,295.32,True,8.648311,true_range,252.45,226.5051,10.28,147308849.72,,,,,,,517.5,
572.0,SWANCORP,NO SIGNAL,,False,-17.3835,-27.9429,0.6221,296.45,314.8145,True,9.27344,true_range,296.45,268.6297,9.38,1091391499.08,,,,,,,506.0,
573.0,BAYERCROP,NO SIGNAL,,False,-17.9893,-25.8932,0.6947,3974.1,4264.14,True,65.249768,true_range,3974.1,3778.3507,4.93,66725150.68,,,,,,,5489.0,
574.0,FACT,NO SIGNAL,,False,-18.071,-30.8164,0.5864,779.6,858.439,True,24.61192,true_range,779.6,705.7642,9.47,1699839642.64,,,,,,,1058.6,
575.0,CSBBANK,NO SIGNAL,,False,-18.2291,-31.9205,0.5711,305.7,349.4015,True,10.11914,true_range,305.7,275.3426,9.93,177380530.18,,,,,,,574.4,
576.0,COLPAL,NO SIGNAL,,False,-18.3795,-31.5035,0.5834,1797.4,2030.312,True,38.30135,true_range,1797.4,1682.4959,6.39,711108720.2,,,,,,,2446.0,
577.0,EUREKAFORB,NO SIGNAL,,False,-18.9564,-34.6166,0.5476,394.15,457.66,True,14.283759,true_range,394.15,351.2987,10.87,65674200.21,,,,,,,668.3,
578.0,AHLUCONT,NO SIGNAL,,False,-19.0031,-49.4684,0.3841,601.0,792.8455,True,25.031801,true_range,601.0,525.9046,12.5,89358741.31,,,,,,,1077.95,
579.0,ORKLAINDIA,NO SIGNAL,,False,-19.08,-30.5342,0.6249,591.25,601.568,True,16.559966,true_range,591.25,541.5701,8.4,66194754.29,,,,,,,760.0,
580.0,DMART,NO SIGNAL,,False,-19.2318,-29.627,0.6491,3688.0,4098.33,True,83.005192,true_range,3688.0,3438.9844,6.75,1666974655.6,,,,,,,4818.0,
581.0,ANURAS,NO SIGNAL,,False,-19.365,-27.7039,0.699,1219.4,1280.089,True,21.219312,true_range,1219.4,1155.7421,5.22,340056045.52,,,,,,,1415.0,
582.0,KANSAINER,NO SIGNAL,,False,-19.4946,-28.3392,0.6879,188.6,206.2313,True,5.010446,true_range,188.6,173.5687,7.97,55126017.04,,,,,,,264.0,
583.0,WAAREERTL,NO SIGNAL,,False,-19.5151,-35.1819,0.5547,831.95,955.042,True,16.978038,true_range,831.95,781.0159,6.12,80810335.28,,,,,,,1358.0,
584.0,GODFRYPHLP,NO SIGNAL,,False,-19.5536,-32.0122,0.6108,1927.0,2191.682,True,52.604455,true_range,1927.0,1769.1866,8.19,390100999.64,,,,,,,3947.0,
585.0,IRB,NO SIGNAL,,False,-20.113,-30.0082,0.6703,19.64,20.4854,True,0.460393,true_range,19.64,18.2588,7.03,305897944.98,,,,,,,23.95,
586.0,MUTHOOTFIN,NO SIGNAL,,False,-20.5208,-34.6704,0.5919,2792.1,3121.976,True,85.605596,true_range,2792.1,2535.2832,9.2,2811662508.14,,,,,,,4149.5,
587.0,CAMPUS,NO SIGNAL,,False,-20.9514,-29.9198,0.7003,214.36,232.3991,True,5.19884,true_range,214.36,198.7635,7.28,105370990.39,,,,,,,289.05,
588.0,DBREALTY,NO SIGNAL,,False,-21.1432,-38.0343,0.5559,97.79,113.349,True,4.179919,true_range,97.79,85.2502,12.82,151357191.22,,,,,,,183.9,
589.0,UPL,NO SIGNAL,,False,-21.3294,-30.7611,0.6934,572.95,606.4815,True,11.511015,true_range,572.95,538.417,6.03,1179018005.18,,,,,,,812.2,
590.0,GICRE,NO SIGNAL,,False,-21.451,-27.46,0.7812,349.4,369.7905,True,7.471699,true_range,349.4,326.9849,6.42,431876537.46,,,,,,,417.95,
591.0,BANKBARODA,NO SIGNAL,,False,-21.6032,-33.7606,0.6399,238.13,256.9884,True,4.630142,true_range,238.13,224.2396,5.83,1928953347.2,,,,,,,325.5,
592.0,BIKAJI,NO SIGNAL,,False,-21.7309,-30.121,0.7215,548.25,641.4405,True,13.614591,true_range,548.25,507.4062,7.45,110233112.67,,,,,,,801.3,
593.0,NAVA,NO SIGNAL,,False,-22.0787,-36.789,0.6001,551.85,602.1065,True,15.88033,true_range,551.85,504.209,8.63,143543386.49,,,,,,,739.4,
594.0,IRCTC,NO SIGNAL,,False,-22.115,-29.1146,0.7596,462.9,512.076,True,7.654547,true_range,462.9,439.9364,4.96,327921719.83,,,,,,,739.0,
595.0,HINDUNILVR,NO SIGNAL,,False,-22.346,-29.5417,0.7564,1927.0,2141.108,True,31.925087,true_range,1927.0,1831.2247,4.97,2430811824.74,,,,,,,2623.64,
596.0,LINDEINDIA,NO SIGNAL,,False,-22.5502,-33.0484,0.6823,6227.5,6992.83,True,153.398375,true_range,6227.5,5767.3049,7.39,150392991.82,,,,,,,8049.0,
597.0,SANDUMA,NO SIGNAL,,False,-22.7888,-35.3089,0.6454,190.35,210.268,True,5.948891,true_range,190.35,172.5033,9.38,105204338.7,,,,,,,273.0,
598.0,DRREDDY,NO SIGNAL,,False,-23.032,-35.6185,0.6466,1165.5,1247.747,True,22.345492,true_range,1165.5,1098.4635,5.75,1378873773.54,,,,,,,1414.9,
599.0,AXISCADES,NO SIGNAL,,False,-23.0604,-49.3435,0.4673,1831.8,1765.105,False,69.802116,true_range,1831.8,1622.3937,11.43,302573525.82,,,,,,,2211.0,
600.0,ITC,NO SIGNAL,,False,-23.0704,-31.3869,0.735,259.85,286.1945,True,4.736718,true_range,259.85,245.6398,5.47,3734233196.86,,,,,,,426.4,
601.0,TRANSRAILL,NO SIGNAL,,False,-23.7731,-38.9634,0.6101,410.35,498.502,True,11.584388,true_range,410.35,375.5968,8.47,180238259.57,,,,,,,823.0,
602.0,NETWORK18,NO SIGNAL,,False,-23.9822,-38.961,0.6155,26.64,31.0539,True,0.957867,true_range,26.64,23.7664,10.79,215914491.72,,,,,,,58.1,
603.0,IREDA,NO SIGNAL,,False,-24.1858,-31.9578,0.7568,111.71,123.7911,True,2.255659,true_range,111.71,104.943,6.06,460653761.86,,,,,,,163.35,
604.0,TIMKEN,NO SIGNAL,,False,-24.2639,-38.4282,0.6314,3302.4,3376.157,True,87.756981,true_range,3302.4,3039.1291,7.97,107907947.49,,,,,,,3925.0,
605.0,PRSMJOHNSN,NO SIGNAL,,False,-24.4145,-35.8691,0.6807,113.35,116.8767,True,3.48482,true_range,113.35,102.8955,9.22,304198384.76,,,,,,,176.0,
606.0,INDUSTOWER,NO SIGNAL,,False,-24.8047,-33.8142,0.7336,388.0,400.0275,True,9.690983,true_range,388.0,358.9271,7.49,1727909583.33,,,,,,,481.5,
607.0,GESHIP,NO SIGNAL,,False,-24.8393,-40.4607,0.6139,1412.2,1432.382,True,41.262492,true_range,1412.2,1288.4125,8.77,1297505709.51,,,,,,,1798.0,
608.0,SUNTV,NO SIGNAL,,False,-25.0736,-33.6589,0.7449,476.0,510.2395,True,12.737873,true_range,476.0,437.7864,8.03,249230276.6,,,,,,,660.7,
609.0,POWERGRID,NO SIGNAL,,False,-25.0774,-31.2448,0.8026,269.1,286.731,True,4.858222,true_range,269.1,254.5253,5.42,2344430755.69,,,,,,,324.95,
610.0,TENNIND,NO SIGNAL,,False,-25.0996,-35.3517,0.71,506.35,571.4345,True,15.644808,true_range,506.35,459.4156,9.27,631865065.46,,,,,,,657.0,
611.0,TMPV,NO SIGNAL,,False,-26.2274,-42.9874,0.6101,301.1,346.056,True,7.044097,true_range,301.1,279.9677,7.02,2409631579.54,,,,,,,447.79,
612.0,HDFCLIFE,NO SIGNAL,,False,-26.5155,-33.4016,0.7938,530.0,569.52,True,11.748252,true_range,530.0,494.7552,6.65,1664035857.63,,,,,,,796.9,
613.0,NESCO,NO SIGNAL,,False,-27.1993,-40.0075,0.6799,1102.2,1120.768,True,28.925821,true_range,1102.2,1015.4225,7.87,59863309.72,,,,,,,1638.9,
614.0,NATCOPHARM,NO SIGNAL,,False,-27.2004,-52.8527,0.5146,815.35,963.5745,True,23.048953,true_range,815.35,746.2031,8.48,326169998.29,,,,,,,1226.8,
615.0,HBLENGINE,NO SIGNAL,,False,-27.235,-41.534,0.6557,722.2,755.7445,True,23.391166,true_range,722.2,652.0265,9.72,1369527377.72,,,,,,,1122.0,
616.0,TATASTEEL,NO SIGNAL,,False,-27.5913,-36.6862,0.7521,183.0,196.1666,True,4.437192,true_range,183.0,169.6884,7.27,5371055483.85,,,,,,,224.4,
617.0,THERMAX,NO SIGNAL,,False,-27.6068,-48.7278,0.5666,3682.0,4380.263,True,126.539073,true_range,3682.0,3302.3828,10.31,480819356.63,,,,,,,5277.8,
618.0,BIRLACORPN,NO SIGNAL,,False,-27.9875,-39.1462,0.7149,825.15,948.579,True,21.774982,true_range,825.15,759.8251,7.92,39183790.59,,,,,,,1346.1,
619.0,VEDL,NO SIGNAL,,False,-28.0481,-47.3016,0.593,263.7,288.4552,True,7.894464,true_range,263.7,240.0166,8.98,3036957700.16,,,,,,,360.0,
620.0,TATAPOWER,NO SIGNAL,,False,-28.1176,-35.2694,0.7972,364.65,393.5855,True,6.952423,true_range,364.65,343.7927,5.72,1939033464.9,,,,,,,464.9,
621.0,COALINDIA,NO SIGNAL,,False,-28.1855,-35.1422,0.802,426.4,437.488,True,8.011315,true_range,426.4,402.3661,5.64,4579329742.77,,,,,,,491.25,
622.0,TECHNOE,NO SIGNAL,,False,-28.2741,-45.8204,0.6171,972.15,1079.0535,True,29.202323,true_range,972.15,884.543,9.01,169052050.51,,,,,,,1554.0,
623.0,STARCEMENT,NO SIGNAL,,False,-28.5838,-34.9612,0.8176,195.14,208.555,True,4.726842,true_range,195.14,180.9595,7.27,72260769.16,,,,,,,293.35,
624.0,BBOX,NO SIGNAL,,False,-28.8596,-58.4678,0.4936,800.8,842.2815,True,35.452101,true_range,800.8,694.4437,13.28,317810731.24,,,,,,,1103.0,
625.0,HEMIPROP,NO SIGNAL,,False,-28.9086,-35.7084,0.8096,120.62,136.7456,True,2.859114,true_range,120.62,112.0427,7.11,35081084.31,,,,,,,190.69,
626.0,GMDCLTD,NO SIGNAL,,False,-29.1046,-40.4169,0.7201,575.35,612.9115,True,16.111926,true_range,575.35,527.0142,8.4,605337330.28,,,,,,,771.9,
627.0,ONESOURCE,NO SIGNAL,,False,-29.5213,-40.9739,0.7205,1592.2,1665.26,True,58.711361,true_range,1592.2,1416.0659,11.06,472220652.08,,,,,,,1925.0,
628.0,HUDCO,NO SIGNAL,,False,-29.57,-40.1072,0.7373,172.76,202.0308,True,4.486789,true_range,172.76,159.2996,7.79,302815046.32,,,,,,,246.85,
629.0,DABUR,NO SIGNAL,,False,-30.1885,-39.5814,0.7627,376.0,426.629,True,6.704561,true_range,376.0,355.8863,5.35,663808386.14,,,,,,,551.65,
630.0,CIEINDIA,NO SIGNAL,,False,-30.2136,-44.0118,0.6865,379.65,440.1645,True,8.445099,true_range,379.65,354.3147,6.67,93713199.96,,,,,,,526.0,
631.0,ONGC,NO SIGNAL,,False,-30.4934,-44.9499,0.6784,232.5,255.2298,True,4.438563,true_range,232.5,219.1843,5.73,2836680381.23,,,,,,,307.5,
632.0,TATACONSUM,NO SIGNAL,,False,-30.6615,-37.1456,0.8254,991.0,1112.656,True,18.740187,true_range,991.0,934.7794,5.67,1107594458.55,,,,,,,1282.7,
633.0,SUZLON,NO SIGNAL,,False,-30.6753,-47.3905,0.6473,44.12,52.2067,True,1.158723,true_range,44.12,40.6438,7.88,1972216705.92,,,,,,,61.5,
634.0,TTML,NO SIGNAL,,False,-30.6897,-40.9056,0.7503,35.6,41.1921,True,1.108579,true_range,35.6,32.2743,9.34,147962523.33,,,,,,,60.62,
635.0,PIIND,NO SIGNAL,,False,-30.9787,-44.3626,0.6983,2259.0,2729.161,True,62.523426,true_range,2259.0,2071.4297,8.3,598263578.29,,,,,,,3832.9,
636.0,TORNTPOWER,NO SIGNAL,,False,-31.3306,-43.6781,0.7173,1297.6,1427.992,True,34.60671,true_range,1297.6,1193.7799,8.0,584344151.02,,,,,,,1824.1,
637.0,JWL,NO SIGNAL,,False,-31.3975,-39.705,0.7908,239.58,265.5982,True,6.393209,true_range,239.58,220.4004,8.01,155911320.61,,,,,,,358.25,
638.0,TATAELXSI,NO SIGNAL,,False,-31.4804,-45.6057,0.6903,3383.0,3887.823,True,88.440625,true_range,3383.0,3117.6781,7.84,613164467.63,,,,,,,5950.0,
639.0,ABFRL,NO SIGNAL,,False,-32.0942,-44.4922,0.7213,50.44,59.5567,True,1.741845,true_range,50.44,45.2145,10.36,215479702.57,,,,,,,94.95,
640.0,VMM,NO SIGNAL,,False,-32.2825,-38.4498,0.8396,101.71,115.019,True,3.075631,true_range,101.71,92.4831,9.07,1929538292.81,,,,,,,154.93,
641.0,ICICIGI,NO SIGNAL,,False,-32.3416,-42.1395,0.7675,1459.8,1712.141,True,33.472221,true_range,1459.8,1359.3833,6.88,1427461282.12,,,,,,,2064.9,
642.0,GMRP&UI,NO SIGNAL,,False,-32.6643,-40.076,0.8151,94.07,101.7363,True,3.227081,true_range,94.07,84.3888,10.29,158280471.63,,,,,,,136.95,
643.0,INDIASHLTR,NO SIGNAL,,False,-32.8017,-47.4287,0.6916,652.25,751.71,True,20.976628,true_range,652.25,589.3201,9.65,60644276.71,,,,,,,924.0,
644.0,NTPC,NO SIGNAL,,False,-32.935,-38.9124,0.8464,333.4,359.9235,True,5.672764,true_range,333.4,316.3817,5.1,2697457532.93,,,,,,,414.4,
645.0,AFCONS,NO SIGNAL,,False,-33.5826,-45.1214,0.7443,253.8,303.068,True,9.329996,true_range,253.8,225.81,11.03,261536016.2,,,,,,,479.4,
646.0,SJVN,NO SIGNAL,,False,-33.9972,-37.6326,0.9034,66.18,71.3621,True,1.253202,true_range,66.18,62.4204,5.68,120498913.22,,,,,,,95.58,
647.0,MOIL,NO SIGNAL,,False,-36.0653,-43.3286,0.8324,244.93,283.5765,True,7.213802,true_range,244.93,223.2886,8.84,255320322.58,,,,,,,404.9,
648.0,FIRSTCRY,NO SIGNAL,,False,-36.0752,-49.1783,0.7336,168.83,214.7857,True,6.209842,true_range,168.83,150.2005,11.03,354533980.62,,,,,,,438.7,
649.0,NTPCGREEN,NO SIGNAL,,False,-36.6183,-42.2196,0.8673,86.94,97.468,True,1.473569,true_range,86.94,82.5193,5.08,156779694.76,,,,,,,119.95,
650.0,INDIAMART,NO SIGNAL,,False,-36.766,-44.4073,0.8279,1695.0,1909.052,True,39.644957,true_range,1695.0,1576.0651,7.02,125818146.58,,,,,,,2630.0,
651.0,PFC,NO SIGNAL,,False,-37.3151,-48.6634,0.7668,353.45,413.438,True,8.128654,true_range,353.45,329.064,6.9,3130277693.13,,,,,,,486.5,
652.0,CESC,NO SIGNAL,,False,-37.3207,-44.0638,0.847,145.37,168.5967,True,4.02221,true_range,145.37,133.3034,8.3,293476360.25,,,,,,,204.5,
653.0,ELECON,NO SIGNAL,,False,-37.7272,-55.1291,0.6843,422.1,483.096,True,14.828218,true_range,422.1,377.6153,10.54,294214836.0,,,,,,,634.9,
654.0,SYNGENE,NO SIGNAL,,False,-37.8476,-42.2338,0.8961,382.65,427.908,True,10.145307,true_range,382.65,352.2141,7.95,205819851.57,,,,,,,678.95,
655.0,GODIGIT,NO SIGNAL,,False,-37.866,-50.6585,0.7475,256.2,289.3575,True,7.687783,true_range,256.2,233.1367,9.0,52670705.61,,,,,,,381.4,
656.0,GPIL,NO SIGNAL,,False,-37.8884,-47.1896,0.8029,244.45,264.4816,True,7.839938,true_range,244.45,220.9302,9.62,414001910.84,,,,,,,320.0,
657.0,IRCON,NO SIGNAL,,False,-37.9557,-44.6695,0.8497,113.26,133.9182,True,2.968438,true_range,113.26,104.3547,7.86,157340399.42,,,,,,,189.5,
658.0,CROMPTON,NO SIGNAL,,False,-38.0246,-46.3508,0.8204,231.0,262.6648,True,6.696817,true_range,231.0,210.9095,8.7,977765992.21,,,,,,,335.0,
659.0,ALOKINDS,NO SIGNAL,,False,-38.4423,-69.1545,0.5559,7.36,12.0719,True,0.464254,true_range,7.36,5.9672,18.92,281993425.85,,,,,,,19.34,
660.0,RVNL,NO SIGNAL,,False,-38.5627,-52.3575,0.7365,204.9,243.2067,True,5.214401,true_range,204.9,189.2568,7.63,946168841.03,,,,,,,400.7,
661.0,JKLAKSHMI,NO SIGNAL,,False,-38.9017,-45.224,0.8602,505.9,587.131,True,12.189256,true_range,505.9,469.3322,7.23,76806954.83,,,,,,,936.6,
662.0,RAILTEL,NO SIGNAL,,False,-39.0684,-44.2792,0.8823,259.9,303.6743,True,6.592781,true_range,259.9,240.1217,7.61,326753045.43,,,,,,,412.9,
663.0,KEC,NO SIGNAL,,False,-39.3646,-54.1075,0.7275,406.4,492.0175,True,12.453648,true_range,406.4,369.0391,9.19,439225990.12,,,,,,,937.8,
664.0,RALLIS,NO SIGNAL,,False,-39.4927,-47.2994,0.835,201.99,231.0319,True,4.427233,true_range,201.99,188.7083,6.58,134249692.86,,,,,,,367.5,
665.0,GALLANTT,NO SIGNAL,,False,-39.8095,-58.8609,0.6763,546.4,667.208,True,21.166548,true_range,546.4,482.9004,11.62,34344546.24,,,,,,,948.0,
666.0,IRFC,NO SIGNAL,,False,-39.8597,-45.1417,0.883,81.09,92.7923,True,1.447,true_range,81.09,76.749,5.35,622630019.14,,,,,,,137.17,
667.0,HGINFRA,NO SIGNAL,,False,-40.7721,-47.226,0.8633,484.0,558.485,True,13.030805,true_range,484.0,444.9076,8.08,153520491.39,,,,,,,1049.95,
668.0,ABLBL,NO SIGNAL,,False,-40.9245,-47.0454,0.8699,83.61,96.2601,True,2.098937,true_range,83.61,77.3132,7.53,62949860.64,,,,,,,151.33,
669.0,RTNINDIA,NO SIGNAL,,False,-40.9253,-50.6051,0.8087,27.68,33.1018,True,0.931081,true_range,27.68,24.8868,10.09,48352668.79,,,,,,,62.67,
670.0,OSWALPUMPS,NO SIGNAL,,False,-41.26,-66.6543,0.619,282.45,366.1255,True,10.92424,true_range,282.45,249.6773,11.6,174432550.0,,,,,,,840.0,
671.0,VIKRAMSOLR,NO SIGNAL,,False,-41.717,-52.7827,0.7904,166.86,191.6006,True,6.022848,true_range,166.86,148.7915,10.83,1147653914.86,,,,,,,407.95,
672.0,WAAREEENER,NO SIGNAL,,False,-41.8217,-46.0353,0.9085,2625.0,2900.596,True,60.007019,true_range,2625.0,2444.9789,6.86,1310074570.46,,,,,,,3865.0,
673.0,TATACHEM,NO SIGNAL,,False,-42.2292,-46.3893,0.9103,612.45,704.684,True,15.825975,true_range,612.45,564.9721,7.75,330881298.05,,,,,,,1026.65,
674.0,PTC,NO SIGNAL,,False,-42.6627,-55.8485,0.7639,152.78,180.5031,True,4.119916,true_range,152.78,140.4203,8.09,252680984.32,,,,,,,229.51,
675.0,RTNPOWER,NO SIGNAL,,False,-43.1845,-52.6104,0.8208,7.17,8.8962,True,0.233033,true_range,7.17,6.4709,9.75,177279698.5,,,,,,,12.71,
676.0,CRIZAC,NO SIGNAL,,False,-43.48,-53.4253,0.8138,186.68,197.3637,True,7.09328,true_range,186.68,165.4002,11.4,56547386.72,,,,,,,387.95,
677.0,KSCL,NO SIGNAL,,False,-43.5355,-51.8754,0.8392,715.85,855.463,True,20.473049,true_range,715.85,654.4309,8.58,90549881.83,,,,,,,1225.0,
678.0,KITEX,NO SIGNAL,,False,-43.543,-55.6016,0.7831,123.87,149.7262,True,4.155708,true_range,123.87,111.4029,10.06,68203889.38,,,,,,,232.7,
679.0,BSE,NO SIGNAL,,False,-43.8204,-51.4303,0.852,3384.0,3716.986,True,110.814709,true_range,3384.0,3051.5559,9.82,15999776390.81,,,,,,,4446.8,
680.0,CMSINFO,NO SIGNAL,,False,-43.8863,-52.3837,0.8378,224.38,278.5941,True,7.880803,true_range,224.38,200.7376,10.54,249105629.34,,,,,,,429.65,
681.0,ADVENZYMES,NO SIGNAL,,False,-46.7195,-56.3987,0.8284,293.4,334.2405,True,9.540025,true_range,293.4,264.7799,9.75,65008181.35,,,,,,,419.0,
682.0,VBL,NO SIGNAL,,False,-47.0748,-55.8145,0.8434,416.5,479.1145,True,10.921801,true_range,416.5,383.7346,7.87,3003744312.81,,,,,,,555.8,
683.0,NLCINDIA,NO SIGNAL,,False,-47.2783,-54.4348,0.8685,264.4,307.1295,True,7.585935,true_range,264.4,241.6422,8.61,388589112.34,,,,,,,387.8,
684.0,RPOWER,NO SIGNAL,,False,-48.5254,-52.5946,0.9226,21.58,25.3475,True,0.688134,true_range,21.58,19.5156,9.57,459676428.38,,,,,,,50.73,
685.0,INOXWIND,NO SIGNAL,,False,-49.6913,-59.5414,0.8346,76.5,85.2382,True,2.343542,true_range,76.5,69.4694,9.19,1039810150.58,,,,,,,159.3,
686.0,WEBELSOLAR,NO SIGNAL,,False,-53.6241,-66.1094,0.8111,75.84,98.7054,True,3.544861,true_range,75.84,65.2054,14.02,190348293.41,,,,,,,137.9,
687.0,PATANJALI,NO SIGNAL,,False,-54.6345,-63.9365,0.8545,341.0,399.6565,True,7.33059,true_range,341.0,319.0082,6.45,762702926.63,,,,,,,614.9,
688.0,KPIGREEN,NO SIGNAL,,False,-55.5688,-67.9607,0.8177,281.7,389.172,True,10.039812,true_range,281.7,251.5806,10.69,330423609.61,,,,,,,542.25,
689.0,MEDPLUS,NO SIGNAL,,False,-60.5428,-66.6818,0.9079,660.15,793.3945,True,19.393904,true_range,660.15,601.9683,8.81,128095226.85,,,,,,,1022.2,
690.0,AVANTIFEED,NO SIGNAL,,False,-65.0,-76.2341,0.8526,798.6,1043.8515,True,30.427939,true_range,798.6,707.3162,11.43,252196400.39,,,,,,,1593.8,
,AARTIPHARM,DISQUALIFIED,Gap > 15% in last 90 days,False,,,,826.95,,,,,,,,369377188.49,,,,,,,946.1,Gap > 15% in last 90 days
,AEGISLOG,DISQUALIFIED,Gap > 15% in last 90 days,False,,,,1353.6,,,,,,,,1196944709.44,,,,,,,1497.8,Gap > 15% in last 90 days
,AIIL,DISQUALIFIED,Gap > 15% in last 90 days,False,,,,544.35,,,,,,,,378534928.93,,,,,,,683.0,Gap > 15% in last 90 days
,AMBER,DISQUALIFIED,Gap > 15% in last 90 days,False,,,,7245.0,,,,,,,,1720933262.4,,,,,,,8974.0,Gap > 15% in last 90 days
,ASKAUTOLTD,DISQUALIFIED,Gap > 15% in last 90 days,False,,,,624.55,,,,,,,,201277145.32,,,,,,,687.7,Gap > 15% in last 90 days
,AWFIS,DISQUALIFIED,Gap > 15% in last 90 days,False,,,,293.2,,,,,,,,419468938.69,,,,,,,639.4,Gap > 15% in last 90 days
,BALAMINES,DISQUALIFIED,Gap > 15% in last 90 days,False,,,,2276.5,,,,,,,,628284205.21,,,,,,,2629.8,Gap > 15% in last 90 days
,BALRAMCHIN,DISQUALIFIED,Gap > 15% in last 90 days,False,,,,691.4,,,,,,,,5546887343.76,,,,,,,780.95,Gap > 15% in last 90 days
,BANDHANBNK,DISQUALIFIED,Gap > 15% in last 90 days,False,,,,176.52,,,,,,,,1362473659.44,,,,,,,220.76,Gap > 15% in last 90 days
,BATAINDIA,DISQUALIFIED,Gap > 15% in last 90 days,False,,,,648.65,,,,,,,,170957243.88,,,,,,,1282.5,Gap > 15% in last 90 days
,BLUESTONE,DISQUALIFIED,Gap > 15% in last 90 days,False,,,,890.35,,,,,,,,652996155.39,,,,,,,926.0,Gap > 15% in last 90 days
,CELLO,DISQUALIFIED,Gap > 15% in last 90 days,False,,,,332.8,,,,,,,,78521748.85,,,,,,,673.8,Gap > 15% in last 90 days
,ETHOSLTD,DISQUALIFIED,Gap > 15% in last 90 days,False,,,,2635.4,,,,,,,,228874518.84,,,,,,,3245.9,Gap > 15% in last 90 days
,FSL,DISQUALIFIED,Gap > 15% in last 90 days,False,,,,247.6,,,,,,,,223020982.25,,,,,,,379.7,Gap > 15% in last 90 days
,GLAND,DISQUALIFIED,Gap > 15% in last 90 days,False,,,,2922.3,,,,,,,,1701383849.7,,,,,,,3042.0,Gap > 15% in last 90 days
,GODREJIND,DISQUALIFIED,Gap > 15% in last 90 days,False,,,,1126.8,,,,,,,,143747587.45,,,,,,,1443.0,Gap > 15% in last 90 days
,GRAPHITE,DISQUALIFIED,Gap > 15% in last 90 days,False,,,,825.8,,,,,,,,2831167911.05,,,,,,,874.35,Gap > 15% in last 90 days
,HONAUT,DISQUALIFIED,Gap > 15% in last 90 days,False,,,,34580.0,,,,,,,,100042853.5,,,,,,,41495.0,Gap > 15% in last 90 days
,ICIL,DISQUALIFIED,Gap > 15% in last 90 days,False,,,,443.25,,,,,,,,920173983.83,,,,,,,474.65,Gap > 15% in last 90 days
,IDBI,DISQUALIFIED,Gap > 15% in last 90 days,False,,,,83.43,,,,,,,,1571144002.44,,,,,,,118.38,Gap > 15% in last 90 days
,IFCI,DISQUALIFIED,Gap > 15% in last 90 days,False,,,,82.29,,,,,,,,11071777988.21,,,,,,,107.5,Gap > 15% in last 90 days
,IONEXCHANG,DISQUALIFIED,Gap > 15% in last 90 days,False,,,,445.7,,,,,,,,259155583.57,,,,,,,486.0,Gap > 15% in last 90 days
,JAINREC,DISQUALIFIED,Gap > 15% in last 90 days,False,,,,284.7,,,,,,,,352722522.8,,,,,,,593.95,Gap > 15% in last 90 days
,JPPOWER,DISQUALIFIED,Gap > 15% in last 90 days,False,,,,16.02,,,,,,,,543930871.05,,,,,,,24.5,Gap > 15% in last 90 days
,JSLL,DISQUALIFIED,Gap > 15% in last 90 days,False,,,,511.85,,,,,,,,251223851.22,,,,,,,849.5,Gap > 15% in last 90 days
,JUSTDIAL,DISQUALIFIED,Gap > 15% in last 90 days,False,,,,665.55,,,,,,,,191001433.3,,,,,,,878.6,Gap > 15% in last 90 days
,KALYANKJIL,DISQUALIFIED,Gap > 15% in last 90 days,False,,,,601.15,,,,,,,,5120385241.66,,,,,,,648.95,Gap > 15% in last 90 days
,KAYNES,DISQUALIFIED,Gap > 15% in last 90 days,False,,,,3505.0,,,,,,,,4031974292.76,,,,,,,7705.0,Gap > 15% in last 90 days
,KIRLOSENG,DISQUALIFIED,Gap > 15% in last 90 days,False,,,,2168.6,,,,,,,,892104521.92,,,,,,,2720.0,Gap > 15% in last 90 days
,KPITTECH,DISQUALIFIED,Gap > 15% in last 90 days,False,,,,553.75,,,,,,,,812509016.93,,,,,,,1328.0,Gap > 15% in last 90 days
,LUMAXTECH,DISQUALIFIED,Gap > 15% in last 90 days,False,,,,1993.7,,,,,,,,297289782.6,,,,,,,2148.7,Gap > 15% in last 90 days
,MANYAVAR,DISQUALIFIED,Gap > 15% in last 90 days,False,,,,582.35,,,,,,,,301489724.49,,,,,,,779.0,Gap > 15% in last 90 days
,MARKSANS,DISQUALIFIED,Gap > 15% in last 90 days,False,,,,329.4,,,,,,,,975534948.2,,,,,,,349.95,Gap > 15% in last 90 days
,MASTEK,DISQUALIFIED,Gap > 15% in last 90 days,False,,,,1626.3,,,,,,,,814336058.92,,,,,,,2580.0,Gap > 15% in last 90 days
,MSTCLTD,DISQUALIFIED,Gap > 15% in last 90 days,False,,,,738.55,,,,,,,,350602694.59,,,,,,,805.0,Gap > 15% in last 90 days
,NEWGEN,DISQUALIFIED,Gap > 15% in last 90 days,False,,,,501.4,,,,,,,,700068120.97,,,,,,,1041.95,Gap > 15% in last 90 days
,NIACL,DISQUALIFIED,Gap > 15% in last 90 days,False,,,,198.39,,,,,,,,2443796855.88,,,,,,,242.6,Gap > 15% in last 90 days
,PARAS,DISQUALIFIED,Gap > 15% in last 90 days,False,,,,1435.6,,,,,,,,2340885929.45,,,,,,,1585.0,Gap > 15% in last 90 days
,PCJEWELLER,DISQUALIFIED,Gap > 15% in last 90 days,False,,,,13.7,,,,,,,,6540783610.24,,,,,,,15.38,Gap > 15% in last 90 days
,PINELABS,DISQUALIFIED,Gap > 15% in last 90 days,False,,,,202.17,,,,,,,,5940702879.22,,,,,,,284.0,Gap > 15% in last 90 days
,PWL,DISQUALIFIED,Gap > 15% in last 90 days,False,,,,136.1,,,,,,,,2698298801.87,,,,,,,161.99,Gap > 15% in last 90 days
,RBA,DISQUALIFIED,Gap > 15% in last 90 days,False,,,,98.05,,,,,,,,528459585.41,,,,,,,111.15,Gap > 15% in last 90 days
,RELAXO,DISQUALIFIED,Gap > 15% in last 90 days,False,,,,324.95,,,,,,,,66132522.76,,,,,,,506.4,Gap > 15% in last 90 days
,RUBICON,DISQUALIFIED,Gap > 15% in last 90 days,False,,,,1835.4,,,,,,,,837719639.04,,,,,,,1899.0,Gap > 15% in last 90 days
,SHARDACROP,DISQUALIFIED,Gap > 15% in last 90 days,False,,,,765.55,,,,,,,,117587542.83,,,,,,,1297.0,Gap > 15% in last 90 days
,SHAREINDIA,DISQUALIFIED,Gap > 15% in last 90 days,False,,,,198.93,,,,,,,,1039927685.6,,,,,,,212.33,Gap > 15% in last 90 days
,SMLMAH,DISQUALIFIED,Gap > 15% in last 90 days,False,,,,6583.0,,,,,,,,748693994.95,,,,,,,6654.0,Gap > 15% in last 90 days
,SONATSOFTW,DISQUALIFIED,Gap > 15% in last 90 days,False,,,,265.85,,,,,,,,295152909.68,,,,,,,421.5,Gap > 15% in last 90 days
,SPARC,DISQUALIFIED,Gap > 15% in last 90 days,False,,,,196.01,,,,,,,,176423315.47,,,,,,,289.0,Gap > 15% in last 90 days
,SUPRIYA,DISQUALIFIED,Gap > 15% in last 90 days,False,,,,901.75,,,,,,,,255359019.18,,,,,,,1085.0,Gap > 15% in last 90 days
,TDPOWERSYS,DISQUALIFIED,Gap > 15% in last 90 days,False,,,,804.9,,,,,,,,1307823057.74,,,,,,,812.8,Gap > 15% in last 90 days
,THANGAMAYL,DISQUALIFIED,Gap > 15% in last 90 days,False,,,,5126.0,,,,,,,,503057060.35,,,,,,,7430.0,Gap > 15% in last 90 days
,WAKEFIT,DISQUALIFIED,Gap > 15% in last 90 days,False,,,,155.13,,,,,,,,227278736.13,,,,,,,224.0,Gap > 15% in last 90 days
,WELCORP,DISQUALIFIED,Gap > 15% in last 90 days,False,,,,2676.6,,,,,,,,7732880858.59,,,,,,,2784.8,Gap > 15% in last 90 days
,WEWORK,DISQUALIFIED,Gap > 15% in last 90 days,False,,,,670.25,,,,,,,,190570713.79,,,,,,,794.5,Gap > 15% in last 90 days
,ZAGGLE,DISQUALIFIED,Gap > 15% in last 90 days,False,,,,187.0,,,,,,,,1179874871.58,,,,,,,405.4,Gap > 15% in last 90 days
