TICKER,RS_12M,RS_9M,RS_6M,RS_3M,RZ_12M,RZ_9M,RZ_6M,RZ_3M,RES_MOM
CUPID,3.561223208863626,3.3262776650024044,3.773393324232792,5.589835706664336,3.249343122770556,2.707998133052737,2.4818492043985736,2.737933459727417,2.7942809799873207
WELCORP,2.7648536854061927,3.3947059500641656,5.206791845188412,4.605622496941414,2.5416771454515126,2.7637315471357753,3.483484697747909,2.2579731682529687,2.7617166396470414
LAURUSLABS,2.7439172669695795,3.051221569460466,4.259604062296334,4.150970342015409,2.523072728057207,2.4839706675818958,2.8216053331877555,2.036258016858888,2.466226686421437
STLTECH,3.059869054750545,3.9267127743053,4.463970527518267,1.7482159497653071,2.8038322550102333,3.19704003358508,2.9644132838197685,0.8645335499920705,2.4574547806017883
SANSERA,3.149635242467246,3.4858140226967036,3.600262902279779,3.232351445055398,2.8835998441627573,2.837937176193317,2.360868491029989,1.588285373143827,2.4176727211324724
SONACOMS,2.145824269958048,3.1081895203671976,4.135403806814659,4.19370261358896,1.9915982645188437,2.5303698780031625,2.7348162216079808,2.057096787683333,2.32847028795333
HFCL,2.40944635997695,3.063375065768376,4.364200070508635,2.595821659565816,2.225856832282941,2.4938694373913988,2.894695316717425,1.2778759838390894,2.2230743925577134
SHILPAMED,1.4768782360924837,2.6214092208678133,4.149269262038178,4.390426264842826,1.3971627231209869,2.1338974547212115,2.744505175433651,2.153030819113681,2.1071490430973827
DIVISLAB,1.4071491017053563,2.0293859438971826,3.8535129225855633,5.006394081294562,1.3352003619554733,1.6517068165600952,2.5378354721739353,2.453412982045923,1.9945389081838567
ATHERENERG,3.1111135775853307,2.264490474326752,2.6597440542703814,2.996858825078846,2.8493689113813696,1.8431945637015434,1.7036492693286929,1.4734453106376075,1.9674145137623036
DIACABS,1.7795627997269334,2.530337015417442,3.7379891110292056,3.231471870364959,1.6661327944690403,2.0597210387370923,2.4571093180094223,1.5878564407533389,1.9427048979922235
ANANDRATHI,2.183335816378142,2.110352214961255,3.3243220911425304,3.711144183032744,2.0249315907903926,1.7176521593068934,2.1680455555672062,1.821772893739238,1.9331005498509328
SYRMA,1.6762612927258567,2.315087247722388,2.8750121022386947,3.559642387435546,1.5743375163259603,1.8844045826342035,1.8540750680698133,1.7478917008682295,1.7651772169745514
RRKABEL,1.8520498218532226,2.4647509819547557,2.9014535535904176,2.856491998704472,1.7305458563014968,2.006302579429794,1.872551922749347,1.404994184159683,1.7535986356600803
AETHER,1.6942018320805319,2.26592737544972,2.2113538573377305,4.282647928423976,1.590279750354377,1.8443648897620382,1.3903215174497392,2.10047175848414,1.7313594790125737
APARINDS,1.657129395612595,2.4072173441162037,3.0283303035318188,2.710041220498647,1.5573366238133435,1.9594426287753908,1.9612113249771315,1.333576164669662,1.7028916855588818
HONASA,1.9733058784991604,2.4303821048788814,2.905499936290653,2.2027320568106523,1.838295818228295,1.9783098443216458,1.8753794689432193,1.086182356431815,1.6945418719812437
SKYGOLD,1.6238726822072385,1.9002293249679791,3.154567236731454,3.2718223277267757,1.5277842063724483,1.5465114383937497,2.0494236337075926,1.607533698775467,1.6828132443123145
SAILIFE,1.8446276187285122,2.0065722428143995,3.1523552612847,2.6925640870322995,1.7239503745893072,1.6331255318170128,2.0478779413648875,1.3250532856940715,1.6825017833663196
CPPLUS,2.2862160257728377,2.476134924978103,2.965157961211423,1.3578962306116031,2.1163524975222368,2.0155745641046297,1.9170675231376135,0.6741906808631585,1.6807963164069095
SHRIPISTON,1.9951689405765254,2.219250902145693,2.290547691980725,3.060088952893177,1.8577236651466387,1.80634787366641,1.4456608766531922,1.5042800426610443,1.6535031145318213
BOSCHLTD,1.0626305551257336,1.7572031083980086,2.518829879316672,5.030649482999243,1.0290559820056586,1.430019561597045,1.6051807435933831,2.4652413435808036,1.6323744076942226
AVALON,2.087832702495574,1.8166774517680204,2.72882553040032,2.729602886417575,1.9400660824654348,1.4784601765177012,1.7519222774371292,1.3431155843639149,1.628391030196045
TITAN,1.577509722686387,2.1622605523190748,1.7197557638129422,4.484269730995526,1.4865853808344185,1.7599304197910526,1.0468007925859943,2.198794416800307,1.623027752502943
RADICO,1.6156809783019883,1.3964562480677292,3.307146572817898,3.195407564067163,1.520504934653398,1.136198751565101,2.156043583666779,1.5702693622712414,1.59575415803913
RUBICON,,2.89101958053401,3.190754362072903,3.9665749267095642,0.0,2.3534894816555525,2.0747106063215393,1.9463359589120528,1.593634011722286
QUESS,0.5853364597863648,1.7965827121085671,2.5418375104247866,5.363952308149993,0.6049252455850339,1.4620934292680758,1.6212581007267028,2.627779419201275,1.579014048695272
TVSMOTOR,2.0800274327977233,1.7106865185947302,1.6349706308526288,3.9548322251879773,1.9331302020151284,1.3921327672853503,0.9875543253685067,1.9406095264792014,1.5633567052870467
WABAG,1.2274998692317494,1.9492547399889122,2.9384833632175353,3.028016992309189,1.1755613427208975,1.5864416186326427,1.8984277493894934,1.4886398669369434,1.5372676444199944
KTKBANK,1.5750533066427963,2.324681765273552,2.550011059612139,2.1397634309798863,1.484402572465958,1.892219117502692,1.6269696435063274,1.0554751481674711,1.514766620410612
AKUMS,1.1488321578967826,1.9152415978984565,2.5346893534553407,3.617505299661817,1.1056560271789129,1.5587386222667157,1.6162630852945283,1.776109062658669,1.5141916993497064
MOTHERSON,1.8289012261302093,2.5100522137539008,2.1315545326222307,1.92618555201738,1.709975664784411,2.0431994899406254,1.3345590516652301,0.951322003272985,1.509764052415813
NAVINFLUOR,2.039192505470225,2.075861381103284,2.5591537353755727,1.5001129872674686,1.8968436693129378,1.6895600929378394,1.6333583961211515,0.743543942232528,1.4908265251511141
VARROC,1.2488406381336061,1.3845161383003317,2.640523876024619,3.957995960013434,1.1945250720410583,1.1264737806519376,1.6902185224442732,1.9421523497963173,1.4883424312333966
PARAS,1.0528779837150044,1.832629823131746,2.694562769378357,3.374930393437354,1.0203896998646944,1.4914530509996273,1.7279800192039725,1.6578152605173049,1.4744095076463997
PRICOLLTD,1.7761175160704168,1.6729927912202456,1.7046297223569131,3.6561946883414893,1.663071263415786,1.3614320108043252,1.0362309616738405,1.7949762858215155,1.4639276304288669
BAJAJ-AUTO,1.7960266503840974,2.0905401955629968,1.9387039917701694,2.468628029864885,1.6807628206347256,1.7015156818261603,1.1997982410427521,1.2158488834284595,1.4494814067330244
KRN,1.2704663064926436,1.8059373910299448,2.813488485822532,2.61414644282048,1.2137419673185605,1.4697126205640207,1.8110833689849317,1.2868122267438058,1.4453375459028295
ADANIENSOL,1.8159459170109344,1.9463144349404702,2.882705090228107,1.257731588898771,1.6984633815800527,1.5840468013630389,1.8594508025270864,0.6253445059114335,1.4418263728454028
IPCALAB,0.9435923084156221,1.9093180216026777,2.8603152911723217,2.7564357984722094,0.9232767994589284,1.5539139926527026,1.843805176348902,1.3562008916567077,1.4192992150293102
SHRIRAMFIN,2.6929842333163334,2.313209820781292,0.932081130138754,1.6279260220265837,2.4778128656737683,1.8828754574628752,0.4963866134413028,0.8058731010074734,1.4157370093963548
MTARTECH,2.732012667571562,2.655383430450955,2.243432934864368,-0.9386703798130785,2.512494121368424,2.1615687413701776,1.4127378532941237,-0.44575037341331003,1.4102625856548536
INOXINDIA,1.2599115862176915,1.861635789937578,2.3366720068206392,2.831849839041071,1.2043628835908513,1.5150778073033868,1.477891795113522,1.392977216679704,1.3975774256718663
AZAD,1.2958016675458102,1.7964568850037688,2.5469683216974963,2.459356111478412,1.2362553515105892,1.4619909457098768,1.624843427909123,1.211327350281641,1.3836042688528076
FEDERALBNK,1.8330533589171927,1.6826393543598541,1.9041854383251322,2.407908343921128,1.7136653126427348,1.3692889357214515,1.175677239238889,1.186238390624764,1.3612174695569599
NYKAA,1.7629918356412628,1.6377777182806559,1.4456907353488069,3.2380181581756258,1.6514075856942325,1.3327500667758416,0.8552886234423699,1.5910487960018196,1.3576237679785659
TMB,1.9953425932640405,2.1504795661696656,1.1111692483839268,2.1966020442075394,1.8578779755455237,1.7503350517531286,0.6215304677491178,1.083193001476337,1.3282341241310267
CRAFTSMAN,1.6623229244621909,1.767145634613672,2.217753109398766,1.7270765720152494,1.5619516719296096,1.4381175422801629,1.3947932103540606,0.8542247451454434,1.312271792427319
EMIL,0.7962207658448112,1.056498246225477,2.8014446366770973,3.53266066261746,0.7923202226054918,0.8593100341229566,1.802667323757977,1.734733823712915,1.2972578510498352
PAYTM,1.174414555776311,0.9233496049449399,2.242374171756793,3.747625725901371,1.128388932023116,0.7508632368316859,1.411998006913587,1.8395634413316577,1.2827034042750116
NETWEB,1.9686548714398948,1.2951839940279728,2.2543944477561926,1.650425223762006,1.834162863162632,1.0537146082839117,1.4203975796108064,0.8168450360680848,1.2812800217813587
ASTRAMICRO,1.1716269721734835,1.6380985264600936,2.880048065209339,1.550968684902989,1.125911843163551,1.333011358361473,1.8575941168066765,0.7683441737465435,1.271215373019561
BHEL,1.8856042190355933,2.079094643396197,2.6769013317322856,-0.20060495219383756,1.7603628000392777,1.6921935177861656,1.7156384948119372,-0.08582622865704181,1.2705921459950846
BHARATFORG,1.981969806758575,2.4116588579327956,1.9075105508936563,0.08273197187749695,1.8459947156352452,1.9630601493441473,1.1780007736358655,0.05234553262325611,1.2598502928096287
ACUTAAS,2.549210893813829,1.902334533975696,2.1369858822258925,-0.4642832534775819,2.3500537063707556,1.548226087317839,1.3383543901285275,-0.21441128836708317,1.2555557238625097
EICHERMOT,2.072088343824951,1.2278330410906615,1.4758004740443398,2.4395600278704226,1.926075407737532,0.9988586587952694,0.8763288174512303,1.2016736147244664,1.2507341246771246
AUROPHARMA,1.2771103608463188,1.581036034901565,2.5193601103407817,1.7508303740246822,1.2196459742890202,1.286535146546857,1.6055512603796493,0.8658084971449551,1.2443852195901204
PNBHOUSING,0.6284262671271715,1.7469387434300847,3.2538830695361574,1.4852496993709159,0.6432154986976031,1.4216594499481792,2.1188239168350087,0.7362957282067212,1.229998648421878
TDPOWERSYS,2.230524027543145,1.723139418983472,2.0527188249365733,0.32129420024681504,2.066863747394078,1.402275395487623,1.2794699457349246,0.1686825168577659,1.2293229013685978
GLAND,1.1798517200666783,1.4978752374155355,2.108901467104282,2.3767224459886727,1.133220478268987,1.2188024077009059,1.3187294591798002,1.1710303112028597,1.2104456640881383
GRANULES,1.8684353879642102,1.62991828048191,2.2331491407008097,0.5854081432765221,1.7451063176379829,1.326348718255971,1.4055517057643694,0.2974800211248454,1.1936216906957922
ABCAPITAL,1.7502966476893211,1.6049781424060259,1.9283321029194156,1.182475957931763,1.6401264500849038,1.3060354948364914,1.1925505343832927,0.5886454307342296,1.1818394775097294
UNITDSPR,1.247324316117125,0.980476255897444,1.3920148174236133,3.8754010081869907,1.1931776454129464,0.7973917051374377,0.8177807679883706,1.9018741897784306,1.1775560770792963
ASHOKLEY,1.9378333970820456,2.4285372707132598,0.49780757882410626,1.4403681267626516,1.806774435891875,1.976807265287635,0.19292334313625198,0.7144088316907127,1.1727284690016186
TORNTPHARM,1.4090181435758158,1.7948240406390037,1.7232556413924913,1.6340057701614579,1.3368612207690633,1.4606610279568237,1.0492464499205065,0.8088379440496909,1.163901660674021
AARTIIND,1.1858526462664696,2.13493542293141,1.8339247902543596,1.1660861407722236,1.138552991855843,1.7376746705835313,1.126580245022309,0.5806527911888612,1.145865174662636
IIFL,0.9408816168129541,1.112972172944025,1.7270302066252947,3.3945878644434972,0.9208680379911559,0.9053068721243644,1.0518840545042043,1.6674014004111346,1.1363650912577148
AEGISLOG,0.8066744300062528,1.2827595893579855,1.9361897371824792,3.0046190139190987,0.801609506345601,1.043595189251524,1.1980413209695626,1.4772296354778653,1.1301189130111382
UTLSOLAR,,2.028759251710792,2.3624637281799354,2.6985799949950424,0.0,1.651196388816726,1.495914629077955,1.3279869965107496,1.1187745036013577
REDINGTON,0.3180815500295049,1.1531207991877694,1.6582173910395022,4.298239527795564,0.3674384993754269,0.9380070926441121,1.0037987819994714,2.1080751400533098,1.10432987851808
SIEMENS,1.1826172469888694,1.5472185309731685,2.044312459331158,1.4772541421032337,1.13567796722926,1.2589914933923907,1.2735957146419266,0.7323966238675529,1.1001654497827824
AJANTPHARM,1.2261330665751773,1.9872720780683717,1.556824416701763,1.356098279264744,1.1743467812525403,1.6174059492980244,0.9329470262677644,0.6733138939597005,1.0995034126945074
THELEELA,0.9392313093078289,1.295760655772551,1.631782838473774,2.821295834935698,0.9194015498357315,1.0541842872736367,0.9853267480790027,1.3878304630732743,1.0866857620654113
KIRLOSENG,1.6519580219249541,1.7916245448756345,1.6315587615734453,0.6875151784230193,1.5527412631083555,1.4580551052440764,0.9851701667979926,0.347273421443361,1.0858099891484463
NEULANDLAB,1.01763890041506,0.6370788460075674,2.068023451594025,3.138480178989847,0.9890757186176267,0.5177016614199702,1.2901645690713182,1.5425082185834027,1.0848625419230795
BLUESTONE,0.9742033258116104,0.5960943191342987,2.1477559395621197,3.1471910622871873,0.950478211497168,0.4843206172338761,1.3458803304275178,1.5467561579984492,1.0818588292892528
JYOTICNC,0.30815212855244617,1.1113029196980329,1.5016948806103763,4.415042562934852,0.35861506559650846,0.9039473000952778,0.8944234061623088,2.1650351749692556,1.0805052367058376
VIJAYA,1.0556083357824768,1.6024055938312667,2.115561407653548,1.3213859345680845,1.0228159319182069,1.3039402075611144,1.3233833169452554,0.6563861115302607,1.0766313919887094
ARVIND,1.1175198418983734,1.9594818202024424,1.930312040067764,0.860033171566036,1.0778314306185934,1.5947713626250088,1.193934082149942,0.43140334924306983,1.0744850561591535
ALIVUS,0.6842654111747883,1.5905007503882531,1.941762954912314,2.222463640938884,0.6928350048202878,1.294243960335214,1.201935794564139,1.095804638246245,1.0712048494914714
BALAMINES,0.5999954098503693,1.1955007612923731,2.7242107032727247,1.8903707098597329,0.6179514098441553,0.9725246897849362,1.7486975115544428,0.9338565781889882,1.0682575473431306
ENTERO,0.857456074392918,1.529760742002442,1.7616788103831134,2.2308152714911453,0.8467348419419957,1.2447724875996602,1.0760959333442153,1.0998773848773116,1.0668701619407956
PIRAMALFIN,,2.387462990007464,2.232596928808856,1.8581423500337972,0.0,1.9433531184728656,1.405165829106382,0.918140132988914,1.0666647701420404
ADANIENT,0.7768599699226199,1.4623916660511436,2.803118987912677,0.9837102307828821,0.7751159271567291,1.1899017772932936,1.8038373330759523,0.4917155629016644,1.06514265010691
WELENT,0.9915126785406776,0.9594203072489657,1.620080116271815,3.105405611682122,0.9658595635642279,0.7802420731705156,0.9771490767929497,1.526379112807759,1.062407456583863
RBA,0.4638625675533202,1.4403205673594197,2.051430351692804,2.632383013789655,0.4969817116679672,1.17192532674301,1.2785695816600895,1.2957054521459763,1.0607955180542608
GLENMARK,0.9325011180912227,1.877405924867285,2.263456860977109,0.6951192420777972,0.9134210003488974,1.5279222540024304,1.4267302460708056,0.35098161045371257,1.0547637777189616
LUMAXTECH,1.4752293286721139,1.98163209495909,1.1821469995847667,1.079811390258476,1.395697479102006,1.6128123004323947,0.6711285619298504,0.5385801447394999,1.0545546215509378
THANGAMAYL,1.743791069982292,1.5543005515564785,0.9772030279113711,1.5401309206888836,1.6343454955525374,1.2647596517695583,0.5279170592144731,0.7630590420090841,1.0475203121364132
WELSPUNLIV,0.6345658794906938,1.2146717188603167,1.6558240463028058,3.1542940345328803,0.648671250902596,0.9881390357463788,1.0021263517569052,1.5502199853436822,1.0472891559373907
PIDILITIND,1.065176254224843,1.484947211296029,1.831408003903146,1.664466103213157,1.0313181286447093,1.2082727994790357,1.1248215557940877,0.8236921953292667,1.0470261698117749
JINDALSAW,0.6527434330493074,1.6417196646807979,1.6685512183833424,2.3156869317230195,0.6648240993296405,1.33596070008068,1.0110198918990643,1.1412658019198734,1.0382676233073145
ANTHEM,0.9533176486425545,1.308712670057607,1.8635880183695424,2.028471353455887,0.931918883558999,1.0647334333571157,1.1473084247246828,1.0012025805576,1.0362908305495995
ZYDUSLIFE,1.0113978134775505,1.3645713149791665,2.335358759613964,1.144437898807041,0.9835297945747387,1.110229137139854,1.4769741193977197,0.5700958341993857,1.0352072213279244
MARKSANS,0.7277646207956477,1.6184753947370654,2.016911124759388,1.6824410776320633,0.7314890589775936,1.3170287259611664,1.2544481092335387,0.8324578508560534,1.033855936257088
LENSKART,,1.5727327460075906,1.575533689653358,3.8660803973676,0.0,1.2797722905471591,0.946020760870605,1.8973289113353033,1.030780490688267
GRWRHITECH,0.8478961973713306,1.8226538751260433,1.8280372555108164,1.289208958265306,0.8382397909433582,1.4833278489640822,1.1224661318282136,0.6406947239604924,1.0211821239240366
APLAPOLLO,1.7083673537367905,1.3275119130690443,0.46853377982810035,2.4839950761339695,1.602867446683575,1.0800450255482459,0.17246729014686737,1.2233427596877384,1.0196806305166066
RATEGAIN,1.6477047274137355,0.8858967495836906,1.847821160744392,1.2931535407132173,1.5489617214151479,0.720358665592517,1.1362908019316806,0.6426183345387101,1.012057380869514
GLAXO,0.01899926465065669,1.0320725927563736,1.45437091396562,4.547760376362364,0.10166946685073024,0.8394158477084694,0.8613541905990987,2.22975619251631,1.0080489244186521
SMLMAH,1.1136357561816774,1.7806382589301606,1.077509094374518,1.8243603686274703,1.074379973432282,1.4491070039833023,0.5980093014617748,0.9016660504606682,1.0057905823345068
ASKAUTOLTD,0.6794310450055181,1.2345496703766936,1.8102858929537813,2.4062491165619178,0.6885391140822269,1.0043292135651694,1.1100617693759731,1.1854292537029247,0.9970898376815736
PGIL,0.539306806791444,1.4779920424219222,1.3521467824979594,2.9051487348472125,0.5640226012561941,1.2026079591790313,0.7899216358295045,1.4287220726197853,0.9963185672211288
SUDEEPPHRM,,1.3799625540852678,2.3543827174578715,2.7434513895919848,0.0,1.122764981075986,1.4902677506676443,1.3498689296293636,0.9907254153432485
BELRISE,1.332297735461015,1.8741666117662543,1.6601887103515154,0.2967687001703512,1.2686863082571354,1.525283900896819,1.005176307762733,0.15672243945891642,0.988967239093901
OFSS,0.5729209894448434,0.9207632668177921,2.3385314696715924,2.2616415373724874,0.5938926712658108,0.7487567182528705,1.4791911574072945,1.114910086543288,0.9841876583673159
FLUOROCHEM,0.8517308462031775,0.966447936924132,1.616797751037165,2.678983628740378,0.8416473177676934,0.7859659312849603,0.974855413535247,1.3184306548903433,0.980224829369561
M&MFIN,1.491210647651005,1.269688351821207,0.7498206028870215,2.2051441741202122,1.4098987203360307,1.0329489383107398,0.36902593149348634,1.0873586468082597,0.9748080592371291
PRUDENT,0.3710234080688562,1.5396789310405399,1.6666373950918794,2.4801818331006245,0.4144834334254504,1.2528506461581457,1.0096825434166268,1.221483197938651,0.9746249552347185
MCX,1.686233495832199,1.655026007821567,1.47137505698106,0.08742326892971837,1.5831989665063186,1.3467984396429988,0.8732364082303112,0.05463328519387168,0.9644667748933751
JSWINFRA,0.4212751787651961,1.264736800652724,2.048162496574475,2.1776326012358207,0.4591379152637909,1.028916002933544,1.2762860578348665,1.0739423845491598,0.9595705901453403
EXIDEIND,0.743648895202063,0.9876496258595154,2.0111734141293525,2.022091161595651,0.7456040649399238,0.8032342656824829,1.2504386906848297,0.9980912234708933,0.9493420611945325
TMCV,,2.413513826721546,0.9403983567718108,2.654254411628635,0.0,1.964570982817779,0.5021985556751667,1.3063712330743849,0.9432851928918327
FINCABLES,0.9358760574937317,1.6605524769277997,1.834936496931442,0.7342725871144034,0.9164200224364079,1.3512996337155492,1.1272872091371795,0.3700750860444939,0.9412704878334077
DATAPATTNS,1.0434503186191186,1.4321791470564664,1.938725509326979,0.7697205295541217,1.012012134378572,1.16529430934196,1.1998132771602836,0.38736158923045133,0.9411203275278168
MINDACORP,1.2094767172796768,1.2802647600557837,1.4137177225595368,1.4535145725355731,1.1595456978916476,1.0415632027061852,0.8329464039054789,0.7208198124443654,0.9387187792369194
POWERINDIA,1.5268531943022179,2.064658856782674,2.101615289473879,-1.4334881598918912,1.4415712252060873,1.6804358700207758,1.3136379971622492,-0.6870526477652525,0.937148111155965
YATHARTH,1.1758962284566359,0.5483458015963889,1.7465952935433953,2.2080455992244223,1.1297055687281934,0.4454304434206695,1.0655558179399371,1.0887735524658457,0.9323663456386614
RBLBANK,1.332119172321592,0.6018471116212379,1.9065715146852642,1.5812511569556376,1.2685276343565768,0.489006146989868,1.177344590458532,0.783111689534152,0.9294975153347822
SOLARINDS,0.8855547247062118,1.2672013340324588,2.1352710133086323,0.9347457300688458,0.8717037266740166,1.0309233140805392,1.3371560677158436,0.4678375903216929,0.926905174698023
STARHEALTH,1.151491285699405,1.1042296328633128,1.8204274393049733,1.150929481953985,1.1080189682757662,0.8981862551745736,1.1171485164559334,0.57326151223394,0.9241538130350533
ABB,1.113596022641184,1.7604141055785538,1.6396396737997703,0.3614049455184296,1.0743446656085427,1.4326348519747196,0.9908169763810886,0.1882428771553494,0.9215098427799251
JSWSTEEL,1.4803537441103933,1.1828464676265427,1.7558661771147404,0.4793211806620638,1.4002511119979195,0.9622180309497843,1.0720341600785752,0.24574577391594157,0.9200622692355551
NAM-INDIA,1.408110370123062,1.5911539047605336,1.7818752785601302,-0.10830282630723924,1.3360545595788682,1.2947759409782713,1.090208895699523,-0.040814279206866505,0.9200562792624489
QPOWER,0.9498208373407933,0.5816163553933332,1.9140392571224991,2.143116250879885,0.9288115642625274,0.4725286170759567,1.1825629269999558,1.057110180496409,0.9102533222087121
PVRINOX,0.8257281236369849,0.2513307016752799,1.3265440227980752,3.75990922985593,0.8185409060633985,0.20351782588426123,0.77203084518881,1.8455536008622508,0.9099107944996802
CHOLAFIN,1.0773241786180816,0.8846653489175942,1.0338578031300416,2.5786456818954173,1.042112957596496,0.7193557153773577,0.5675064915301393,1.2694999661555186,0.899618782664878
IDEA,1.4068058705939845,1.6267350465597255,1.4365796558993646,0.1256778051285802,1.334895361609879,1.3237560404744344,0.8489219498161107,0.07328844869182402,0.895215450148062
DCBBANK,1.1297202317002386,1.2445887018080521,0.8965103438903124,2.028544506024377,1.0886728811242916,1.0125057957380463,0.4715303285268823,1.001238254055728,0.8934868148612369
EPL,0.7907374824531215,1.667488758408833,1.119066502627327,1.5501200914453117,0.787447694230158,1.3569490906269712,0.6270489401310481,0.7679303496286933,0.8848440186542176
HSCL,0.8521050781541675,1.375740664625779,1.9643131860122385,0.6824769761912117,0.8419798659272357,1.1193263399753635,1.2176935280365133,0.3448164974884728,0.8809540578568963
CUMMINSIND,1.6447973222350643,1.319895856111407,1.7987076320638729,-0.48436084514702543,1.546378157294946,1.0738419056583217,1.10197106962357,-0.22420230382447978,0.8744972071880895
GOKULAGRO,1.0537567916707553,1.1783332160124067,1.5912349148505236,1.0757949063381453,1.0211706218771066,0.9585420814379041,0.9569925207940541,0.5366214707712373,0.8683316737200756
CARTRADE,0.6662085000365882,-0.05540778593273336,1.2498293622136414,4.301282556135937,0.676789361068753,-0.04631428856420658,0.7184238923573056,2.109559099783561,0.8646145161613532
APOLLOHOSP,0.8452112304832116,0.8646809114362684,2.0733138523798362,1.1716452170822802,0.8358538888451702,0.703078806956256,1.2938614148009895,0.5833637240027528,0.8540394586512922
J&KBANK,0.9725121626318362,1.4081667453945657,1.7344603314090685,0.41378823644862733,0.9489754183726583,1.1457367079240224,1.0570761044433106,0.21378805307340737,0.8413940709533497
CAPLIPOINT,0.46819819649243055,0.880359111466197,2.007577092961115,1.8049955638103201,0.500834416976387,0.7158483745927393,1.2479256401445038,0.8922226318268116,0.8392077658851105
SUDARSCHEM,0.329075108590035,0.9861629038886374,1.5729111193253444,2.486189100338275,0.3772075414266293,0.8020233615782151,0.9441881515257928,1.2244126950291843,0.8369579373899554
CHENNPETRO,1.2995747264917505,0.8179201130585351,1.1978236443239203,1.5233155236862805,1.239608148632796,0.6649931098430308,0.6820831454303943,0.7548588646827709,0.8353858171472479
VOLTAMP,0.5287030713862447,1.3388319044896257,1.273365330612309,1.9396751710529643,0.554599961944013,1.0892649229735616,0.7348704429667879,0.9579003355085591,0.8341589158482304
CGPOWER,1.3152574838026052,1.2386955957457302,1.8003905156086202,-0.09030360811018086,1.2535440834627236,1.0077059834950504,1.103147041179944,-0.03203680098687352,0.8330900767877111
MEDANTA,0.18942137074236523,0.4399841092519667,1.8634160542896525,3.1667920174472513,0.2531091223269546,0.35717210018264245,1.1471882590321132,1.5563147374392297,0.828446054745235
RKFORGE,0.23795800146970486,1.3184788427518301,1.2530145452479395,2.4110400938790586,0.2962395049040225,1.0726877777672135,0.7206496462794181,1.1877656162378574,0.8193356362971279
NAZARA,0.07558361576590313,1.0995687761667976,1.4737744124104564,2.7511346757298325,0.1519511752203438,0.8943900843949885,0.8749130386468416,1.353615752185465,0.8187175126119097
LLOYDSENGG,0.5353380680990275,1.4347194932466687,1.9437154705617539,0.605960274663374,0.5604959201580781,1.1673633684452975,1.2033001806348704,0.30750245007967686,0.8096654798294808
UNOMINDA,0.8033171997410021,0.699691251160642,1.0213632439759657,2.6496182590407114,0.7986262208647238,0.5686981623549514,0.5587754975047431,1.3041103721903429,0.8075525632286902
INDIAGLYCO,0.7835120292695634,1.0961922229268644,1.2121795792805716,1.7225359598211931,0.7810270474850182,0.8916399520524232,0.6921148384889374,0.8520104753809223,0.8041980783518252
KALYANKJIL,-0.05427936854561596,0.6273821360936956,1.481380428746838,3.552215085902518,0.03655296747452603,0.5098038929988394,0.8802279987323561,1.744269711472594,0.7927136426695789
HYUNDAI,0.6785984280106304,0.46056679190223815,1.2416579484603225,2.79516432113264,0.6877992380547497,0.3739362668434315,0.7127138417841332,1.3750871988519828,0.7873841363835743
SHAILY,1.4467694674653822,0.8648274532145253,1.2873707062940534,0.6165984295839477,1.3704076169186967,0.7031981621848824,0.7446571709251609,0.3126902405766834,0.7827382976513558
AUBANK,1.3158260552704384,1.1857568119494557,0.9825321198834116,0.719958410097121,1.2540493246498963,0.9645884458319742,0.5316409417136402,0.3630946508038759,0.7783433407498467
GRASIM,1.162868878129833,1.312470315425142,1.3038869018574275,0.30425272009129056,1.1181292686195827,1.0677939573064885,0.7561984188401827,0.1603720880789201,0.7756234332112935
UJJIVANSFB,1.17324962268764,1.134880193883583,0.34890713572454735,1.92079597462227,1.1273537548994026,0.9231504992394123,0.08887414355668921,0.9486937281066626,0.7720180314505417
HEROMOTOCO,1.2469977250434878,0.6404366598996751,0.46248434904506774,2.367554183119986,1.1928874316560136,0.5204365309537268,0.16824004664252368,1.166559326587638,0.7620308339599755
ACMESOLAR,0.5839912362526881,0.8035526332842274,1.7429178926378492,1.4595634384722365,0.6037298596509527,0.6532910965766099,1.0629861102024027,0.7237695955090208,0.7609441654847465
ALKYLAMINE,0.21373442402137804,0.7980820756037084,1.6365729599145729,2.276062509603587,0.27471406840224505,0.6488354411966989,0.9886740067669487,1.1219426014160887,0.7585415294454954
GVT&D,1.865537301993042,1.5903491497345983,1.0506986108595306,-1.2221650611098431,1.7425310347062133,1.2941204847578591,0.5792745731291646,-0.5839990664022576,0.7579817565477449
BAJFINANCE,0.7247470275927685,0.7196331369797312,1.3944286864799873,1.7902493961580765,0.7288075801161277,0.5849404133327281,0.8194675402905702,0.8850315325257827,0.7545617665663021
ZENTEC,0.08630768435266171,1.1535836217628344,2.15328380300956,1.120354506666415,0.1614807444137217,0.93838405199944,1.3497431111897393,0.558351354652355,0.751989815563814
UNIONBANK,1.3380965391883315,1.3241838265508807,0.5284460583053556,0.68441971417879,1.2738392127645264,1.0773343683418937,0.21433301257711004,0.3457638908800318,0.7278176211408904
INDHOTEL,0.45233435348202855,0.8063595469899383,1.183653196247223,2.2128105812039633,0.48673756666090395,0.6555772693736417,0.6721810675764133,1.091097238144089,0.7263982854387621
KEI,1.1644098318120057,1.5547439831167953,0.9775559972446942,-0.04393830056780431,1.1194985833175684,1.2651208175469313,0.5281637084241322,-0.009426347984920466,0.7258391903259278
INDUSINDBK,0.7718853837234662,1.531363184177185,0.9693677691232322,0.7142832703767868,0.7706954347839191,1.2460776434016574,0.5224419082449122,0.3603271186396849,0.7248855262675434
ENDURANCE,0.4852093957513153,0.8194240907564829,1.8769286860267334,1.0171017579816064,0.5159508253701233,0.6662180683778783,1.156630665563547,0.5079992369762977,0.7116996990719616
STYL,,0.4236253568805905,1.698544974527133,2.9546902615242985,0.0,0.34384823682741006,1.0319790391936048,1.4528814370228678,0.7071771782609706
ETERNAL,0.5854839796702183,0.4748132515931486,0.4454651801777628,3.324408948797706,0.6050563339801898,0.38553971177054286,0.1563473291912501,1.6331780304380805,0.6950303513450158
DYNAMATECH,1.328132238144878,1.3267386641637637,1.006616174517983,-0.2738780284204062,1.2649847844765088,1.0794152304074154,0.5484704860399929,-0.12155849345039284,0.692828001868381
GAEL,1.109274262418471,1.3890984311729442,0.9374629102651166,0.10660934455532653,1.0705042842508197,1.1302059628319903,0.5001473135628384,0.0639895449540004,0.6912117763999123
LALPATHLAB,0.277369699887583,0.158613972030465,1.1823528729014814,3.322972861167481,0.33126133491781495,0.1280019791688916,0.6712724228437138,1.6324777095820133,0.6907533616281084
BALRAMCHIN,0.23784638986059717,1.1112913167679765,1.306491016055843,1.608137489090289,0.29614032514373173,0.9039378497502221,0.7580181313428361,0.7962230476022468,0.6885798384597592
NUVAMA,0.5716539831177063,0.984647811034299,1.331096572254078,1.103997510539438,0.5927667903219116,0.8007893499798113,0.7752120924509606,0.5503747205742975,0.6797857383317452
ICIL,0.42722777697587383,0.7686826219533824,1.2251231768828674,1.8709822726337497,0.4644274838701567,0.6248901980471765,0.7011596132536326,0.9244016350015901,0.678719732543139
ADANIPOWER,1.5971224501882142,1.2893833211496584,1.9360621734949883,-2.159370269683314,1.5040135464869864,1.0489900809456107,1.1979521815465861,-1.0410354896432434,0.6774800798339848
MAHABANK,1.2002755943275543,1.4930920289782221,1.1708971272779611,-0.69990488742445,1.1513694411734379,1.214906583974772,0.6632673347600109,-0.32931426567894195,0.6750572735573197
GABRIEL,0.6572884334061939,0.4409232811477864,1.7608135370351632,1.122683467082181,0.6688628552397208,0.35793703614614975,1.0754912944499473,0.559487092832803,0.6654445696671553
CGCL,0.4916480269789886,0.4390192814527311,1.539092456132804,1.6867817966194318,0.5216722902505807,0.35638626801974244,0.9205562216081506,0.8345746409273557,0.6582973552014574
CEMPRO,0.6682859972995713,0.6469306769066641,1.555549807569524,0.9807864858342403,0.6786354564901396,0.5257257726552561,0.9320563502078039,0.49028977277419594,0.6566768380318488
PFOCUS,1.1435022253952987,1.0523178568600282,0.11572421511965482,1.4175448637521808,1.1009197687189811,0.8559051939852473,-0.07407027581176916,0.7032788652782649,0.6465083880426811
TATATECH,0.3807168238550417,0.7325734567314663,1.4015468833013875,1.4974838698139217,0.4230971489856711,0.5954800344621987,0.8244416200602407,0.7422618298133296,0.64632015833036
EMCURE,0.5439597663238133,1.0125942872295641,0.7589647448134399,1.649342364365004,0.5681572913189235,0.8235511732309229,0.3754157086390762,0.8163169700894162,0.6458602858195847
MANAPPURAM,0.9578278950122261,1.218678975057153,1.0907072735383998,0.06342714831800718,0.9359267565515343,0.9914028625214254,0.6072319736669297,0.042931364381108686,0.6443732392802496
NEOGEN,0.34336846304658836,0.6444783098145382,1.5948062990865308,1.4082857124775598,0.3899088319114164,0.5237283706963191,0.9594881458131089,0.6987635581266527,0.6429722266368743
KOTAKBANK,0.3473548922854502,1.007421287988068,0.7701494095890851,1.9202323211097154,0.3934512330960885,0.8193378730069389,0.38323136985032913,0.9484188574775106,0.6361098333577168
CUB,0.9732620252874509,0.9854282957898117,0.4138238581048689,1.3124735068898055,0.9496417576453328,0.8014250385700664,0.1342368897137633,0.6520398872122434,0.6343358932853514
JAYNECOIND,1.719680688317168,0.80807940787321,0.9185525430903488,-0.5315945665705006,1.6129206465320598,0.6569780602700683,0.4869330575987066,-0.24723624654936585,0.6273988794628673
MANORAMA,0.05058784397996743,0.8339358747442943,1.0056192756009892,2.3388885343082935,0.12973955517624322,0.6780376144230015,0.5477738693462093,1.1525802689779179,0.627032826980843
IFCI,0.5262363816492268,0.9738804752698629,1.0270774221904764,1.2041257472286273,0.5524080242165229,0.7920195790847963,0.5627684719855327,0.5992031422937084,0.6265998043951401
TBOTEK,0.35233197837158725,0.5229299710155308,0.15066609133970926,3.4943686139792822,0.3978739469062001,0.4247297783557945,-0.0496534629613607,1.7160603669415844,0.6222526573105546
POONAWALLA,0.76443668584358,0.4502014592722918,0.06933988235107699,2.881843319563287,0.7640764094324226,0.3654939191351437,-0.1064828905571507,1.4173569803795023,0.6101111045974794
LTF,1.5249958485230304,0.723878742741166,0.42542907785135625,0.5282563152993145,1.4399207597157182,0.5883983708677125,0.14234642787517474,0.2696094258683964,0.6100687460817505
ELGIEQUIP,0.14641199899461807,1.2199942024394048,1.6212774454918817,0.44254292243187593,0.2148903454963086,0.9924740878523283,0.9779857509114939,0.227810530448672,0.6032901786772007
SUNPHARMA,0.6630064198155193,0.8291479266625172,0.9757467529786378,1.066181872271841,0.6739439442586536,0.6741379303550912,0.526899438057917,0.5319335895409945,0.601728725553164
MSTCLTD,0.20885642998250195,0.5145145436244154,1.0261221968471073,2.310692312890769,0.2703794092808225,0.41787558788395296,0.5621009761048844,1.1388301317959113,0.5972965262663927
KIRLOSBROS,0.2674381541356362,0.48267219336129685,1.1992280080124786,1.941622156343032,0.32243601347617157,0.39194065628381486,0.6830644918567135,0.9588498001348066,0.5890727404378766
ICICIBANK,0.01002249372538742,0.8214995939088355,0.6238539661227398,2.6481958318135868,0.09369257272949331,0.6679085225009989,0.28100250150080647,1.3034167129508738,0.5865050774205431
TATACAP,,1.225690201327821,0.7566884208626733,1.9524215382095136,0.0,0.9971133604042868,0.37382505061193594,0.9641162143803943,0.5837636563491542
PHOENIXLTD,1.0255423029457102,0.865514094725003,0.9704865881831274,0.17507550864246668,0.9960988013841752,0.7037574174050815,0.523223720744816,0.09737767645515381,0.5801144039973066
KARURVYSYA,1.0056043751173591,0.8163168340682042,0.3261154632569812,1.2122027324100855,0.9783816578135488,0.6636872724721528,0.07294769479693505,0.6031419556764498,0.5795396451897715
APOLLO,1.3933207006913644,0.8941300319975647,1.6873503059903128,-1.6424106012179303,1.3229122361168035,0.7270645027711177,1.024156387517304,-0.7889355272509165,0.5712993997885771
KRBL,0.21783839060171614,0.619906807604549,0.9805038291526317,1.9610197532978018,0.2783609150424215,0.5037153935177211,0.5302236052527192,0.9683092101450992,0.5701522809894902
ENGINERSIN,0.23153557283309853,0.9618157828621711,1.407213559944704,0.6978596631984727,0.29053243789051597,0.7821931382038728,0.8284014012183065,0.3523180010922943,0.5633612446012474
PRIVISCL,0.8071574129288682,0.3907356696176754,1.9171240687846918,-0.15340636251221246,0.8020386922597947,0.3170602710376607,1.184718543045304,-0.06280941823732278,0.5602520220263592
ACE,-0.051146951869696464,0.26250520073345823,1.2908301655213565,2.4984255709819996,0.03933648020704652,0.2126192228083236,0.747074584574752,1.230379918349052,0.5573525514847935
KPIL,0.5453507590318412,0.5669624859421332,1.598292547011408,0.4534519428137748,0.5693933484320794,0.4605933453779245,0.9619242789673726,0.2331304108876583,0.5562603459162587
INDIANB,1.3290883091062047,0.5710997804292408,0.5797359379309105,0.38422069237071743,1.2658343635617257,0.46396308563409666,0.25017354340751774,0.19936917824666897,0.5448350427125023
3MINDIA,0.786530303751504,1.1898342229968313,0.45032625129024373,0.4994919747788798,0.7837091317413398,0.9679094122727527,0.15974416635186747,0.25558224037253746,0.5417362376846244
JLHL,0.3698737934532117,-0.1754518837585948,1.4275737952401868,2.1323582400984122,0.4134618685280541,-0.14408770793771397,0.8426288013633154,1.051863941226958,0.5409667257951534
LODHA,0.006688923270759026,0.14571672055904755,1.0057736555602215,2.8554545944475547,0.09073031171340788,0.11749743625742143,0.5478817475422366,1.4044882847827918,0.5401494450739645
IMFA,1.9564568563146094,1.1181709334800605,0.2948501687991976,-1.3180641589390947,1.823323522830381,0.9095411543866176,0.05110001728010865,-0.6307651110880652,0.5382998958522606
AIIL,0.47274479889285465,0.7497441258150633,1.2331869876296835,0.6555796867508789,0.5048745964865327,0.6094651870822766,0.7067944726019442,0.3316997959931849,0.5382085130409846
PPLPHARMA,0.0487977582371083,0.3196951004521122,1.433720061385749,1.8390911661815939,0.12814885796924116,0.25919920591779855,0.8469237118386396,0.9088496543971756,0.5357803575307137
SKFINDUS,,,0.7557062428807643,3.5815976129930243,0.0,0.0,0.37313872066734355,1.7585983611262452,0.5329342704483973
OPTIEMUS,0.1379298748515488,0.1040552330701725,1.1668813595828398,2.357034664032883,0.20735300197092266,0.08356502173852642,0.6604611818320745,1.1614293899058916,0.5282021488618538
SAIL,1.1278672094610251,1.3389767100114147,1.1072739605078679,-1.4349129131876976,1.0870262575967942,1.089382864057429,0.6188085041525091,-0.6877474413327225,0.5268675461185024
PARADEEP,-0.05470664445519699,0.2637468403609648,1.3783631720612077,2.1232531564801147,0.03617328365284258,0.2136305124444627,0.8082412210042652,1.0474237665329325,0.5263671959086258
IDFCFIRSTB,0.40929382312858875,0.13293413819739744,0.14471291785389617,3.2516455331860055,0.4484911018229951,0.10708628894941302,-0.05381344343732856,1.5976943061589681,0.524864563373512
KAJARIACER,-0.06260986442940814,0.12502086361028153,1.684686677872625,1.89135940054353,0.029150363108700915,0.10064109148584292,1.0222950876591317,0.9343387219603636,0.5216063160535098
URBANCO,,0.35650946538115763,0.9213435220079792,2.615082068067781,0.0,0.28918373998792307,0.48888334811751116,1.2872684926849343,0.5163338951975921
EQUITASBNK,0.6179581910123229,1.0724875751134968,0.7133343667612362,0.4161593796789225,0.6339134082781919,0.8723330097392762,0.3435299451449398,0.21494436207708406,0.516180181309873
CONCORDBIO,-0.32597450666256644,0.39683543458592624,0.9700710336212143,2.893975577350123,-0.2048794326675938,0.3220284026586402,0.5229333379988105,1.4232733833764224,0.5158389228415698
GNFC,0.17458003447847395,0.7794788277734268,1.0351528223458466,1.1855249057022932,0.23992088693804903,0.6336834830016533,0.5684114298234025,0.5901322771270412,0.5080370192225365
CORONA,,,1.5627413723551122,2.12703765239471,0.0,0.0,0.9370816983134822,1.0492693094948728,0.49658775195208876
PTCIL,0.561460488322557,0.35459167854336365,0.2927223088702679,2.1323405454796935,0.5837086970071547,0.2876217425206871,0.04961310348849201,1.0518553122893721,0.49319971382642647
MOTILALOFS,0.36018536030856163,0.12425127503513846,1.2004354249360316,1.5633197156559784,0.40485258061829965,0.10001427760773227,0.6839082150978224,0.7743672633186531,0.49078558416062684
SMARTWORKS,0.6922698877709121,-0.340666679147152,0.7646847782004902,2.3440527396134363,0.6999479035268217,-0.2786517204030865,0.3794127746188799,1.155098639447857,0.48895189929761806
LLOYDSME,0.3672368311262084,1.2331194665066882,2.000035870904979,-1.4648090484535925,0.41111862400735644,1.003164342277832,1.2426559572445806,-0.7023265565634741,0.4886530917415737
THYROCARE,0.22625278098278953,0.3299901168076508,1.3579132520167847,1.1570095390530437,0.2858380693246629,0.2675842824839731,0.7939511506203539,0.5762265059452791,0.48090000209356726
DIXON,-0.34697255529182736,0.04517223348142433,1.187493110000358,2.8684586233108074,-0.22353861558120638,0.035606044020919304,0.6748643366396296,1.410829814668685,0.4744403949370069
FEDFINA,1.2699377173590076,1.054954540014414,0.7403720830882146,-1.13456581133998,1.213272255036967,0.8580527175409893,0.36242346005812476,-0.5412805161560941,0.4731169791199968
BALUFORGE,0.11811883682786598,0.1888686895823743,0.9850394795608778,2.0537447525878685,0.18974861459574002,0.1526438169668726,0.5333930437360901,1.0135273775569726,0.4723282132139188
TI,0.09629945511435062,0.15730419430369683,1.2861116839340583,1.6662349451144212,0.1703595827079352,0.12693519246896443,0.7437773866472681,0.8245547867536819,0.46640673714446235
ATLANTAELE,,1.248170610983489,2.2019430697250986,-1.178578131092261,0.0,1.0154231862163006,1.3837454126502866,-0.5627435138156341,0.4591062712627382
TRIVENI,0.24170260399588533,0.6881553459257945,0.6337779019099498,1.369932973256391,0.29956701522216755,0.5593024076214206,0.28793718587006495,0.6800605050548311,0.456716778442121
MAHSEAMLES,-0.20965265448633083,1.0860310549051144,1.533215572811015,0.16471218854133732,-0.10151407929937564,0.8833638921685262,0.9164495514537457,0.0923239115927808,0.44765581897891926
NESTLEIND,0.7205606094113752,0.618465825453499,0.8606151890122161,0.18962148386906932,0.7250874657388975,0.502541743544786,0.4464473801077624,0.10447115014619049,0.44463693488440914
EMMVEE,,0.9397466816963093,1.422573135680321,0.2842796447990664,0.0,0.7642183145968323,0.8391344220737519,0.1506320409588497,0.4384961944073585
SPARC,0.7747090569705755,1.2595908132998477,1.6334581490728948,-2.178095546445283,0.7732045934460562,1.0247247033306812,0.9864974277845635,-1.0501670367550167,0.433564921951571
HEG,0.3165967717109967,0.09243042665117325,0.5149591274999867,2.1252832049606565,0.3661191029533897,0.07409685884067678,0.20490856543731684,1.0484137376599227,0.4233845662228265
DEVYANI,-0.09412868547412848,0.14050937059452298,0.7205244335292554,2.4737484280524416,0.001142263047664017,0.1132561580844233,0.3485542464603885,1.2183458909693934,0.4203246396404673
MRPL,0.7766809193810472,0.5946056268187655,-0.02130339143596639,1.1898950381031805,0.7749568201432645,0.4831081083248926,-0.169822930979374,0.5922634109100376,0.42012635209970517
AEGISVOPAK,-0.03246825522111535,0.11391412813645449,1.1918760034059988,1.716844398432919,0.055934651947066184,0.09159488659096841,0.6779270310225775,0.8492349350448707,0.4186728761513707
SHYAMMETL,0.27155317078573454,0.9321318047661469,0.7739058528548975,0.37350767579809935,0.3260926793751041,0.7580161558147284,0.3858563110992447,0.19414488080179734,0.4160275067727186
CHALET,0.04309299345151432,0.2764256877394929,0.6879490931352664,1.9808204153736682,0.12307951788469634,0.22395716976760568,0.3257911302233194,0.9779651784326975,0.41269824907707975
COFORGE,0.046398988243409336,0.00048034204150689924,0.7399242436225195,2.2835282298185047,0.12601727475070615,-0.0007945714486480859,0.3621105171482467,1.1255833260223225,0.40322913661815685
INDIGOPNTS,-0.19992221983047637,0.5551844806864275,0.8547752157416699,1.5548202228580883,-0.09286746821287993,0.45100040521588514,0.44236650209479306,0.7702224103535027,0.3926804623628252
ETHOSLTD,0.22788651448833422,0.1398445522174762,0.7963741306451586,1.4975525411074897,0.28728982957392596,0.11271467735223016,0.40155677693630604,0.7422953179780394,0.3859641504601254
SAREGAMA,-0.028653147369065338,0.30076542084713553,1.226044280680836,1.0568070116868613,0.05932481436184227,0.24378137583582027,0.7018032655552194,0.5273618557190456,0.3830678278679819
CARBORUNIV,0.11055854753739205,0.6744478968224901,1.5406859688960621,-0.2818670546983873,0.18303042743266246,0.5481379756002599,0.9216697423209531,-0.1254544128945713,0.38184593311482606
MARICO,0.6035440336339535,0.810575475335205,0.9319884647088198,-0.5378089691597221,0.6211047704939264,0.6590110552707907,0.49632186035116654,-0.25026675502923273,0.38154273277166273
TIPSMUSIC,0.2321108474941942,0.9632788026431635,0.94557710375045,-0.15123861608205533,0.29104363563638613,0.7833847373677585,0.5058173795465786,-0.061752297485251365,0.37962336376636796
SOUTHBANK,0.8226671748020208,0.391500428711333,0.25514186083219514,0.6314194236444023,0.8158209007329406,0.31768315140361053,0.02335249971320074,0.31991782963860976,0.3691935953720904
POLICYBZR,0.12140610350053554,0.34763827649960755,1.4348932013951678,0.28487098160802377,0.19266972937236215,0.28195834126723285,0.8477434829315514,0.15092041159275596,0.3683229912909756
ASTRAL,0.317928598715843,0.4680885661681218,0.9162512581343549,0.447378915117465,0.36730258452977227,0.3800625954430926,0.4853249572284775,0.23016884512684735,0.3657147455820474
LTFOODS,-0.08677898652233251,0.5384372433445953,0.8203591707903007,1.1617550467874318,0.00767331645757197,0.437360128937197,0.4183171315533644,0.5785406948353392,0.36047281794586816
PETRONET,0.12146478662178309,0.8944595502372262,0.5450813480644499,0.5679567585740322,0.19272187607954588,0.7273328885195315,0.22595748157248122,0.2889696987620742,0.3587454862334082
OBEROIRLTY,0.18861033795800097,0.010201398110569722,1.5323543230537466,0.5048081338596448,0.25238842635469644,0.007123026409204267,0.915847724178981,0.25817471244741125,0.35838347234757323
OLECTRA,0.11421946140721988,-0.10455457996259031,1.4750695394645832,0.8900859660768288,0.18628357074774693,-0.08634332947978074,0.8758180522957643,0.44605886074253703,0.35545428857656686
LOTUSDEV,-0.11058642689966654,0.07824179274238638,0.7501678216310439,1.9550672754092446,-0.013482334362598412,0.06254051180965996,0.36926856228519184,0.9654064315660641,0.34593329282457935
PARKHOSPS,,,2.468453913071948,-0.428486581415817,0.0,0.0,1.569978840518414,-0.1969547240913235,0.34325602910677266
VTL,-0.136212507339325,1.127697281885782,1.1224077449668894,-0.30831871133743965,-0.03625405618898828,0.91730016690485,0.6293837457487881,-0.13835379760617839,0.3430190147146178
HCG,0.6295159448669442,-0.3723272471210426,0.8947487454679947,1.1213432151302987,0.644183802782535,-0.30443859411182256,0.47029935229869063,0.5588335070943472,0.34221951701593756
INDIGO,-0.26658868211993353,-0.27878790724620856,0.9395706171459864,2.4725711582294907,-0.15210829273068754,-0.22825274848390933,0.501620144733369,1.2177717849100707,0.33475772210721066
BRIGADE,-0.5433176240651012,-0.2269360390218069,0.8987631028463923,2.9486940196610565,-0.39801380692451316,-0.1860204809337085,0.47310451972031675,1.4499573165538455,0.33475688710398516
SBIN,1.108855831728672,0.4728162311861867,-0.7982550333869295,1.1806744198034174,1.070132460424926,0.38391318021019427,-0.7127440585073298,0.5877668947050023,0.3322671192081982
M&M,0.4458183281175558,0.41272466709987676,-0.06514132900483956,1.433217430353411,0.48094732818245756,0.33496985186144285,-0.20045616631642593,0.7109217312343079,0.3315956862404456
NIACL,-0.021586496057230228,0.24759622644999352,1.0618384927343136,0.9284450678052205,0.06560434736713813,0.20047617353354288,0.5870589407801531,0.4647650165473753,0.32947611955705236
HAL,0.026050193104488258,-0.062429563791080646,0.7363862105207848,1.8128758680476258,0.10793502828711546,-0.052033380495637584,0.3596381973575302,0.8960655320046189,0.3279013442884068
BLUEJET,-0.3530921657987496,-0.011218868146427538,1.139314167003639,1.8123910208830665,-0.22897659383455737,-0.010323334667836498,0.6411976775549003,0.895829091989261,0.3244317102604418
SCHNEIDER,0.38212688418814045,0.7976527690219948,1.461094780411823,-1.367416483966474,0.42435014987823283,0.6484857799204354,0.8660527187380614,-0.6548322096304137,0.32101410972657896
AVL,0.952127977621915,-0.1233186029533951,0.4311444580144462,0.5993648536933766,0.9308617239355945,-0.1016262356970896,0.14634024225801576,0.30428613461074727,0.319965466276817
GODREJPROP,-0.2480352727205267,-0.20801784237220386,1.1241186518601676,1.8807887566050563,-0.13562145313111396,-0.1706120034799037,0.6305792995637738,0.9291838537918996,0.3133824241861639
SUPREMEIND,-0.276643192437635,0.45295942765093755,0.9461238285082431,1.0658522484769453,-0.16104288234123654,0.36774022698190983,0.5061994218847646,0.5317728455770726,0.3111674030256276
POLYCAB,0.9672104632584675,0.8040673108492766,0.7681191942555194,-1.5716154424729534,0.9442642482964629,0.6537102907420963,0.381812688508391,-0.7544116408708661,0.30634389666902107
TRAVELFOOD,0.36940244044248605,0.16744102698826557,0.476423841249309,0.9813693523294585,0.41304301712908387,0.13519143172718392,0.1779807363020372,0.49057401278456353,0.3041972994857171
NMDC,0.8306612933473972,0.784628475225568,0.3865080609702805,-0.7826989872187909,0.8229245951192571,0.6378777636791949,0.1151490564705051,-0.36968954196774884,0.30156546832530207
AEQUS,,,1.5456437545370125,0.5272129552421603,0.0,0.0,0.9251341620156818,0.26910062209275365,0.2985586960271088
HCC,-0.09658658284821879,0.06679670448712756,1.0527968236299952,1.0552312726613895,-0.0010418616534346244,0.05321872561596048,0.5807407699702881,0.5265934326228284,0.28987776663891063
ADANIGREEN,0.5582536921014297,0.5298696331878857,1.4948297713422052,-1.556102248277252,0.5808590894882296,0.4303819887699407,0.8896261798444406,-0.7468464942803578,0.28850519095556326
HINDALCO,1.2567843978477224,0.9399723025498389,0.04818005040758832,-1.4589834512878064,1.2015840168099037,0.764402078086509,-0.1212690357903517,-0.6994856524930131,0.28630785165326195
JSFB,0.2543917952031813,0.35046554776246186,0.9671250326110713,-0.03017393582302928,0.3108428220337014,0.2842610948708854,0.5208747205717219,-0.0027140335701173147,0.2783161509765479
LGEINDIA,,0.2460119789822802,0.6805185146913623,1.1867975964392,0.0,0.199185836941761,0.32059876327391795,0.5907529160404476,0.27763437906403166
BANKINDIA,1.054454666786076,0.5325222153178629,-0.33856511732908906,0.07080486540675232,1.021790764236882,0.4325424617104192,-0.391520247315351,0.046529173483190356,0.27733553802878513
BAJAJFINSV,0.0692191617452274,0.2234360301202822,0.2739209683566889,1.44576455495198,0.14629562532550364,0.1807981964345119,0.03647503357588141,0.717040447707531,0.27015232576085696
GRAVITA,0.11040571144436263,0.38149844964523394,0.3167888420778695,0.9328235698220906,0.18289461497380072,0.30953674761111966,0.06643040412762848,0.46690023184775725,0.25644049964007654
ASAHIINDIA,0.11910640286527287,0.06260791882583475,0.055940649227062544,1.8076275778701925,0.19062618068088416,0.04980704687002646,-0.11584605598844146,0.8935061568017475,0.25452333209105416
DELHIVERY,0.5735311332321833,0.32578900511025105,0.6656551207326155,-0.3445070873958715,0.594434854243505,0.2641625644381541,0.3102124661464523,-0.15600137980626047,0.25320212625546273
RAINBOW,-0.5777742836513633,0.18123036306240867,1.4718591797225862,0.8230531578206454,-0.4286325146512976,0.1464225589818966,0.8735747053011962,0.4133697179113348,0.2511836168857825
VIYASH,0.8089823430651624,0.3927579674984886,0.7730400614875346,-1.0641886097520359,0.8036603527206732,0.3187073905743974,0.38525131022146497,-0.5069604502866114,0.250164650807481
GAIL,-0.09104973935413688,0.21965388974755842,1.1082733020196156,0.3739432048695415,0.0038782610372116353,0.1777177218131921,0.6195068276916437,0.19435727041210732,0.24886502023853868
DEEPAKFERT,-0.19306421366422238,0.07922804943733347,1.568598447184089,0.08606276220885935,-0.08677334043281107,0.06334379736214814,0.941174526616385,0.05396982203787495,0.24292870139589925
CREDITACC,0.22988647584327224,0.27194923868436016,0.34947247288510536,0.7319689908307541,0.28906702541725515,0.22031119517411474,0.08926919193817262,0.3689517169077892,0.24189978235933296
BEML,-0.05685488184878378,-0.0687195727431086,0.7957683311256587,1.1779267466925334,0.03426432748379454,-0.05715646188212833,0.4011334541187406,0.5864269675691456,0.2411670718223881
PERSISTENT,0.23534449254955664,-0.18786529879474165,-0.08197556748558431,2.0914897197897226,0.29391710143461397,-0.15419817614205011,-0.21221965743163912,1.0319340452189474,0.23985832826996803
SKIPPER,0.11232423366957091,-0.0101066351692774,1.3720470906393498,-0.06510521648519906,0.18459944277737614,-0.009417444055257646,0.8038276463852545,-0.01974858206282721,0.23981526576113643
TIINDIA,0.2430285194218463,0.23174863233742693,1.5802812307662686,-1.0755112697988656,0.30074524368033534,0.18756863794210715,0.9493382651203347,-0.5124820457728907,0.23129252524247162
VMART,-0.6967200330137449,-0.201909644921151,0.8344798894988088,2.4217418974200315,-0.5343295026588691,-0.16563700377717513,0.42818445933643906,1.192984445548504,0.23030059961222465
USHAMART,0.7693364254099506,0.22793431916601167,0.6638775142584713,-0.7333213961852205,0.7684303919577594,0.18446195924581946,0.30897030375289597,-0.3456101222336341,0.2290631331807102
BIOCON,0.19476964410301872,0.6358160883932775,1.1286042425786302,-1.0519905309968316,0.257861678751144,0.5166731716230945,0.6337137571528992,-0.501011949111318,0.22680916460395492
PGEL,-0.7136884609419135,0.38334607658134573,0.15210634196607625,2.4159186887211543,-0.5494079038026279,0.3110416012985729,-0.04864703932857641,1.1901447062350918,0.22578284110061508
NAUKRI,-0.620743762887971,-0.3046694847008576,0.3446936030340531,3.095713015295904,-0.466815842394489,-0.24933275468456534,0.08592979567751527,1.5216524323073184,0.22285840772644483
WESTLIFE,-0.6391342046959525,0.15590009790302667,0.7688130150578223,1.7521535493308065,-0.48315786653282217,0.1257915851720634,0.38229751916186994,0.8664537553058144,0.22284624827673138
GPPL,0.5080294468092266,0.5126735863017636,-0.4296270587797706,0.7805456237593775,0.5362290671394172,0.4163761664578578,-0.45515284586825955,0.3926405423258438,0.2225232325137148
METROPOLIS,0.16806001589332636,0.26578489346273837,0.5943283789209493,0.3441449909704036,0.23412710002344542,0.2152904642807808,0.2603705030224085,0.17982590740340057,0.2224034936825088
JBMA,0.16362100803256596,0.3568457855314031,0.7004089372603371,0.02058710552289395,0.23018253064505706,0.28945766575094906,0.3344978659529968,0.02204003796565759,0.21904452507866512
ZEEL,-0.3579351841421006,0.27784787355593743,0.37139564535499303,1.5728051328097736,-0.2332801730250847,0.22511551051718587,0.10458874707348757,0.778992911030874,0.21885424889911567
NH,-0.06766606521740869,0.5224956870755992,0.5928124821083768,0.3135096263574896,0.024657346780517706,0.42437606312484905,0.25931121906925114,0.1648863004322854,0.21830773235172582
BLACKBUCK,0.747897503150598,-0.4136191907312264,-0.12379105070346665,1.4003559779196062,0.7493794420828014,-0.3380700228323103,-0.2414396346747168,0.6948965528150476,0.21619158434770547
EDELWEISS,0.25237675977323015,0.41081608006354914,0.16327918243244144,0.44157955851721514,0.30905223113981833,0.3334153474410389,-0.04083964075167526,0.22734073750065137,0.20724216883245833
NATIONALUM,1.1636863543656863,0.9423834760164863,-0.48313359366660014,-1.2057398095603988,1.1188556903400784,0.7663659286947977,-0.4925423392193848,-0.575989146962717,0.20417253321319356
LLOYDSENT,0.0240352598737926,0.5368074063652939,1.1470381575361566,-0.8075948571708238,0.10614452820903321,0.43603266063701573,0.6465950760833331,-0.38183023351775514,0.20173550785290675
AIAENG,0.6798165388692788,0.8800831850195583,-0.11483974814246235,-0.7774296632345081,0.6888816697474216,0.7156236382444136,-0.23518461053053583,-0.36711990944261574,0.2005501970046709
PRESTIGE,-0.07824579352324186,-0.256362182963391,0.5064365923929085,1.5763210846495552,0.0152560405391475,-0.20998746276999397,0.1989531569924454,0.7807074960955336,0.19623230771428313
CANHLIFE,,0.647363468609493,-0.1221828755666845,0.9597188432330631,0.0,0.5260782724901373,-0.240315868134586,0.4800159502084663,0.1914445886410044
CEATLTD,0.3290656598937016,0.17435083089902545,0.08633014202826549,0.6709815455603265,0.3771991451724681,0.14081932320865817,-0.09461037437613187,0.33921064889619756,0.190654685725298
ANANTRAJ,0.14097384491492135,-0.1419389945705969,0.05849540677981234,1.566573049588373,0.21005791970870144,-0.11679215714979262,-0.11406083310427767,0.7759537804340813,0.1887896774721781
ABSLAMC,0.18142527941199954,0.7273278609520374,0.6051656971348589,-0.7460918286581011,0.24600367489412348,0.5912076058689162,0.267943444125024,-0.35183773677018765,0.18832924702946896
RAIN,0.07912040212082838,0.5047973388042876,0.42263420303102944,0.06663330112049107,0.15509401695235872,0.4099611267882076,0.14039341496314708,0.04449487320052903,0.1874858579760606
FIVESTAR,-0.6263721673867975,-0.5556382841800771,1.356154036334188,1.7475793722319093,-0.47181732757578604,-0.4537416188066722,0.7927218394117929,0.8642231173180753,0.18284650258685248
JINDALSTEL,0.7949320890120616,0.8848882773834171,0.14548016345550688,-1.5142148850299668,0.791175084923255,0.71953728597328,-0.05327730473238759,-0.726419750486782,0.1827538289193414
360ONE,0.24968710409009442,0.4525379056877993,0.18309239602668262,0.14323665543524863,0.30666216250761547,0.3673969061154658,-0.02699449044408821,0.08185117760857706,0.18222893894689254
BECTORFOOD,-0.5293844224325912,-0.21695562589243045,0.3158232867201137,2.485181169879,-0.385632553674582,-0.17789164214785724,0.06575568980151278,1.22392116881084,0.18153816569747838
WOCKPHARMA,0.02897803397730082,0.43079987848096973,0.6445094830492326,-0.100340147261369,0.11053675187354588,0.34969173535788967,0.2954362396305626,-0.036931208223853304,0.1796833796595362
WEWORK,,-0.033969565143659064,0.5503251291580902,1.0224447529632152,0.0,-0.028853303894451,0.22962175022209774,0.5106047958159737,0.17784331053590513
TVSSCS,0.011010039483616627,0.11567425469790941,0.8081331438321089,0.16378289465372275,0.09457012079425411,0.09302847304428347,0.4097737834440007,0.0918707331952967,0.17231077761945876
KIMS,-0.17215018267135757,0.13446119401739678,1.1817980400298904,-0.0778311217188332,-0.06818881685889062,0.10833004413437962,0.6708847146879303,-0.025954482496667937,0.17126786486668782
KSB,-0.023436725627259694,0.45514855532866305,1.006053614216936,-0.6625244857148119,0.06396020544762446,0.36952322591624226,0.5480773780826176,-0.3110853816091572,0.16761885695933176
SAPPHIRE,-0.5651426781176846,-0.19099527603814098,0.525169391919908,2.0752085868246666,-0.41740787933842055,-0.1567474774670711,0.21204333158222458,1.0239944064839193,0.16547059531516303
HINDCOPPER,1.1917579476621702,0.804268246883148,-0.9878571022173659,-0.6635554004416246,1.1438005317986186,0.653873948959891,-0.8452348898962293,-0.3115881163091981,0.16021286863827056
BERGEPAINT,-0.40097637191608165,0.1134381142682142,1.0708348216394854,0.4257177088772669,-0.27152722205680824,0.09120718320188069,0.5933454285988075,0.2196055659938021,0.1581577389344205
NSLNISP,0.4800220408125866,0.04748831321027278,0.347010410384704,-0.03428892665207214,0.5113412634842301,0.03749244275882038,0.08754874284380469,-0.00472074530514687,0.15791542594542707
ADANIPORTS,0.5434015479690069,0.7106824357506905,0.5057747353086234,-1.5634052944072103,0.567661250064235,0.5776502534597832,0.1984906620634687,-0.750407889427831,0.14834856903991395
CCL,0.1054691299054821,0.18175480734491697,0.10017560492434614,0.6966369445044917,0.17850789411567416,0.14684970793549285,-0.08493539086260066,0.3517217314883539,0.14803598566923007
MANKIND,-0.2121870859331444,0.2918641181157638,1.0534529668595813,-0.2881211610195704,-0.10376621333254511,0.23653145001116666,0.5811992721508514,-0.12850428325108917,0.14636505639459596
COROMANDEL,-0.29590392927504805,0.3385619416651559,-0.06301617863610341,1.361433606702573,-0.17815826377717786,0.2745658554373128,-0.1989711459212525,0.6759157136537208,0.14333803984815083
MAHSCOOTER,0.2732220533908427,0.1180082332470394,0.4032183530216827,-0.012822713225325518,0.3275756736447081,0.09492944999880137,0.12682593584370205,0.005747443854856917,0.1387696258355171
SUMICHEM,-0.293431484905441,0.10390195079831487,0.7866089553294182,0.4052306623608327,-0.17596121239632043,0.08344017651814249,0.3947330317935362,0.20961487625265693,0.1279567180420038
PNB,0.2750628405878486,-0.23922515308037606,-0.09284980301204987,1.1334938626795878,0.3292114249290491,-0.19602970857870558,-0.2198183957497774,0.5647588780218538,0.11953054965560497
KIRLPNU,0.011982895382281734,0.6556867577525635,0.8342337605182528,-1.2141820140648047,0.0954346152281075,0.5328574182764874,0.4280124684216568,-0.5801060627839975,0.11904960978556353
ZFCVINDIA,0.058815082410091694,0.6420412587139905,-0.03974484973646021,-0.03575303988753089,0.13705040341038197,0.5217434432937726,-0.18270952107476607,-0.005434733095902301,0.11766239813337157
AGARWALEYE,0.6154933791148065,-0.3246187335762536,0.06682578948363206,0.3597170489183805,0.6317231392272231,-0.26558100271846713,-0.10823969762287197,0.18741975942421638,0.11133054957752511
MEESHO,,,0.48961510027078387,0.43994020544999796,0.0,0.0,0.1871985728246151,0.22654129245338098,0.10343496631949903
DEEPAKNTR,-0.16435274150992665,0.2092265743135824,0.3681209297557543,0.34541580568014024,-0.0612598929641948,0.1692248904009813,0.10230042925616799,0.18044563145553652,0.09767776453712276
HINDZINC,0.7212118179091542,0.6734917573762971,-0.23085726404560228,-1.2041849332385943,0.7256661394380347,0.5473592199200948,-0.3162557572353146,-0.5752308977487788,0.09538467609350904
AMBER,-0.044775119785501694,0.04308223936900906,0.34220025322880304,0.4164696163514287,0.04499858636047913,0.033903787312407334,0.08418748352512855,0.2150956517390101,0.09454637723425627
BHARTIHEXA,0.19064496134640402,-0.103556408532247,0.2549964597406743,0.32701627000187894,0.2541964234040805,-0.08553033962327665,0.023250895803394896,0.17147293486917498,0.09084747861334343
ENRIN,0.17500495044179426,0.061969688888009765,1.00405524931656,-1.019172547153952,0.240298473675869,0.04928722186823244,0.5466809533035926,-0.48500796853553746,0.08781467007803913
JUBLINGREA,-0.3486387257966122,0.3875358127350259,0.49726062298595497,0.05464099714376958,-0.22501919983753216,0.3144540542007752,0.1925411393228828,0.03864671991904866,0.08015567840129363
SARDAEN,0.3775799700531528,-0.02324052893831434,0.3823654840483218,-0.44432294280150314,0.42030969335604923,-0.02011472719324211,0.11225429132438415,-0.20467746602516568,0.0769429478655064
KPRMILL,-0.7451563109789083,-0.13704477210528979,0.6415019072527657,1.411943653373097,-0.5773707102569476,-0.1128059148082335,0.2933345947476927,0.7005473854123203,0.07592633877370795
HOMEFIRST,-0.6433172504711471,-0.2698678448824419,0.43849866131587556,1.6401859830817072,-0.48687498413900787,-0.22098754332908743,0.15147923950429978,0.811851779634576,0.06386712291769511
APOLLOTYRE,-0.08717521432571393,-0.10289243769378739,-0.6459914648269377,1.8978361471534675,0.0073212224516341915,-0.08498954919362418,-0.6063447617422958,0.9374971648262005,0.06337101908547868
IDBI,0.044009564997497905,-0.12468411557733025,-0.5670807194960358,1.5569323475900245,0.12389399719331591,-0.10273841731082876,-0.5512032207301093,0.7712524066916497,0.0603011914610069
ASIANPAINT,0.24038920643511485,0.2485750649537733,0.9581036803342251,-1.6148023976442283,0.2983999103279271,0.20127341712370944,0.5145707468293234,-0.7754721421800636,0.059692983025224106
GROWW,,0.563671872507628,0.01290828379270705,-0.17495829877095306,0.0,0.45791320921833845,-0.14591637066484683,-0.07331941089581998,0.0596693569144179
ASTERDM,0.05346504784998653,-0.37807924049649083,0.8355106666134196,-0.08995878218465599,0.13229628195777984,-0.30912347300813575,0.42890474956182456,-0.03186864356926534,0.05505222873555082
ECLERX,0.23279905141950494,-0.6831728720673321,-0.39510960660045785,1.84854048702008,0.29165518403076146,-0.557615886446357,-0.43103261361091194,0.9134576994214363,0.054116095848732226
JUSTDIAL,-0.47605991099875533,-0.1525617863060612,0.16641419727787568,1.4170755503320063,-0.3382475880432308,-0.12544419994139772,-0.038648943541195,0.7030500004309791,0.0501773172262889
PICCADIL,0.14501055504321356,-0.2509760013907926,0.057632887423478656,0.5874688573537958,0.2136450012505584,-0.2056005299739855,-0.11466354755414936,0.29848494660176744,0.04796646758104775
JSWENERGY,0.4701083913011233,0.5522562856669733,0.5991703223447324,-2.1765600072090705,0.5025318449119697,0.4486154513128634,0.26375397406632817,-1.0494182174421864,0.0413707632122437
ANURAS,0.41422115537780885,0.9019944164033362,-0.3605602922851932,-1.308298717644463,0.4528696036227395,0.733469880199464,-0.40689011661295194,-0.6260029071226586,0.03836161502164823
INDGN,-0.3889200621166463,-0.04290997236773508,0.3259073887577568,0.7445713955236674,-0.26081380321571845,-0.036135079514586506,0.07280229573265731,0.37509739120877983,0.03773770105278305
CRISIL,-0.750175289011026,-0.1608051460962502,0.010735569405419518,2.047129034026841,-0.5818306498824891,-0.13215824493328088,-0.1474346280199382,1.0103011637879482,0.03721941023806
GREAVESCOT,-0.014064622682992174,-0.16954133362683313,0.39836375642078203,0.15607589293975097,0.07228839756727715,-0.13927368786319785,0.12343362296611282,0.08811234552838727,0.03614016954964484
JKPAPER,-0.27705376645711793,-0.07132242920781678,0.6586149683208745,0.03924371964903207,-0.16140772461131458,-0.059276434303114224,0.3052929225365653,0.031138101134743114,0.028936716189219905
HONAUT,-0.5204072880969197,-0.012648700649641674,0.6609623348414598,0.3694025083669751,-0.37765533662137707,-0.011487903484650999,0.3069332239520786,0.19214295953379434,0.02748323584496122
AARTIPHARM,-0.5636206127192469,-0.1924857937039295,0.20929354042489876,1.3610852451886983,-0.41605534905442293,-0.15796147308584915,-0.0086855583418505,0.67574583207513,0.023260862898251855
PWL,,-0.5789945942798874,0.2744932934620054,1.0053313692872927,0.0,-0.47276484730158014,0.03687496501911866,0.5022593026483682,0.016592355091476663
TITAGARH,-0.0831005768806832,-0.19858359519122706,0.565094543685827,-0.08841370618506014,0.010942006779542447,-0.16292800549245534,0.23994237605691995,-0.03111517356927929,0.01421030094368194
OIL,0.21462613038331432,0.3589275703812587,-0.1357272433865133,-0.577190701797845,0.2755064521330559,0.2911532361859538,-0.24978045132271048,-0.2694716058573206,0.011851907784744653
GODREJIND,-0.16225643609783982,0.034246128234580786,0.39469761302877493,-0.19571829389158876,-0.059397084337662866,0.026706958686724968,0.12087178179531664,-0.08344320644202435,0.0011846124255885972
CDSL,-0.5881696652811899,-0.5417180237588987,0.228193811705382,1.7386594220868437,-0.4378700076542162,-0.4424038563960399,0.004521642776120551,0.8598732246024833,-0.003969749167913067
BBOX,0.5226060080404518,0.7191387678921356,0.8029860868945045,-3.2198503798576463,0.5491820194383222,0.5845377599994763,0.4061771040560818,-1.5581880108184258,-0.004572781831136408
AFFLE,-0.17382109007549484,-0.41090492008349744,-0.15093797702821796,1.2772820653831383,-0.06967361039547006,-0.33585930587795765,-0.26040946375203605,0.6348784689787885,-0.007765977761668819
CHOICEIN,-0.07735223298851537,-0.2826289478625614,-0.23880379247775016,1.0003158030551162,0.016050071915882806,-0.23138119612785868,-0.32180866161618593,0.4998134173392464,-0.009331592122228852
SCI,0.033324626090498924,0.0841866718773843,0.4055866947835584,-0.7543278784145269,0.11439919922391585,0.06738249214287169,0.12848089441551272,-0.3558541194021633,-0.011397883404965767
POWERMECH,-0.48145066523853,0.21374781155089584,0.5999000222265518,-0.32009177455178506,-0.34303789361772685,0.1729073440367462,0.2642638764350259,-0.14409503618749667,-0.01249042733336285
ABDL,0.358599929029604,-0.5854448249716838,0.4042063190624341,-0.2571872022863867,0.4034437424565569,-0.478018425960647,0.1275163103893523,-0.11341906421179462,-0.015119359331633102
SFL,0.08897201043466493,-0.1583529373078963,0.10706603876688171,-0.08777193145367977,0.16384830478008494,-0.13016097190947148,-0.08012046814546415,-0.030802206435642694,-0.01930883542762335
GOKEX,-0.38688545546062775,-0.07421342875856704,0.10941571852638983,0.5933955662632129,-0.25900582103498376,-0.06163109327097254,-0.0784785502763437,0.3013751587098216,-0.0244350764681196
DATAMATICS,0.0214859637335754,-0.2329127393943827,0.10707218299138291,0.10849961646022459,0.10387918518496794,-0.1908883790026776,-0.0801161746616566,0.06491135279551091,-0.025553503920963838
SCHAEFFLER,-0.015361400075094529,-0.06267850378023766,0.601252460240811,-0.8342456853722648,0.07113606160574609,-0.05223613693597498,0.26520893804757295,-0.39482674600634504,-0.02767947082225025
FACT,-0.14315108227799378,-0.0066866272339487715,0.43240401332745754,-0.46680113845345755,-0.04241977859616541,-0.006631918767653116,0.1472203989547785,-0.21563915728306796,-0.029367613923026992
MRF,-0.48708448992985076,-0.3962577606115893,-0.3565035900303341,1.8812236305575638,-0.34804419526387564,-0.3239294993184135,-0.40405535928272374,0.929395923927657,-0.036658282484339
SANDUMA,0.7946546176141788,0.2451206229760248,0.14034975434287747,-2.3173807368699504,0.7909285196515098,0.19845984602518027,-0.05686235089190682,-1.1180906938791855,-0.046391169773600555
SHAREINDIA,-0.19795512519963177,-0.6106268101794494,-0.19602698567814306,1.362124637711056,-0.09111947823660344,-0.4985286288358266,-0.29191692714302037,0.6762527010472784,-0.051328083292043
JAMNAAUTO,0.5471226066214978,0.9340999768974348,-0.8068921169425964,-1.7083659548183896,0.5709678389408964,0.7596191910549184,-0.718779511538642,-0.8210992397734184,-0.05232293032906141
APLLTD,-0.6695590815401244,-0.21888680051258066,0.21620161370012986,0.9577342495711969,-0.5101938712674927,-0.17946454368520165,-0.0038583094770222796,0.4790481455265156,-0.053617144725800245
ATGL,0.10346355653225148,0.0696123171631065,0.6252107755300518,-1.5491768163686503,0.17672571134819393,0.05551198354323648,0.2819506177714776,-0.7434692460534471,-0.05732023334763478
KAYNES,-0.5670600528357415,-0.9473867170010634,0.1091297748154927,2.0724905786723204,-0.4191116874498231,-0.7728125644410269,-0.07867836307491115,1.0226689457279137,-0.06198341730946183
TEJASNET,-0.46240192238356537,-0.17001304613015325,0.8666368624001105,-0.5285337791313653,-0.3261108932339933,-0.13965788788007624,0.4506552271973848,-0.24574362643726405,-0.06521429508848718
VEDL,0.9819268322476109,0.9060739864817965,-0.11045703503418229,-3.6015741389938514,0.9573414358790268,0.7367926051261282,-0.2321220421364412,-1.7443389838878824,-0.07058174625479219
V2RETAIL,0.2546334448189737,-0.13085098180953633,0.4795486240690572,-1.4133652846078126,0.31105755552926023,-0.10776120151481743,0.18016428353995495,-0.6772395493519836,-0.07344472794939647
CANBK,0.7760551921459273,-0.233987668086282,-0.452884297628221,-0.8573129766415383,0.7744007894786883,-0.19176388605128022,-0.47140462481692236,-0.4060757149611951,-0.07371085908767736
IKS,0.027276156995597184,0.06259487842361616,-0.36943500151338327,-0.13727326513190155,0.10902443830294944,0.049796425733810615,-0.4130916185861671,-0.05494197036673427,-0.07730318122903533
GMMPFAUDLR,-1.0027250146781077,-1.1470336446306155,0.30696208948332043,2.7707956694456475,-0.8062501475799101,-0.9354208320300994,0.059563629787369635,1.363203609959876,-0.07972593496569097
FORTIS,0.562751901450846,-0.6015712215661152,0.1239870654593537,-0.7370407270178305,0.5848562662029039,-0.49115304037124535,-0.06829633084428145,-0.3474238868660067,-0.08050424796965741
FORCEMOT,0.5996042098077475,0.6601287777594418,-0.6732675541411549,-1.7838690229256418,0.6176037835823073,0.5364753511266975,-0.6254048478087111,-0.8579189798642608,-0.0823111732409918
MAZDOCK,-0.48215765136883815,-0.2570434947799681,0.3668785467589282,0.17969121052422993,-0.34366613216292313,-0.2105423770654302,0.10143227229370297,0.09962856437115111,-0.0882869181408748
POLYMED,-0.5678478061386673,-0.44720764639268734,0.006311675944814608,1.092213496008495,-0.41981169692354203,-0.3654271209402107,-0.15052597257217323,0.5446281414864159,-0.09778416223737751
WAKEFIT,,,-0.9389382895580517,0.831074576597659,0.0,0.0,-0.811051221965967,0.41728143384465166,-0.09844244703032884
AXISCADES,0.16302070385726417,-0.006171187975052736,0.464180667803487,-1.6535261045117642,0.22964909129511898,-0.006212104218380416,0.1694254065069487,-0.7943561009112677,-0.10037342683189512
LXCHEM,-0.9834914571713638,-0.30571928293071665,0.6195209250015145,0.6934464296772929,-0.7891589181073907,-0.2501877934948405,0.27797464308061776,0.3501658486661278,-0.1028015549638714
GESHIP,0.6460041542889767,0.5333516528520791,-0.3990454340525795,-2.2223267148685486,0.658835474514304,0.43321802132014436,-0.4337829056016665,-1.0717367579078778,-0.10336654191877398
ARE&M,-0.32611890072290944,-0.3134496576858917,0.2041418130459743,0.08804336018054006,-0.2050077434088036,-0.25648402285172667,-0.012285501357942135,0.05493567818610648,-0.10471039735809148
JSL,-0.09688407063315486,-0.3015723420216134,-0.10027844671923486,0.08060114875143498,-0.0013062137888017388,-0.24681019642871005,-0.22500941073673444,0.051306417847553076,-0.1054548507766733
CIPLA,-0.3563779834525733,-0.28965161413939094,0.6015268272624816,-0.5227454918448983,-0.23189642099116456,-0.23710101165765413,0.26540066124464073,-0.24292091686000417,-0.11162942206604552
MGL,-0.5253936478603511,-6.682563501485205e-05,0.2744146977010179,-0.22988679925599229,-0.3820862911610904,-0.001240228133758876,0.03682004358402509,-0.10010578080288078,-0.11165306412842625
PNGJL,-0.11341048764639036,-0.529983132596508,-0.46811093614337534,0.9356222057352821,-0.01599183736274114,-0.4328460317657339,-0.48204475131224667,0.4682650114456702,-0.11565440224876287
TATASTEEL,0.7515751679158956,0.6923991390660174,-0.24187377056259565,-3.026578408590042,0.752647470496404,0.5627588888141513,-0.3239539121997681,-1.4639372217139437,-0.1181211936507891
NIVABUPA,-0.36666359529721726,0.39527568128576074,0.05671391900372316,-0.9748683854526421,-0.24103637090632898,0.32075801605656407,-0.11530570768829028,-0.4634026515639454,-0.12474667852550014
ADVENZYMES,-0.05910362169880475,0.3452079946055233,0.41679068052564444,-1.9758923740618213,0.032266063315180324,0.27997892724247314,0.13631005680279604,-0.9515608682993563,-0.1257514552347267
ATUL,-0.12136540683140588,0.5893098975598137,-0.2922864146961817,-1.3193001234819388,-0.023060698605845854,0.478794847055895,-0.35918144518489,-0.6313678401475569,-0.13370378422059942
TIMETECHNO,-0.38542941060600777,-0.2539353381131577,-0.14363893241236358,0.33540117434694056,-0.2577119576026018,-0.20801084814592055,-0.25530901049504096,0.1755619077600937,-0.1363674771208674
TIMKEN,-0.03993444875765144,0.5839856624547621,-0.008505127452985678,-1.9131475519201655,0.04930007969102687,0.4744583683685004,-0.16087971297600842,-0.9209627998868224,-0.13952101620082588
LT,0.5830087862666966,0.0697550301227365,-0.4644375822993947,-1.5409541576191952,0.6028568397663076,0.05562822027877495,-0.47947787159528615,-0.7394593936646598,-0.14011305130371587
VGUARD,-0.8960522172422805,-0.34507930183684565,0.32160316172840775,0.7188379269130086,-0.71145908987714,-0.282245709750254,0.06979457212962516,0.36254823725209046,-0.14034049756141959
CENTURYPLY,-0.01797334373636319,0.21949432965178936,-0.41296971497260293,-0.8148854744244672,0.06881504904900079,0.17758776343588364,-0.4435129658640171,-0.38538556761357823,-0.1456239302481777
LTTS,-0.2898970287899334,-0.14273523647694214,-0.450819812625012,0.33365523190143204,-0.17282044135021993,-0.1174406796114699,-0.4699619963891192,0.17471048345815837,-0.14637815847316266
BDL,-0.6920856784123387,-0.5434202958545793,0.21994407956998252,0.7453754238764017,-0.5302113452185783,-0.44379032159102383,-0.0012431354042921016,0.37548948275837474,-0.14993882986387985
COCHINSHIP,-0.4753796566816765,-0.4903314512439823,0.14225039322503064,0.32182409030069037,-0.3376431037907055,-0.4005505625176825,-0.055534215459525305,0.16894092243716166,-0.15619673983268792
MIDHANI,-0.30339119601368014,-0.15291591254834092,0.1796393488183191,-0.630131996421714,-0.18481156199863555,-0.1257326283958129,-0.0294074234794885,-0.29528889722029694,-0.15881012777355846
ELLEN,-1.1895181474121463,-0.9390313788824114,0.6993668293522046,1.5040931402806113,-0.9722373444013426,-0.7660073154310549,0.3337696579540171,0.7454848991120223,-0.16474752569158954
NATCOPHARM,-0.002742496246356454,0.8056618679998954,0.5302503129629017,-3.3522890665327862,0.08234940999191931,0.655009024356044,0.21559379628632874,-1.6227729097317298,-0.16745516977435942
BHARTIARTL,-0.016524177436028444,-0.38399620016665054,-0.4074162296169811,0.0017828298194958968,0.07010280009423404,-0.31394271351828457,-0.4396322809305081,0.012869966320196094,-0.16765055700859063
BSE,0.6909444668720733,0.8865926357495704,-0.14843147438179563,-3.7824623515541127,0.698770114512918,0.7209254503921453,-0.25865796060889285,-1.8325507233433573,-0.1678782797617967
PCBL,-0.6819571262492989,-0.29779604861140835,0.21074270810632348,0.16379456910687876,-0.5212109609068253,-0.2437344840366773,-0.00767290361651839,0.09187642634580942,-0.1701854805535529
MARUTI,0.23109746333061004,-0.5678975941906595,-0.7919189114248174,0.3528407456294269,0.29014312717467483,-0.46372657167485304,-0.7083164798858514,0.18406646920393777,-0.17445836379552299
BPCL,0.0386695804462652,-0.556536133266046,-1.0056902144540039,0.9823506867853108,0.1191488063302722,-0.45447289820154846,-0.8576963776904196,0.4910525692262083,-0.1754919750838719
JPPOWER,-0.4939261218144667,-0.003684037856389706,0.48108441373927036,-1.1372690346528294,-0.354123772610161,-0.004186372208218057,0.18123746829737972,-0.542598766954131,-0.1799178608687826
IFBIND,-0.4997696359382655,-0.7420034941721284,-0.21952441809840703,1.1033098411322022,-0.3593164074506337,-0.6055322037933427,-0.30833654943970223,0.5500393724953707,-0.18078644704707697
TECHM,-0.296174057101505,-0.21565009356505932,-0.731003802673271,0.5734879685830006,-0.17839830344052512,-0.17682831323738557,-0.6657499960261457,0.29166704232735535,-0.1823273925941753
EIEL,-0.6824803351300306,-0.4876668173413827,0.5917352812380967,-0.22693018339077467,-0.5216758922144895,-0.39838027365921924,0.25855848868104064,-0.09866396088172029,-0.1900404095185971
HERITGFOOD,-0.9110090638532341,-1.1476276952369615,-0.010768461006456039,2.0883931835212337,-0.7247499695037225,-0.9359046738858449,-0.16246129352552163,1.0304239918734903,-0.1981729862603997
PREMIERENE,-0.6700603129760555,-0.528037658494316,0.7964288143689788,-0.5459687235100489,-0.5106392730860244,-0.4312614835978611,0.40159498903007207,-0.25424593153047603,-0.19863792479607237
GRAPHITE,0.24380134846524132,0.05105320656383596,-0.315019156606251,-1.6029114165287202,0.301431991231799,0.04039597420428452,-0.37506671423281335,-0.7696733998895358,-0.2007280371715664
GODREJAGRO,-1.0628017914317824,-0.20681457170074732,0.06609807169698316,0.6605798443874639,-0.8596352780793693,-0.16963196455994928,-0.1087482149358124,0.3341381671641522,-0.2009693226027447
ICICIAMC,,,0.4407260536553471,-2.0034176128836596,0.0,0.0,0.153035704920032,-0.964983794873927,-0.20298702248847378
PINELABS,,-1.083423825401004,-0.7733628315516248,1.5295474489884675,0.0,-0.8836119580875277,-0.6953497941060841,0.7578979182688599,-0.205265958481188
JSWCEMENT,-0.4036046519456736,0.043026311044282575,0.3799861741411852,-1.4639990854512632,-0.27386275135699334,0.03385823485587363,0.11059166839166552,-0.7019315709294255,-0.20783610475971992
STAR,0.27564016586733364,0.2013109165395136,0.5111833365767834,-3.1548747981827727,0.32972444488536795,0.16277775188123592,0.2022701043611708,-1.526502092755841,-0.2079324479070166
HAPPSTMNDS,-1.13743232891883,-0.5885943013127394,0.3524982548972266,0.957801643497035,-0.9259531000112379,-0.4805836088949022,0.09138355902741592,0.479081010771535,-0.20901803477679728
KFINTECH,-0.6535325950322566,-0.5410955789166557,-0.26105425472385607,0.8687686955017686,-0.49595249348555276,-0.4418968880260849,-0.33735692150574603,0.43566330488373495,-0.20988574953341219
GMDCLTD,0.6067032364645165,0.024156510259394755,0.07764856889330649,-2.879392575688794,0.6239120858077187,0.018489174826685672,-0.1006769159993824,-1.3921607462893961,-0.21260910041359354
CRAMC,,-0.8197992499053464,-0.05331825345050737,-0.03472126567383432,0.0,-0.668895227786549,-0.19219439407190397,-0.004931579259467778,-0.21650530027948017
MMTC,-0.39032266740109084,-0.21711347656064492,0.08514812852232742,-0.7091956366898209,-0.26206017943953475,-0.17802020823199835,-0.09543634612359576,-0.33384498187068945,-0.21734042891645458
JKCEMENT,-0.7180097321115677,-0.18175380343731803,-0.15474627529829388,0.12442094693738558,-0.5532478505804223,-0.14922049036321716,-0.26307064043165607,0.0726755306596045,-0.22321586267892274
GRSE,-0.36516618422362773,-0.3075205472395261,0.18219907064610968,-0.8309356204393477,-0.23970574882747347,-0.2516548857872348,-0.027618731640943302,-0.3932125635158971,-0.22804798244288715
RELIGARE,-0.18145549107609785,-0.11208375304987017,-0.4198831478373345,-0.6585272180858722,-0.07645765434265908,-0.09247568426548806,-0.44834395992251963,-0.3091360786356405,-0.2316033442915768
LUPIN,0.35501205909530753,0.4112555297090375,-0.6545879597212314,-2.1787574523068387,0.40025550708496155,0.3337732700316539,-0.6123518520794482,-1.0504898210126372,-0.2322032239938675
TENNIND,,0.4222018619043223,-0.44300887565197644,-1.6812756959535367,0.0,0.3426888297943992,-0.46450384110702,-0.8078884350286278,-0.23242586158531214
ALKEM,0.3011271086995819,-0.2989340302485942,-0.7157717362427429,-0.8383095603799322,0.3523725269339543,-0.2446613463969853,-0.6551060765921419,-0.3968085306582142,-0.23605085667834677
CANFINHOME,0.15904739524571596,-0.2797459124099868,-0.9377457336917839,-0.29338982522436163,0.2261183492978937,-0.2290330237522191,-0.8102178833891562,-0.1310735940289078,-0.23605153796809736
GALLANTT,0.09397209209295025,0.13926206419355847,-0.307948004308165,-1.7838245365781613,0.16829145280265573,0.11224025297923709,-0.3701255084082672,-0.85789728570278,-0.2368727720822886
MANYAVAR,-1.6093204673827002,-0.996899684440687,0.04207480597366048,2.707233863245114,-1.3452800215658247,-0.8131398459782139,-0.12553528096306102,1.332207132032864,-0.23793700411855895
ARVINDFASN,-0.09378653815320523,-0.3074503232047146,-0.1166076271185888,-1.0659014571647978,0.00144630032070914,-0.25159768977235303,-0.23641997550723037,-0.5077957355026186,-0.24859177511537323
PRAJIND,-0.9247176606920144,0.19535683274907037,0.06208812409863348,-0.6944364091739772,-0.7369316355442195,0.15792827454772726,-0.11155030087510878,-0.32664751381147056,-0.25430029392076786
DLF,-1.3457563878113301,-0.8370405939756189,0.2747373096327796,1.3757554071787648,-1.1110730027608953,-0.6829379437124171,0.037045479536906546,0.682899866541617,-0.26851640009869715
HAVELLS,-1.012071399947987,-0.5077390754298658,-0.28067765777437076,0.9210644122925645,-0.8145554865859713,-0.41472871013716617,-0.35106943530308915,0.4611657744968402,-0.27979696438234664
DOMS,-0.21493493735418773,-0.4979018976166583,-0.5058722668071253,-0.2326066158802583,-0.10620799557574027,-0.4067165335353833,-0.5084317529143528,-0.10143212347624042,-0.28069710137542914
COHANCE,-1.357277670576016,-0.9107578537230279,1.0845194773366837,0.23360878186097853,-1.1213109885043016,-0.7429791176050701,0.6029080426661366,0.1259219457226019,-0.28386502943015823
NAVA,-0.15576068528441328,-0.05556499578621081,0.047544271810296475,-1.9239592208178347,-0.05362486213125874,-0.04644233271808074,-0.12171330749821897,-0.9262352060120271,-0.2870039270898964
ZYDUSWELL,-0.20930640304272105,-0.4692886168113896,-0.1423445240524476,-0.8678494985650806,-0.10120639504097202,-0.383411611806672,-0.25440449905790374,-0.4112139432267698,-0.2875591122830794
SENCO,-0.44024531400100647,-0.10115782512996495,-0.6965893264925089,-0.2921822305395896,-0.30642219663866593,-0.08357674336039454,-0.6417017217160149,-0.13048469978205113,-0.2905463403742816
FIEMIND,0.06494661424951047,0.36181620566431344,-1.2551358996534692,-1.1934857253042566,0.1424989751397056,0.2935059695069782,-1.0320049515489003,-0.5700133342087037,-0.29150333527773004
CYIENT,-0.9812994432787511,-0.7088091208535501,-0.3904832136993168,1.2621346858117823,-0.7872110614806351,-0.5784960775522495,-0.4277997657544255,0.6274917151308202,-0.29150379741412247
REFEX,-0.7137611784019606,-0.5909285291013406,0.6669724936781988,-0.950123532461257,-0.5494725216350745,-0.4824847888497824,0.3111330248612713,-0.4513356047727516,-0.2930399725990843
AXISBANK,0.10386610047959396,-0.20110340655360795,-0.8316043183653669,-0.9756942303981214,0.17708341797497848,-0.16498033940589427,-0.7360479945892192,-0.46380538216827916,-0.29693757454710357
VOLTAS,-0.08697143941814779,0.14139921175726505,-0.8877896284991668,-1.1275535666981953,0.0075022999098596456,0.11398091519248868,-0.7753093723652582,-0.537860932930719,-0.29792177254840724
BAJAJHLDNG,-1.4251132308951826,-0.665542747997913,0.5987168490754163,0.4991547339733587,-1.1815906911752865,-0.5432565173023045,0.2634370943464235,0.25541778190590037,-0.30149808305631676
BALKRISIND,-0.7131140155815251,0.04469452465177828,-1.0126564695309304,0.2945625994083449,-0.548897442985882,0.0352169601210414,-0.8625642830487443,0.15564661487711404,-0.3051495377591177
DRREDDY,-0.1342254167637619,0.29928434941512616,0.06991293109279774,-2.7439730962804956,-0.034488297514456985,0.24257507397786437,-0.10608245344860394,-1.3261222373910826,-0.30602947859406976
SUNDARMFIN,-0.7278857056975419,-0.4279027114860593,-1.1438458201687542,1.2855679729657539,-0.5620237897566895,-0.34970365322468777,-0.9542372602614536,0.638919165221427,-0.306761384505351
THOMASCOOK,-1.074409125541609,-1.0163137750994893,-0.14209255690061545,1.4429645201921821,-0.8699497303467509,-0.8289522187821806,-0.2542284285243127,0.7156749859496772,-0.30936384792589183
SPLPETRO,-0.9322933129928583,-0.331782424493853,-0.2024235391832942,0.09826553916422943,-0.7436634745101698,-0.27141567988322596,-0.29638673434053026,0.059920614332103495,-0.31288631860045557
CERA,-0.7783734529364393,-0.5289391680006534,0.33171572191075555,-0.7079106500308708,-0.6068879639120947,-0.43199574432894833,0.07686106414785182,-0.33321834674196155,-0.3238102477087882
AVANTIFEED,0.4790843053569325,0.9911835682699173,-0.32301279755048595,-4.609219619148516,0.5105079776060726,0.8061125882288798,-0.3806525400682539,-2.2357262296393348,-0.3249395509681591
JUBLFOOD,-1.0817968839245333,-0.7248442039282712,-0.729831037747825,1.6352238643988544,-0.8765146039415509,-0.5915563190014212,-0.6649304870357926,0.8094319584964069,-0.3308923628705895
ABREL,-1.0566927731871865,-0.8642341582832108,-0.1497272012190377,0.9689967506586012,-0.8542067122701795,-0.7050865359002941,-0.25956339337646794,0.4845404039632456,-0.333579059395924
JKTYRE,0.586740224676365,0.08757541552317247,-1.8871216846587076,-1.1982743288765185,0.6061726522518477,0.07014255331730433,-1.4736263040890625,-0.5723485391659157,-0.3424149094214565
PFIZER,-0.9373629026840131,-0.4649447699762923,-0.3659401139102989,0.30127767674845546,-0.7481683884197605,-0.37987363896174003,-0.4106494481657721,0.158921281835039,-0.34494254842805844
ANGELONE,-0.09931429336822645,0.2451439632841335,0.18237852490508175,-3.199360966179747,-0.003465746388003867,0.19847885622038644,-0.02749333193347096,-1.5481961667100201,-0.3451690972027771
SBFC,-0.18939007400077487,-0.7660054296349175,-0.6729663355744165,-0.13264821782532263,-0.08350844447791303,-0.625081280709922,-0.6251943611901678,-0.0526865250715287,-0.3466176528623829
PCJEWELLER,-1.2145597364640066,-0.6071672849971529,-0.2544403456622558,0.8540841888390893,-0.9944896783594159,-0.49571091757298247,-0.3327352297926368,0.4285022751105599,-0.34860838765361885
SUNTV,0.09929465496514132,0.15012374903165032,-0.9906649750207207,-1.7595496050242923,0.1730211624987758,0.12108686923119276,-0.8471969855866694,-0.8460594002639152,-0.34978708853015406
RITES,-0.8508730258763195,-0.6654910500357882,-0.2969844699189391,0.3045552240548788,-0.6713121785869245,-0.5432144103880694,-0.3624643695021913,0.16051960681683344,-0.3541178379150879
BEL,0.014674203410847539,-0.18564044278009056,-0.9242044028469494,-1.1839899194831527,0.09782615215939668,-0.15238607722085445,-0.8007554223895943,-0.5653826203708303,-0.3551744919554706
MAXHEALTH,-0.7471742605215833,-0.5903435459306247,-0.13170372727690544,-0.25789401882906876,-0.5791638906753768,-0.48200833223165007,-0.2469688839291853,-0.1137637495609581,-0.35547621409929253
INOXGREEN,0.16931250010662063,-1.4437644118492905,-0.03371542527323717,-0.6734064139319705,0.23524007639781686,-1.177101866497784,-0.17849625766020175,-0.3163920503139817,-0.35918752451853764
SAMMAANCAP,0.5477193802464072,-0.7701140683484653,0.12699274179419445,-2.7209969012425903,0.5714981409904729,-0.6284276814349012,-0.06619601327419666,-1.314917692320537,-0.3595108115097905
MFSL,0.13228688857433712,0.2538197816618926,-0.7836368524625373,-2.3915524799232695,0.20233855920128493,0.20554512973170508,-0.7025291122463891,-1.154261201512446,-0.36222665620646133
YESBANK,0.17196207512258246,-0.5817496589168207,-0.17200948605590763,-1.9548153879373007,0.23759452874427328,-0.475008790111153,-0.27513389037310865,-0.9412824892816882,-0.36345766025541915
GODFRYPHLP,-0.3163673709705618,-0.8210235676528874,0.36052815046583725,-1.4306274510816257,-0.19634238690119774,-0.6698924091119517,0.09699471900269402,-0.6856575977691393,-0.3637244186948987
ULTRACEMCO,-0.5912753239282356,-0.1964583574278037,-0.8562993337989815,-0.25767655070623874,-0.4406297427984484,-0.16119704356367284,-0.7533044683510504,-0.11365769930417553,-0.3671972385043368
ORKLAINDIA,,-0.9851313905840073,-0.3144743447934209,-0.6356052448033819,0.0,-0.8035548155485718,-0.37468600862934803,-0.2979579752845071,-0.36904969986560676
BANCOINDIA,0.006263827366963855,-0.5327951356811209,-0.6034486914663894,-1.1798355325183254,0.09035256507776629,-0.4351363497559635,-0.5766165660169137,-0.5633566967611507,-0.3711892618640654
VAIBHAVGBL,-0.28700566604008754,-0.6463000505936967,-0.626766846880304,-0.46061276768108633,-0.170251132774384,-0.527583740737236,-0.5929109124673634,-0.21262134344932007,-0.3758417823570759
TARIL,-0.7240597054094299,-0.5878430969378189,0.3520188144122671,-1.1923580199718102,-0.5586239481588406,-0.47997176856526885,0.0910485338410052,-0.5694633987122978,-0.3792526453988505
OLAELEC,-0.48692872976029455,-1.0185399911982014,-0.028001446404548717,-0.49149730362393945,-0.3479057844264822,-0.8307654254635385,-0.17450342247901932,-0.22768246102704287,-0.39521427334902076
SONATSOFTW,-0.8971026850484689,-0.7313757725830663,-0.4173295462279242,0.261749333801956,-0.7123925514233344,-0.5968761457385802,-0.44655954479269644,0.13964493519116,-0.40404582669086275
SAATVIKGL,,-1.0836563119673364,-0.46896701687836756,-0.5385864423923977,0.0,-0.8838013135573959,-0.48264296655860334,-0.2506458967392628,-0.40427254421381553
LICHSGFIN,-0.8259445312016346,-0.6032158432038311,-0.012189935306932909,-0.6732534521528515,-0.6491603419992246,-0.4924925504680133,-0.16345459656820394,-0.3163174571472113,-0.40535623654566333
TATACOMM,0.13462784609802889,-0.34569998631762267,0.1536482326947291,-3.1294502936222295,0.20441876938646822,-0.2827512443424308,-0.04756959125108339,-1.514103607855494,-0.410001418515635
BRITANNIA,-0.5592536049722788,-0.739789053341022,-0.7626753339781625,0.09880346182182624,-0.41217476006377307,-0.6037285878223878,-0.6878815452219371,0.060182937081869836,-0.41090048900655707
SUBROS,-0.32150514110634637,-1.1041944204447087,-0.5383948533418799,-0.05946378461952396,-0.20090788698286294,-0.9005291754820169,-0.5311580056155331,-0.016997487832599467,-0.41239813897825317
BBTC,-0.8199016603717438,-0.6252628512908079,-0.8579915081887826,0.49960933797582346,-0.6437905557810357,-0.5104493797220935,-0.7544869321983212,0.25563947357532013,-0.41327184853153254
THERMAX,-0.36399464453063796,0.14442805381179594,0.46361947576632223,-3.524858090157656,-0.23866470097545583,0.11644784401095797,0.169033254670044,-1.7069277229980249,-0.4150278313231197
FSL,-0.5131872575884266,-0.781902104321711,-0.36465004258648714,-0.5190179553883679,-0.37123950854713866,-0.638028791407622,-0.40974796737868396,-0.24110315068242807,-0.4150298545039682
TRITURBINE,-0.4694919917695522,0.06370547253436122,0.38483716649613736,-3.0896391440858646,-0.33241123589340493,0.050700981523809904,0.11398146268100735,-1.4946893480725087,-0.4156045349402741
CIEINDIA,-0.019350667113680144,-0.12625997987925988,-0.5976820480906597,-2.2764560925014172,0.06759113870941148,-0.10402192598854663,-0.5725869297376969,-1.0981334284761544,-0.4267877863732466
CSBBANK,-0.4319776241502841,-0.43697084353304705,-0.8190946199729496,-0.6947901543990687,-0.29907540266169264,-0.3570894580549313,-0.7273064215111429,-0.326820020804534,-0.4275728257580752
CAMS,-0.5222309466645356,-0.33230294861842247,-0.08283459187678785,-1.7726090986634568,-0.3792758671471376,-0.2718396359497657,-0.21281992965691574,-0.8524279780391787,-0.4290908526982494
SUPRIYA,-0.11054157014847604,-0.4904959026974595,-0.5157637369285781,-1.7514312079814656,-0.01344247397651437,-0.40068450480404744,-0.5153437508062206,-0.8421003920200842,-0.44289278040171665
LINDEINDIA,-0.19186968616023578,0.32946744635165653,-0.12138805021213225,-3.5516070644634916,-0.0857118652650106,0.26715857827515643,-0.23976045714839161,-1.7199720973039598,-0.4445714603605514
MUTHOOTFIN,0.31554255312188706,-0.24670713759625593,-1.414517638266977,-1.6826408867895921,0.36518230840488497,-0.20212362925507568,-1.143378309378644,-0.8085541824348995,-0.44721845316593356
HINDPETRO,-0.10801114442522873,-0.7579855244337989,-0.6441954698673333,-1.20858670075448,-0.011193899489760078,-0.6185492348303967,-0.6050897497752005,-0.5773774586758791,-0.4530525856928091
APTUS,-0.9995020408927489,-0.6750458093490437,0.19279074572513494,-0.9402121107009243,-0.8033861644332578,-0.5509965629992126,-0.020217441952083776,-0.4465022121399147,-0.4552755953811172
JMFINANCIL,-0.6572189109252071,-0.7305945150541565,-0.39969517687912703,-0.7125789509844065,-0.4992282094217503,-0.5962398277404757,-0.4342369352850412,-0.3354948850613163,-0.46629996437714594
MSUMI,-0.39852748009282996,-0.9009128647610625,-0.7451922695168227,-0.40901373166605576,-0.26935109982409616,-0.7349605789851862,-0.675664665100338,-0.18745861638884231,-0.46685874007461564
TANLA,-0.8179516240029804,-0.6620172140186246,-0.23332356021118109,-0.8072840760506648,-0.6420577240338871,-0.5403850432480569,-0.31797916474581506,-0.3816786783511076,-0.4705251525947166
NLCINDIA,0.2884272367762009,0.03589164457657537,-0.16855480731263256,-4.160146930702715,0.34108722907691436,0.028047197501507713,-0.2727198172477388,-2.0167319545062674,-0.48007933629389604
IOC,0.1183405341447006,-0.6738330696422344,-1.3387462960322956,-0.9936399321227996,0.18994561817732566,-0.5500088117470288,-1.090430532014971,-0.4725567626063804,-0.4807626220477636
IGIL,-0.8470977159313275,-0.3213837663174989,0.3728047755804352,-2.2805474882955057,-0.6679573811929884,-0.2629461892109458,0.10557342427799118,-1.1001286338833456,-0.48136469500232215
AADHARHFC,-0.4386737073577675,-0.6559047353340667,-0.4637048325683277,-1.2965783142915226,-0.30502564325686354,-0.5354065565697377,-0.4789658380417077,-0.6202873485893008,-0.48492134661440245
GMRAIRPORT,-0.18333586883553682,-0.42095114681309415,-1.1130554059212097,-1.2389723848246148,-0.07812858639827723,-0.3440417484715042,-0.9327214212854871,-0.5921953067182337,-0.48677176571837555
HDBFS,-0.8256269341510614,-0.5041087292616511,-0.6810169141506295,-0.5582260210983169,-0.6488781204669242,-0.41177186873634386,-0.6308199741136112,-0.26022331129436926,-0.48792331865281213
IIFLCAPS,-0.21774359699877033,-0.28493225884080675,-0.8016874104805447,-1.9040651771484673,-0.10870381292408754,-0.23325719498413125,-0.7151425476038807,-0.9165336993630329,-0.4934093137187831
SWSOLAR,-1.2203629999960768,-0.7559104411158504,-0.33034774522036375,0.025568419150810307,-0.9996465459166184,-0.6168591226536609,-0.38577808179346196,0.02446921968884687,-0.49445363266872355
IONEXCHANG,-0.816662719127657,-0.44057208852389934,-0.26147626685665465,-1.3409777994168859,-0.6409123837095775,-0.36002259715243295,-0.3376518166968987,-0.6419391508731617,-0.4951314871080177
SWIGGY,-0.8115866429844495,-1.0589303007255606,-1.2671099983570533,1.115597162706493,-0.6364017058407994,-0.8636624919879827,-1.0403722563054185,0.5560313937220489,-0.4961012651030379
HDFCAMC,-0.5046912900890517,-0.29259843192108714,-0.695498917167999,-1.5526779127118588,-0.36368986360641614,-0.23950113341295312,-0.6409397614755509,-0.7451765867035889,-0.49732683629962726
ESCORTS,-0.2774852223383019,-0.7348462091835292,-1.511131732384662,-0.06333642312085463,-0.16179112281884836,-0.599702744124437,-1.2108906616040045,-0.01888601430787113,-0.49781763571379023
CCAVENUE,-0.15622910578218988,-0.7419810671955633,-1.55445106616112,-0.22036409098345255,-0.05404110765496513,-0.6055139374876709,-1.2411615050745417,-0.09546194774621919,-0.4990446244908492
AARTIDRUGS,-1.3058016991259094,-1.2415496830935504,-0.25832457720006125,0.838526938712492,-1.0755686634005786,-1.0124021783313937,-0.3354494674005137,0.4209156442550315,-0.5006261662193636
CAPILLARY,,-0.8955725427600918,-1.3131427344700801,-0.45048568919738846,0.0,-0.7306109978558589,-1.072539181045966,-0.20768278390469802,-0.5027082407016308
NUVOCO,-0.6823175064523953,-0.6958761675532236,-0.35593098476044677,-1.1024199963768826,-0.5215312001941393,-0.5679624562441439,-0.4036552320650567,-0.525604324689699,-0.5046883032982598
NEWGEN,-0.9887104299265492,-1.52861464086353,-0.36076233491527526,0.8133652237379586,-0.7937965760621619,-1.2462106121637464,-0.40703130070551324,0.40864531102451745,-0.509598294476726
TATAINVEST,0.2280342929366015,-0.9197198350889739,-0.21957267913284728,-2.6274311837073387,0.28742114773332234,-0.750278464914767,-0.308370273462948,-1.2692895412079566,-0.5101292829630872
CONCOR,-1.2557214833881538,-0.70947010396292,-0.46124638808905344,0.06292693646911356,-1.0310666278875362,-0.5790344345387378,-0.47724791716145726,0.042687431641309816,-0.5111653869866054
TRIDENT,-1.1027316395869327,-0.6416646715289984,-0.6897187510728473,-0.005358983981830892,-0.8951175437695955,-0.5238083209585364,-0.6369006757406928,0.009387197546237,-0.511609835730647
INDIACEM,-0.05602657467874249,-0.4506935990746637,-1.547614647309065,-1.0173889134417176,0.0350003737358696,-0.36826635685154635,-1.2363843271512271,-0.48413816375345303,-0.5134471185050893
BANDHANBNK,-0.5754914997383589,0.05877764924785249,-0.41108366349914793,-2.6247831318745094,-0.42660399841452473,0.046687372012667774,-0.4421950238747671,-1.2679981952709496,-0.5225274613868934
GPIL,0.6247016873634791,-0.7066824465766167,-0.8658595278180912,-2.892168172535308,0.6399057809083876,-0.5767639456131093,-0.7599849759090338,-1.3983908792785065,-0.5238085049730655
LTM,-0.676387243645676,-1.1958594212491407,-1.354964237931227,0.7514227625080216,-0.5162614791648161,-0.9751884109450188,-1.1017633651367862,0.37843852101919445,-0.5536936835568567
ELECTCAST,-1.3689249675313868,-0.7589256954842044,-0.33334130675605883,-0.3140619620982743,-1.1316609523593515,-0.6193149845845203,-0.38786993373961753,-0.14115454472270722,-0.5700001038515491
INDUSTOWER,-0.043664000563041504,0.20336301623647693,-1.1948113958391504,-3.1317077492994545,0.045985943670521015,0.1644491443770044,-0.9898511727806438,-1.5152044761166876,-0.5736551402124515
ONESOURCE,-0.4953175482876531,-0.4858158822535602,0.37999241017612784,-3.427698174693679,-0.35536021517358324,-0.39687272555104547,0.11059602603111122,-1.659546829422281,-0.5752959360289496
BLUESTARCO,-0.3691493131663703,-0.34390081001864786,-1.2584944002433784,-1.6132876522089614,-0.24324521731920606,-0.28128585269059203,-1.0343518169503274,-0.7747334631484898,-0.5834040875271538
NHPC,-0.6509457757174203,-0.9306569974431323,-0.6015865015085294,-1.0861597917580759,-0.4936538068022228,-0.7591865560327536,-0.5753152980653411,-0.5176748918481364,-0.5864576381871135
IOB,-0.7129240550172309,-1.0699795281264404,-0.4166706629740719,-1.0143245895640551,-0.5487286411615734,-0.8726618577542747,-0.4460991279278933,-0.482643819065772,-0.5875333614773783
ANUP,-0.9567014292933846,-0.5229272989341814,-0.6871417728629954,-1.1050934782498019,-0.7653528950210641,-0.4270992020907164,-0.6350999254239876,-0.5269080718110561,-0.588615023586706
TEXRAIL,-1.2633146113759652,-0.8632680920577078,-0.464744339686637,-0.3208383967265526,-1.0378139960126682,-0.7042996950649729,-0.47969222865120387,-0.14445913310580932,-0.5915662632086636
BANKBARODA,0.17040776013184206,-0.7424473176597358,-1.0508340381513697,-2.3112197319369816,0.23621334098584604,-0.6058936887873372,-0.8892421449419727,-1.115086225239473,-0.5935021794957343
HCLTECH,-0.8265878001610331,-1.073937948028819,-1.393793107484491,0.504480718199883,-0.6497319605047337,-0.8758859083838453,-1.1288963454926273,0.25801504530015074,-0.5991247922702638
SRF,-0.7450765561927922,-0.5753529292241554,-1.0120724759124446,-1.0478379765325678,-0.5772998389503491,-0.4697987869024388,-0.8621561978389348,-0.4989869191367735,-0.602060435707124
BORORENEW,-1.1845404434942681,-1.4899925242699803,-0.055359103041655706,-0.10639122199433879,-0.9678140815766214,-1.2147537019850263,-0.19362050645948953,-0.039882068427596624,-0.6040175896121834
JSLL,-0.07240597456414923,-0.9285255798413327,-1.2990675399519456,-1.2886903882414535,0.02044539180049504,-0.7574505607542258,-1.0627036648241683,-0.616440731566973,-0.604037391336218
DBL,-0.40855804411426255,-0.7201744762576423,-1.1623044861974499,-1.2947250424860106,-0.27826441039438415,-0.5877529229980393,-0.9671358748364826,-0.6193835841740626,-0.6131341981007421
TRENT,-1.146570533135208,-0.9290524404627395,-0.5832489099868885,-0.46826312027021205,-0.9340734461912984,-0.7578796777655671,-0.5625012883799034,-0.2163521056686087,-0.6177016295013444
DALBHARAT,-1.1974819185392034,-0.8275103183821249,-1.434827003361119,0.6544928135934404,-0.9793140716137385,-0.675175732581475,-1.1575701622571588,0.33116977266867903,-0.6202225484459233
RELIANCE,-0.3201251564067231,-0.8010740069699156,-0.7843256502522115,-1.9330090456600404,-0.1996816117521077,-0.6536439071172686,-0.7030104329006188,-0.9306484332743198,-0.6217460962610787
PURVA,-0.7561224073843353,-0.6547903069954365,-0.9946862353116538,-1.1209848830082676,-0.5871153490226677,-0.5344988778809222,-0.8500069766509197,-0.5346576561332975,-0.6265697149219518
SUNTECK,-0.5920735905289445,-1.1087327353267835,-1.5008421105182845,0.04466099301097599,-0.4413390945472437,-0.9042255385040275,-1.2037004417706283,0.03377988248466764,-0.628871298084308
UCOBANK,-0.6853762139820216,-1.3529316359329098,-0.782015862539152,-0.41854300544147877,-0.5242492138668484,-1.1031204608861966,-0.7013963909425177,-0.1921056511711528,-0.6302179292166789
SBICARD,-1.1625798665445406,-1.2265597286301708,-0.6213587722586003,0.005464827870173709,-0.948299581471006,-1.0001931723853967,-0.5891318381816101,0.014665525290705321,-0.6307397666868269
RHIM,-0.6836538493775394,-0.658347342212874,-1.0785637111337487,-1.1784080936511496,-0.5227186946854526,-0.5373960090380522,-0.9086191878732044,-0.5626605935510094,-0.6328486212869296
MPHASIS,-0.9137699023678054,-1.3164488400731156,-1.050424639526653,0.24378570895397506,-0.7272032922742273,-1.0734059829225058,-0.888956063864415,0.1308848143831881,-0.63967013116949
EMBDL,-1.3307302543033996,-1.1700798551809937,-0.3919037531396434,-0.18901784775733674,-1.0977205537519845,-0.954191490895652,-0.4287924155320917,-0.0801756745212632,-0.6402200336752479
HEXT,-1.1290392776862954,-1.1719727929151,-0.8023872854640176,-0.006721888369851537,-0.9184949080184376,-0.9557332492850832,-0.7156316088203568,0.008722565146606489,-0.6452843002443178
PAGEIND,-1.3787492926936271,-0.8632833195186251,-0.030487809747571707,-1.183445411299699,-1.140390995966813,-0.7043120975149828,-0.17624085260562097,-0.5651170861310346,-0.6465152580546129
REDTAPE,-0.3504739338277702,-0.5119368029902143,-0.5708910909786626,-2.8973566879583883,-0.22664999339090022,-0.4181476718737861,-0.5538658461368251,-1.400921104792836,-0.6498961540485868
HEMIPROP,-0.3048682140729952,-0.7169256962095865,-0.6523015766709601,-2.5579839984174657,-0.18612406253723626,-0.5851068592610981,-0.6107541649177388,-1.2354230060258173,-0.6543520231854727
DMART,-0.6169921083160157,-0.7323654501470683,-1.02888405675314,-1.5211592312612388,-0.4634820655220393,-0.59768221751772,-0.8739038561650547,-0.7298062224507166,-0.6662185904138826
RCF,-0.7848877349347467,-0.803689885790121,-0.6074702750831196,-1.7016426367804702,-0.6126766532090557,-0.6557744859757914,-0.5794267830159544,-0.8178205541661975,-0.6664246190917498
BLS,-0.8506602642906899,-0.6401736925117504,-0.8453032789154903,-1.5325253089442226,-0.6711231154309452,-0.522593949578596,-0.745620604654317,-0.73534899093193,-0.668671665148947
EUREKAFORB,-0.8739295027012587,-0.9002399874238805,-1.185554287957321,-0.5981083890743326,-0.691800511860927,-0.7344125343976825,-0.9833824568690197,-0.2796723013804184,-0.672316951127012
NTPC,-0.07141993279427061,-0.03905583710344772,-0.92024416563831,-3.884921213293675,0.02132160339850937,-0.032995966552414616,-0.797988073259353,-1.8825156950170303,-0.6730445328575722
SHARDACROP,-0.5382474546189321,0.29706391109962144,-1.1442426376295023,-3.282341359221845,-0.39350837783586695,0.2407665731806842,-0.9545145498269549,-1.5886622905515828,-0.6739796612584301
ASHAPURMIN,0.09786895343651003,-0.42530501239194,-1.298053569104967,-3.039341676449164,0.17175426260380755,-0.3475878813747136,-1.0619951185443255,-1.4701613423631221,-0.6769975199195883
LICI,-0.6261002276525243,-0.8663239050087937,-1.1332500201370106,-1.284142104882975,-0.47157567782380805,-0.7067885911173797,-0.9468330881229537,-0.6142227208911579,-0.6848550194888248
CLEAN,-1.8130550484182675,-1.206840500840589,-0.19543613556314582,0.10278137835370697,-1.5263216450276085,-0.9841322717387915,-0.29150405072534674,0.06212280332146236,-0.6849587910425711
JAINREC,,-0.5957383818328866,-1.0499827525879895,-2.8546837238856795,0.0,-0.48640231379905935,-0.8886472804832812,-1.380111255796619,-0.6887902125197399
SAGILITY,-0.696924423066652,-1.5384122199617882,-1.53823811213511,0.5112770629753401,-0.5345111267445284,-1.2541905364363144,-1.2298321573969215,0.2613293430429209,-0.6893011193837109
CASTROLIND,-1.7137877568624675,-0.8608930612951914,-0.5935699017709695,-0.12281496322745976,-1.4381112316134084,-0.7023652819370125,-0.569713428999813,-0.04789125134800147,-0.6895202984745589
ELECON,-0.6054395493687241,-0.5354208772713768,-0.44066281739854546,-2.9314155694989372,-0.45321628729075075,-0.43727496163543267,-0.4628644538872432,-1.4175302201247646,-0.6927214807345479
ITI,-0.30635367057035046,-0.6201477174510124,-0.4213803319129239,-3.395714175863201,-0.18744406159923202,-0.5062832096635252,-0.4493901677204655,-1.6439495490265865,-0.6967667470024523
CHAMBLFERT,-0.970459561644551,-0.5215996163238396,-0.11153448009096882,-2.8118394910211655,-0.7775785790654552,-0.4260178322357471,-0.2328749431581973,-1.3592178860567024,-0.6989223101290255
MAPMYINDIA,-1.4133644492711668,-1.6078034251466942,-1.060683012964412,1.1552930183173833,-1.1711505465120766,-1.3107082289197785,-0.8961244478058475,0.5753894294008164,-0.7006484484592215
ABBOTINDIA,-1.3684899846051521,-0.9540174535240061,-0.545724637396089,-0.8302220528214255,-1.1312744199663556,-0.7782131613429534,-0.5362799390903822,-0.3928645859450809,-0.709658026586193
STYRENIX,-1.5620212487991663,-0.5284302632942246,0.19565958693680627,-2.263402737044093,-1.3032492220947138,-0.4315812520366659,-0.018212742532917648,-1.0917678440396474,-0.7112027651759862
GSFC,-0.8747583077836075,-0.7871829344272508,-0.8890808503631804,-1.5512474888062315,-0.692537000565393,-0.6423299176262403,-0.7762116571310627,-0.7444790278130003,-0.7138894007839242
EIHOTEL,-0.7851043281649066,-1.1702031919264686,-1.0343399399691091,-0.8964180126976641,-0.6128691212221916,-0.9542919461080106,-0.8777163383162434,-0.4251456322496461,-0.717505759474023
JAIBALAJI,-1.5072729873615947,-1.0935872752020106,-0.2927111141008701,-0.8309312924513359,-1.254599090722869,-0.891889876433142,-0.35947821819778286,-0.3932104529341989,-0.7247944095719981
HBLENGINE,0.5965801102500515,-0.9424223258525309,-1.0917769591888578,-3.7781507588707837,0.6149165230757575,-0.7687691711673009,-0.9178523899736243,-1.8304481369722678,-0.7255382937593589
NCC,-1.3147034671292577,-1.4553507332407163,-0.2807376174760639,-0.6281447215016301,-1.0834789087934558,-1.1865386841416088,-0.35111133416408874,-0.2943197849990214,-0.7288621780245438
VBL,-0.4352513392643485,-0.4959509280630758,-0.34738277604381873,-3.802856715420739,-0.3019844753188186,-0.4051275094367218,-0.39768188332082566,-1.8424962155691909,-0.7368225209113892
RECLTD,-0.9987867470032903,-0.9023185994719483,-0.8334336105028758,-1.419162788075626,-0.8027505434879002,-0.736105520651662,-0.7373262740808237,-0.6800667532817288,-0.7390622728755287
IRB,-0.4841146557719802,-0.5382955420960114,-0.6381275128994647,-3.275562561484426,-0.34540515581058184,-0.43961631630882103,-0.600849560475241,-1.5853565497773718,-0.7428068955930038
BLUEDART,-1.043102739242245,-1.467091572747069,-1.249723176471268,0.16596923307242997,-0.8421304030064937,-1.1961013535742775,-1.0282226289249359,0.09293692049530249,-0.743379366252601
KSCL,-1.013578438211354,-0.9708862387340338,-0.6722811273142034,-1.5448344804726308,-0.8158946635309563,-0.7919524358306853,-0.6247155488405443,-0.7413516674823158,-0.7434785789211255
KANSAINER,-0.9976086677080995,-1.0383053943736784,-0.6291790739922347,-1.5478491305578608,-0.8017036844466714,-0.8468639350009731,-0.5945965374055826,-0.7428217883050264,-0.7464964862895634
TEGA,-0.7180025606599991,-0.9929975584699958,-1.1398783177328162,-1.496017251743164,-0.5532414779203271,-0.8099616455844378,-0.9514648343089446,-0.7175455133903932,-0.7580533678010257
TATACONSUM,-0.3306391862415983,-1.1326838152790282,-0.7914636071314775,-2.4865472740658916,-0.20902453734066614,-0.9237331946656512,-0.7079983206762414,-1.2005862544936836,-0.7603355767940605
NTPCGREEN,-0.9216166798298957,-0.8841039178386807,-0.3680408960994098,-2.460704943104943,-0.7341760571502703,-0.7212700415374134,-0.41211744047471255,-1.1879840128473964,-0.7638868880024481
TORNTPOWER,-0.3046025268387632,-0.45315134124993744,-1.1152232102958872,-3.346702148162692,-0.18588796885115735,-0.3702681367038435,-0.9342362476038981,-1.6200483994905908,-0.7776101881623725
GMRP&UI,-0.6891356936233932,-0.8937809965844876,-0.6856169857095971,-2.528066217926689,-0.5275899442140771,-0.7291518207807107,-0.6340344290457518,-1.2208333353093836,-0.7779023823374809
MEDPLUS,-0.633883819290001,-0.3198116284431711,-1.186053971730483,-2.8855688942693036,-0.47849229482250183,-0.26166571563095686,-0.9837316277348555,-1.3951726827650048,-0.7797655802383296
HUDCO,-0.6372261779045846,-1.085706442543614,-0.09241975194280033,-3.192391164178956,-0.48146236513015395,-0.8854711022453464,-0.21951788308102846,-1.5447972810145512,-0.78281215786777
CESC,-0.5240446875767041,-0.8301181575533172,-0.490624405035817,-3.3459307747186875,-0.3808875846945907,-0.6772997633131943,-0.4977767959539921,-1.619672232396548,-0.7939090940895812
POWERGRID,-0.7283691448572145,-0.5378373264191032,-1.4943193120174982,-2.0423586729313614,-0.5624533810900177,-0.4392431091761651,-1.1991424166304896,-0.9839737478091053,-0.7962031636764444
PNCINFRA,-1.3746153486741193,-1.2612591092421652,-0.8569028967619685,-0.5783308956425135,-1.1367175109217722,-1.0284550957454186,-0.7537262282994253,-0.2700276314873551,-0.7972316166134928
JUBLPHARMA,-0.9126230702643223,-1.1823215124516908,-0.5173638468033366,-2.1377066089126755,-0.7261841999591312,-0.9641620659745774,-0.5164618814728745,-1.0304710135366828,-0.8093197902358166
PTC,-0.9847942351596835,-0.6312796784281814,-1.2868790896436277,-1.8658884260418922,-0.7903165862892811,-0.5153499602058895,-1.054186574664485,-0.8979164684544803,-0.814442397403534
DCMSHRIRAM,-1.2065797394722926,-1.2107575609257566,-1.2566840498882301,-0.5550429811422634,-0.9873985325988057,-0.9873226356580064,-1.0330867736671063,-0.25867107365928166,-0.8166197538958
VIPIND,-1.273215353363516,-0.9141350391838311,-1.728698787495765,-0.25744958658016714,-1.04661194476438,-0.7457297648783764,-1.3629229690166609,-0.11354701823728128,-0.8172029242241746
SAFARI,-0.9042850847516827,-1.1822088745531927,-1.7395232974755352,-0.5609970618562984,-0.718774940196079,-0.9640703247504218,-1.3704869599342904,-0.2615746338703615,-0.8287267146877881
INDIASHLTR,-1.0659858644384583,-0.8294384763046319,-0.6938621307037705,-2.357981389386283,-0.8624646934069952,-0.6767461770813713,-0.6397960018067379,-1.1378899617850466,-0.8292242085200378
SAMHI,-1.2283318349482621,-1.1234963310053971,-0.9050981638112148,-1.3776164848108845,-1.0067277729204465,-0.9162501799307134,-0.7874042943656517,-0.6598063304103016,-0.8425471444067782
SUZLON,-1.07263818529068,-1.1863393276198033,-0.3080298231852111,-2.4674182309727652,-0.8683760461128208,-0.9674344928119798,-0.37018268210426114,-1.191257807153306,-0.8493127570455921
ICICIGI,-0.7974810491780812,-1.1550200720090231,-1.1556358287904158,-1.8185926878146326,-0.6238672623034424,-0.9419256109197525,-0.9624759258730784,-0.8748522826857836,-0.8507802704455143
COALINDIA,-0.2652140053160926,-0.30567091411437547,-1.4114233289083373,-3.841114187720479,-0.15088673417623102,-0.2501483981005614,-1.1412160564980214,-1.861152810882749,-0.8508509999143907
AAVAS,-1.4492276916590536,-1.0572038800320311,-0.45263121694843117,-1.8223188780643556,-1.2030191649444721,-0.8622563582626211,-0.47122777616816724,-0.8766693923736831,-0.8532931729372359
ITCHOTELS,-1.5856584374117104,-1.4190382508426909,-1.2124269569818724,0.06279453237147456,-1.3242535846272596,-1.1569629229480387,-1.0021606394208442,0.042622863610046434,-0.860188570846524
AWL,-1.4017940717053223,-1.802672772428715,-0.8100297001123239,-0.24546374516635963,-1.1608689343874241,-1.4694252567447152,-0.7209720034522231,-0.10770201648186174,-0.8647420527665561
PRSMJOHNSN,-1.0402534239338017,-0.8269346929986361,-1.0424432004393231,-2.231270551007601,-0.8395984584216664,-0.6747068976862891,-0.8833787644874451,-1.0760982988400585,-0.8684456048588647
BAJAJELEC,-2.111931365065634,-1.4798536526460697,-0.772994330928202,0.3838967137439734,-1.791907650629039,-1.2064958020531462,-0.6950922918843743,0.19921118719901038,-0.8735711393418872
CHOLAHLDNG,-0.8995578191266491,-1.1132809147696587,-1.1202933764247087,-1.956394796406257,-0.7145742206179837,-0.9079299360055131,-0.9377791969494991,-0.9420527018145305,-0.8755840138468816
PFC,-0.5936755730267013,-0.6262395204166851,-1.1454783407647708,-3.3163871141973242,-0.4427626403718017,-0.5112448563991066,-0.955378039011179,-1.6052650045977588,-0.8786626350949616
GODREJCP,-0.9561286093267701,-0.8511829081360621,-1.5947523164046873,-1.674254736398907,-0.764843878553756,-0.6944565642723944,-1.2693233610274823,-0.8044646018987931,-0.8832721014381064
SBILIFE,-0.6012583499426876,-1.0954648955753579,-1.5239946927355754,-2.042775446868129,-0.4495008103782918,-0.8934191591510131,-1.2198790883734354,-0.9841769913118279,-0.8867440123036421
ERIS,-1.3282587310719722,-0.951438658388551,-1.3348765929701296,-1.2407331036194031,-1.0955243209084151,-0.7761127863738901,-1.087726446668766,-0.5930539368378082,-0.8881043726972199
IEX,-1.2119959954733857,-0.9600651982364022,-1.0857034706621287,-1.858573968656057,-0.9922114994232808,-0.7831389235481622,-0.9136083353106084,-0.8943495085069795,-0.8958270666972576
SURYAROSNI,-1.2832611388761694,-1.3469023854617028,-1.0568671185386387,-1.133318637232171,-1.055538781381489,-1.0982097618555424,-0.8934579630565956,-0.5406723206529349,-0.8969697067366404
TATACHEM,-1.076078942731007,-0.9237633364744681,-0.2765276089887789,-3.3833050965092366,-0.8714335551020594,-0.7535718126416563,-0.3481694489406023,-1.6378981515399231,-0.9027682420560603
SHREECEM,-1.7775179293394834,-1.201790020783447,-0.7819399415509058,-0.9689642811123628,-1.4947428246895205,-0.9800187608406482,-0.7013433385949635,-0.4605234627742991,-0.9091570967248579
ROUTE,-1.9496934656898397,-1.2588012936725004,-0.9736925762335389,-0.31889004623266093,-1.6477406047562737,-1.0264532561149176,-0.8353369503040973,-0.14350900272582193,-0.9132599534752777
FINPIPE,-1.5054273961666027,-0.832346125228154,-1.0421708838062635,-1.7510332397364574,-1.2529590705334157,-0.6791143966168528,-0.8831884740684763,-0.8419063192795594,-0.9142920651245762
SYNGENE,-1.3727880545969977,-1.4566040887065708,-0.6266279157234876,-1.6064107723877656,-1.1350937498273979,-1.1875595160842574,-0.5928138296423395,-0.7713798917771554,-0.9217117468327874
ACI,-1.2015734262331228,-1.567944251322574,-0.6983328059205249,-1.631756605991968,-0.9829498470994144,-1.2782437613718567,-0.642920036686691,-0.7837400120886482,-0.9219634143116526
RELAXO,-1.686971075810258,-1.4620706513160289,-1.1292652043203306,-0.3223495026736496,-1.4142815241142122,-1.1920119175619328,-0.944048563862537,-0.1451960373087326,-0.9238845107118536
ICICIPRULI,-1.2971965686847267,-0.9913792923439672,-1.918956794503586,-0.692441495054985,-1.0679220146222832,-0.8086436015034396,-1.4958721592989914,-0.32567467626716695,-0.9245281129229703
ZENSARTECH,-1.2845915586426357,-1.412056051511709,-1.4129712601060573,-0.7384292594639799,-1.0567210124646091,-1.1512760669034556,-1.142297725556718,-0.3481010170152385,-0.9245989554850053
TECHNOE,-1.0912592829543877,-1.0857222255637542,-0.8665951487398387,-2.4483277935238776,-0.8849230345256006,-0.8854839571867812,-0.7604990158038019,-1.1819481861973729,-0.9282135484283892
UPL,-0.9351807939928534,-1.041926777242794,-1.3695380583379893,-2.1086036369452827,-0.7462293337045051,-0.8498134759812195,-1.1119473129919717,-1.0162786914155695,-0.9310672035233164
TMPV,-0.9544549863974068,-1.0041379995246793,-0.6764295435671672,-3.2099177307804965,-0.7633566719604782,-0.819035302973454,-0.6276143944158736,-1.5533442664964772,-0.9408376589615708
WHIRLPOOL,-1.7892798932207827,-1.929001025460058,-0.5618873988942625,-0.3248984274302131,-1.5051946833054985,-1.572316989749977,-0.5475742130486934,-0.14643904304877042,-0.9428812322882348
SKFINDIA,-1.4640335948384828,-1.4353363928408231,-0.884487513295194,-1.3939906722895945,-1.21617591395977,-1.1702374204156605,-0.7730019081513126,-0.6677913480033405,-0.956801647632521
MASTEK,-1.6237893694593137,-1.3905741008391506,-1.322323416679852,-0.578021570464684,-1.3581373063151545,-1.1337794651536894,-1.078954491945225,-0.2698767863238836,-0.9601870124344882
NBCC,-1.0812131795374518,-1.4976453385591224,-0.9679063395279356,-1.9113815945883745,-0.8759959154139485,-1.2209867599564832,-0.8312936225257281,-0.9201016151482672,-0.9620944782611067
WAAREERTL,-0.6411660100170261,-1.6554286963939975,-0.718621629936356,-2.8214595550038855,-0.4849633594050471,-1.3494980211942345,-0.6570975357949128,-1.3639091954879679,-0.9638670279705406
GILLETTE,-1.610840487696593,-0.8789185221427539,-1.5494292357845205,-1.2074154921126485,-1.3466307345568314,-0.7170466446592854,-1.237652331963753,-0.5768063084052288,-0.9695340048962746
RAMCOCEM,-1.364597332893144,-0.9096256040712224,-2.090385238507955,-0.8345230051520144,-1.127815350907332,-0.7420569238275628,-1.6156635582533803,-0.3949619834538872,-0.9701244541105406
VMM,-0.9903826582036027,-1.3120986443350409,-1.2095649122255212,-2.160842274989882,-0.7952825433463493,-1.0698628390282294,-1.0001606892537376,-1.0417533260723961,-0.976764849425178
WAAREEENER,-0.911122582122266,-0.9437000316041323,-0.8956690129796707,-3.370470939569185,-0.7248508435507971,-0.7698098359109227,-0.7808153576485116,-1.6316394612023792,-0.9767788745781527
ONGC,-0.41145230584225556,-0.6746751574868888,-1.5122312795647406,-3.84945573314581,-0.28083629504595287,-0.550694674771333,-1.21165900722881,-1.8652206394123179,-0.9771026541146035
SIGNATURE,-1.2424923807389876,-1.1532111489242525,-1.2130308263214362,-1.9666536250914777,-1.0193110476204361,-0.9404522807137288,-1.002582613460171,-0.9470555105121816,-0.9773503630766294
HINDUNILVR,-1.0248848866911806,-1.0809701726539986,-1.5626183783951038,-1.9895157283706537,-0.8259417442865669,-0.8816135089894478,-1.2468686895729395,-0.9582044177257735,-0.9781570901436818
INTELLECT,-1.1050261876902385,-2.0710009096496274,-0.7851308399544608,-1.3160523395546564,-0.8971565138434149,-1.687972940182429,-0.7035730863238376,-0.6297840295412926,-0.9796216424727435
LATENTVIEW,-0.9021325048585895,-1.4171731587545413,-1.4550385762855877,-1.8515880220333099,-0.7168621252164328,-1.1554438442577277,-1.171693679563476,-0.8909427497435785,-0.9837355996953037
JIOFIN,-1.3512720996618157,-1.4654390992712056,-1.2494030025562577,-1.3050263471794605,-1.1159743475541242,-1.1947554483187475,-1.0279988966183717,-0.6244071066734479,-0.9907839497911729
IXIGO,-0.9056948131065202,-1.7157155144373475,-1.4346680305718125,-1.4789772145593507,-0.7200276460877477,-1.3986003798274544,-1.1574590746664306,-0.7092357882894865,-0.9963307222177799
CROMPTON,-1.4309198404967725,-0.6300287636335863,-0.6635221193826806,-3.487804062256223,-1.1867505321003629,-0.5143311161391876,-0.6185948970451925,-1.6888579980073586,-1.0021336358230255
GICRE,-0.7475515406791705,-0.9882765778473817,-2.009559976519984,-2.2408827434049425,-0.5794991475173048,-0.8061165051183181,-1.5591841842461864,-1.0807857696229748,-1.006396401626196
BATAINDIA,-2.0519868558792362,-1.5572025027925596,-1.2017249930744853,-0.12294389081059795,-1.7386400550860386,-1.2694948307467677,-0.9946822816986415,-0.047954124026167944,-1.0126928228894039
JYOTHYLAB,-2.033980200163566,-1.9897125163133775,-1.1034027886536943,0.3912208194575432,-1.7226390690614164,-1.621765235548811,-0.9259763298698671,0.2027828522390115,-1.0168994455602707
CAMPUS,-1.0866296927850867,-0.978640787030097,-1.8054309359943206,-2.022823778603223,-0.8808091108315831,-0.7982683540335357,-1.4165421421171505,-0.9744473835182872,-1.017516747625139
NESCO,-0.47643974963650476,-1.0161924888088651,-1.4708524827891811,-3.562496964224383,-0.33858511838924343,-0.8288534336226249,-1.1827441793448954,-1.7252826534027104,-1.0188663461898686
RENUKA,-1.6126243257877715,-1.8209795248997416,-1.5197336322163142,-0.2193051782163729,-1.348215880006261,-1.4843357256401803,-1.2169015288231742,-0.0949455595537902,-1.0360996735058514
TATAPOWER,-0.6056259078650231,-0.839453628242576,-0.39302036973267906,-5.421102103112132,-0.45338188826307646,-0.6849033099038319,-0.42957268898409845,-2.631647915912858,-1.0498764507659661
KNRCON,-1.8366349815597678,-1.5238725788497083,-0.9147795240595874,-1.2879736951636318,-1.5472751294844875,-1.242348301343225,-0.7941694709072087,-0.6160912298379463,-1.0499710328932168
BAYERCROP,-1.9830757399214611,-0.9223140175252492,-1.0796258751634114,-1.7995720101892407,-1.6774045974423466,-0.7523913725201145,-0.9093614107625929,-0.8655766807258235,-1.0511835153627194
ZAGGLE,-1.656925644971081,-1.6042796741495373,-1.4756224303059815,-0.9847056708222856,-1.387582700826163,-1.3078382070673704,-1.1860773408239902,-0.4681998909290425,-1.0874245349116416
IGL,-1.3207932150931798,-1.756393703085617,-1.0960256988498658,-1.903421052490893,-1.0888903507404126,-1.4317319179046648,-0.9208213399092148,-0.9162195862670683,-1.08941579870534
TCS,-1.5052901124120237,-1.5749448555171583,-2.0453059387139083,-0.538553777482525,-1.2528370781172162,-1.28394560779481,-1.584162879252435,-0.25062996740656474,-1.0928938831427566
COLPAL,-1.1870260877750745,-1.1585286778906256,-1.5421552437698336,-2.682480388742197,-0.970022862597783,-0.9447832973907351,-1.2325693850555945,-1.2961347737581328,-1.1108775797005612
MOIL,-1.4452253023735424,-1.3788115633619515,-0.9540057519116717,-2.8351186516952964,-1.1994625814214792,-1.1241991231753352,-0.8215801187573695,-1.3705701750039132,-1.1289529995895242
CENTRALBK,-1.0042782566979895,-1.5208952812612453,-1.9990438558720696,-1.993278659891322,-0.8076303818802393,-1.2399233544196469,-1.5518356907607374,-0.9600394446199632,-1.1398572179201467
TARC,-1.3244685113628312,-1.1885221448448866,-1.9294925151046631,-2.1179412837686584,-1.0921562744730389,-0.9692123520139656,-1.5032343489118392,-1.0208322776169725,-1.146358813253954
BSOFT,-1.2540021337749,-0.9618146471257843,-2.576071373822823,-1.8013103679383984,-1.0295387878728481,-0.784563813259793,-1.9550531032033167,-0.8664244062833858,-1.158895027654836
BIKAJI,-1.7456047316154923,-1.4525598603009222,-1.3633159336578684,-1.8334074131911091,-1.4663842755593677,-1.1842655762145826,-1.107599393810711,-0.8820768147684299,-1.1600815150882728
NFL,-1.5179538298572834,-1.4180737159526977,-1.0342883696826786,-2.9954073167984134,-1.264090248559356,-1.1561773293536206,-0.8776803018417139,-1.4487363626377903,-1.18667106059812
TSFINV,-0.6015016008329062,-2.1314916461557907,-1.5595069558298655,-2.844200578471722,-0.44971696679047213,-1.737241386159748,-1.2446944782628337,-1.374999057058839,-1.2016629720679732
JWL,-1.0927175827095208,-0.9208933778241503,-1.5614464850286378,-4.018627970159344,-0.8862189016966094,-0.7512342910493062,-1.2460497896137779,-1.9477189795933634,-1.2078054904882642
GODIGIT,-1.1788782221907903,-1.629033032937037,-1.4469587967395874,-2.866102522286523,-0.9627825462723495,-1.3279993026436305,-1.1660476614789055,-1.3856797340029823,-1.210627311099467
BIRLACORPN,-1.8055142798299184,-1.3893206242159055,-1.5525896969508424,-2.150666081469708,-1.5196208042550445,-1.132758534530868,-1.239860810647985,-1.036790815145096,-1.2322577411447484
INFY,-1.6133550612603709,-1.7735084616767034,-2.076112745554021,-1.1387518357413113,-1.3488652225754412,-1.4456715325921778,-1.6056901731045605,-0.5433218680419805,-1.2358871990785398
UTIAMC,-1.7038443480665715,-1.6433680516834992,-1.5895070790520627,-1.8910610424679861,-1.429275368491875,-1.3396748770784361,-1.2656580747678539,-0.9101921178744306,-1.236200109553149
CELLO,-1.6982846816967125,-2.253027073701364,-1.5756045005453096,-0.9362600492920239,-1.4243349650493715,-1.836229462553054,-1.2559431797977127,-0.4445749543801101,-1.240270640445062
RAYMONDLSL,-1.384688044705968,-1.9439317308538449,-2.3768723801812217,-0.9495450203189381,-1.1456682606323703,-1.5844777385618567,-1.815856097378393,-0.45105348820115315,-1.2492638961934432
GHCL,-1.4806034348539754,-2.0186933264085947,-1.8391084059154768,-1.4291392143266721,-1.2309001238688533,-1.6453695022353254,-1.4400754084810266,-0.684931845930377,-1.2503192201288957
AURIONPRO,-1.5023814063541352,-1.6647444560920164,-1.791951500476685,-2.08162223054711,-1.2502523580161093,-1.3570855135927236,-1.4071229325621022,-1.0031209695405467,-1.2543954434278703
LEMONTREE,-1.625631804539678,-2.018529431341412,-1.80427741404735,-1.3185174379097122,-1.3597745219335178,-1.645236013114018,-1.4157360798061103,-0.6309861565939654,-1.2629331928619028
EIDPARRY,-2.067124341933893,-1.9211769281038114,-1.8686671813188682,-0.5887856412635103,-1.7520914536484984,-1.565944425285032,-1.4607305983330712,-0.27512598081448664,-1.263473114520272
TRANSRAILL,-1.2766475107987378,-1.7881654121498765,-1.5611847337914984,-2.744922011917444,-1.0496618116592913,-1.4576093137184862,-1.2458668821210506,-1.3265849845084703,-1.2699307480018245
WEBELSOLAR,-1.5361989191823506,-1.7045263737661995,-0.06911363435418072,-4.553198492188566,-1.2803031102877178,-1.3894870576143432,-0.20323194846643747,-2.208407030751531,-1.2703572867800075
SHAKTIPUMP,-1.5594394580523245,-1.5983471856153093,-2.0615956227044125,-1.8336978553566163,-1.3009550038727948,-1.303006318620618,-1.595545844577009,-0.8822184514636462,-1.270431404633517
DBREALTY,-1.7607344333927313,-1.3993749972797875,-2.198266908967517,-1.6111177985835592,-1.479828756895434,-1.1409476121441517,-1.691049508939358,-0.7736753148039881,-1.271375298195733
RALLIS,-1.3270256263916849,-0.6406738386907603,-1.9983406197237719,-4.024963606331701,-1.0944285654795487,-0.5230013082325744,-1.5513442808171356,-1.9508086087041292,-1.279895690808347
UBL,-2.2917261715357267,-1.9507894149283598,-1.8914383690744039,-0.31982637174857165,-1.9516760291138886,-1.5900631795214049,-1.4766427327103693,-0.1439656101591422,-1.2905868878762012
BAJAJHFL,-2.324036792466286,-2.245103266032804,-1.38829442937299,-0.568403127791451,-1.9803877345032919,-1.8297756861138577,-1.1250539589668547,-0.2651862675385537,-1.3001009117806395
VIKRAMSOLR,-2.1034089105398626,-2.0733923006548007,-1.2190371807192142,-1.726444941669863,-1.7843344689169196,-1.6899206783875513,-1.0067797558895062,-0.8299156178844567,-1.3277376302696084
AHLUCONT,-1.5962336118000118,-1.5286348843762088,-1.8683683929098442,-2.876502134742034,-1.3336508441887835,-1.246227100083524,-1.4605218098690782,-1.3907511971535058,-1.3577877378237229
SOBHA,-0.9615368063141653,-1.5818948355483144,-2.161255664787804,-3.67616336899344,-0.7696496840170328,-1.289606221890219,-1.6651866555308694,-1.7807130827292665,-1.376288911041847
IREDA,-1.4975289743890545,-1.633263541386567,-0.9065162028077958,-4.471860047153852,-1.245940413739243,-1.3314449637322672,-0.7883951968740359,-2.1687416174028007,-1.3836305479370867
EMAMILTD,-1.8026116876449367,-1.7842443880010284,-2.26550496673179,-1.8525398488101008,-1.5170415170336728,-1.454415721151902,-1.7380343663784943,-0.8914069165041022,-1.4002246302670427
SJVN,-1.4223947857840749,-1.3646838572105677,-1.1952761436912935,-4.881922643209882,-1.1791750398228988,-1.1126924005347212,-0.9901759309950267,-2.36871227536748,-1.4126889116800316
PIIND,-2.2331708702065454,-2.057376475047622,-1.6665575783547577,-1.6344433248725498,-1.8996429046386762,-1.6768761217449148,-1.3194997062147842,-0.785050214354067,-1.4202672367381106
RTNINDIA,-2.101665231837634,-1.9569097937960636,-1.5382096433704793,-2.2370487224013047,-1.782785009706595,-1.5950481007344812,-1.2298122638888085,-1.0789160753125893,-1.4216403624106184
NETWORK18,-2.364489612856901,-1.9826940646747364,-1.9752932028289452,-1.1527776023948606,-2.0163347212146268,-1.6160488527541068,-1.5352391220253663,-0.5501616574135184,-1.4294460883519047
KITEX,-1.8968249713695622,-1.4394810752018146,-2.43923614952909,-2.4420132097056704,-1.6007608628142211,-1.1736131779413579,-1.8594348816206367,-1.1788688234536235,-1.4531694364574599
SWANCORP,-1.6198369541036666,-2.1652683222988705,-2.5803589892464163,-1.5858421792072417,-1.354625130380443,-1.764751785932764,-1.9580492188873484,-0.7613494350827946,-1.4596938925708376
HDFCLIFE,-1.6717874387189282,-1.7464404327798617,-2.153412837561342,-2.8553975453330285,-1.4007891150440552,-1.4236251863837683,-1.6597062158601252,-1.3804593571496042,-1.4661449686093881
TTML,-1.7566510495016294,-1.632070812492869,-2.1674223602746285,-3.1960759449489444,-1.476200200343546,-1.330473510870906,-1.6694958416964603,-1.546594197002786,-1.5056909374784246
IRCON,-1.5130968991388916,-1.5961181838922094,-2.03678080323478,-4.145156476764225,-1.2597743066224023,-1.3011908431061694,-1.5782056537100129,-2.0094217268334673,-1.5371481325680132
ABFRL,-0.8846934420824508,-1.8474962821479202,-2.5792921176547337,-4.2690959681047635,-0.7013655108439668,-1.50593307256358,-1.9573037064304477,-2.0698619178422293,-1.558616051920056
KPITTECH,-2.018436445725206,-2.2984232104658124,-2.319287733871327,-2.2571055649375236,-1.7088266542818131,-1.8732036711830038,-1.775616886319695,-1.0886969722713395,-1.6115860460139628
FIRSTCRY,-1.4366742641598333,-1.9157670851185895,-1.9741226130170544,-4.54756296949882,-1.1918639998128744,-1.5615382207608728,-1.534421132968868,-2.2056588181832977,-1.6233705429314782
TATAELXSI,-2.033341534784263,-1.7913867768199288,-2.789232138079987,-2.5440012012428137,-1.7220715413666574,-1.4602330482006005,-2.1040063664780013,-1.228604171101357,-1.628728781786654
KEC,-2.052607359615855,-1.9878003900875703,-2.111695368064472,-3.2696095791172017,-1.739191444071014,-1.620207848532232,-1.630554729005705,-1.5824535251848453,-1.643101886698449
RPOWER,-2.4135724107294108,-2.2986030569246516,-2.0384652045618386,-2.2145112272306795,-2.059950436159624,-1.873350152380842,-1.5793826858678959,-1.067925466119036,-1.6451521851318494
DABUR,-1.542995069415191,-1.5859008601359774,-2.5092505997010073,-4.356027758227544,-1.2863422719518285,-1.2928690455452254,-1.9083598367634516,-2.1122549754780553,-1.6499565324346404
OSWALPUMPS,-2.37654391138493,-2.8512447691338774,-1.5671455987590903,-2.3887822573120823,-2.027046352809591,-2.3234653256358255,-1.2500322372789605,-1.1529102779129865,-1.6883635484093407
RTNPOWER,-2.576367742039803,-1.7387678213297226,-1.6668901061675407,-3.794902687121175,-2.204612824462212,-1.4173760040366892,-1.3197320712234961,-1.8386173631992562,-1.6950845657304132
KPIGREEN,-1.4469570046554188,-1.8265429037767857,-2.0239456287802975,-5.426432794453564,-1.2010013982039311,-1.4888669819529063,-1.5692366432715417,-2.634247474773397,-1.723338124550444
STARCEMENT,-1.0966350823427762,-2.601441499670492,-2.343746269744824,-4.323566614571542,-0.889700050993457,-2.120005761455111,-1.7927081120242676,-2.096425011180873,-1.7247097339134272
AFCONS,-1.9768839877985067,-2.8315796396444886,-2.2925728984403473,-3.1949870786729093,-1.6719025130602312,-2.307448486928857,-1.756948995307211,-1.5460632017163383,-1.8205907992531594
CRIZAC,-1.8956132816464317,-2.3350099312934347,-2.2465429898355245,-4.283394909737121,-1.599684137039478,-1.9030027938701495,-1.7247840463832516,-2.0768349234124086,-1.8260764751763219
RAILTEL,-2.034087548047683,-2.2711374132582516,-2.9933468837664323,-3.2191649445498536,-1.7227344600113328,-1.850979957217613,-2.2466384196066835,-1.5578537522178857,-1.844551647263379
ITC,-2.14793447037126,-2.676195307019635,-2.2566918349592013,-3.584464364763554,-1.823900553360943,-2.180891181797197,-1.731875893726308,-1.7359952508984144,-1.8681657199457153
ABLBL,-2.0353512156252718,-2.1262619294724394,-2.647367240273086,-4.272196990833594,-1.723857374091995,-1.732981890759752,-2.0048734911286985,-2.07137415904982,-1.8832717287575664
INDIAMART,-2.133718731088686,-2.700101350170547,-2.5383500915610613,-3.541846851752885,-1.8112682328911187,-2.2003621564214217,-1.928694086770929,-1.7152124431038764,-1.9138842297968366
WIPRO,-2.2125697022329223,-2.2864150247839206,-2.990266080086697,-3.477292405072135,-1.8813363958653693,-1.863423253854251,-2.2444856042740664,-1.683731895252271,-1.9182442873114895
IRCTC,-2.7582860191711807,-3.061060602068984,-2.8699356976572337,-1.896457552292273,-2.366268151024008,-2.494355954965429,-2.1604006968267666,-0.9128237737012597,-1.9834621441293658
HDFCBANK,-2.5477936172941154,-2.8491907959212397,-3.0215157597699616,-2.6196850206480393,-2.179221425973726,-2.321792407200531,-2.2663223704412925,-1.2655120561640436,-2.0082120649448982
PATANJALI,-2.488732609896063,-2.4651491941843475,-3.0989462490654573,-3.6662378610347215,-2.1267389234536207,-2.008998515092948,-2.320429532693747,-1.7758728208369883,-2.0580099480193264
AMBUJACEM,-2.667422247950846,-2.7676480181951546,-3.0259017858526684,-3.1745850207069277,-2.285525232605471,-2.2553775117755297,-2.2693872538878486,-1.5361139573947875,-2.086600988915909
JKLAKSHMI,-2.8858359311890847,-2.852290499659993,-2.854458781790479,-3.02730581667734,-2.4796109278209313,-2.324317051386057,-2.149585680602676,-1.4642919487122725,-2.104451402130484
ORIENTCEM,-2.9943207367264217,-2.9544348253544914,-2.8761852469254605,-2.7573086974580727,-2.5760121632694517,-2.407511478880857,-2.1647677798626264,-1.3326254614536601,-2.1202292208666487
CMSINFO,-2.9678709541984194,-2.514895091696937,-2.7823782788080917,-3.8537702295462233,-2.5525084873360826,-2.049515513326926,-2.0992170014739306,-1.8673246418067693,-2.142141410985927
ASHOKA,-2.2926703060707263,-3.21818163030953,-3.629463801772793,-2.8130522969619394,-1.9525150013105272,-2.622327762532715,-2.6911465404678516,-1.3598093216187181,-2.156449656482453
AWFIS,-2.672329150630618,-3.0135418508218486,-2.4442566590143633,-4.2755268850287935,-2.2898855803814824,-2.455652921014262,-1.8629431317141238,-2.0729980114556996,-2.1703699111413917
RVNL,-2.5575349741763795,-2.5876867458273383,-3.31513681792028,-4.922054592572939,-2.187877742715447,-2.1088028007078283,-2.4714999739747996,-2.3882829760281155,-2.2891158733565478
INOXWIND,-2.906160299536643,-3.535762661136898,-2.9175025996149144,-3.8516452850672005,-2.497671468269069,-2.8809909027830445,-2.193639671621939,-1.8662883938053774,-2.3596476091198575
ACC,-3.0259217797045026,-3.2513186577523836,-3.5425622900008515,-3.5270009148253147,-2.6040933269813626,-2.649317181751488,-2.6304211822761454,-1.7079726904318167,-2.3979510953602032
IRFC,-3.0175724855251516,-3.132711654572079,-3.3028869071845546,-4.236419374379169,-2.5966740181664005,-2.5527142460585965,-2.4629399362714794,-2.0539268874098053,-2.4165637719765707
HGINFRA,-3.2052016735352424,-3.132976885281371,-3.4699320109467355,-3.8982392254732012,-2.7634041463238437,-2.5529302709514488,-2.5796683286008335,-1.8890103416488766,-2.446253271881251
ALOKINDS,-3.1080824268277056,-2.8420355109898443,-3.8497947593212736,-4.0807119605798166,-2.677102517980011,-2.3159645765365937,-2.8451102177968006,-1.9779947875623454,-2.4540430249689376
