,RS_12M_before,RS_9M_before,RS_6M_before,RS_3M_before,RZ_12M_before,RZ_9M_before,RZ_6M_before,RZ_3M_before,RES_MOM_before,RS_12M_after,RS_9M_after,RS_6M_after,RS_3M_after,RZ_12M_after,RZ_9M_after,RZ_6M_after,RZ_3M_after,RES_MOM_after,RANK_before,COMPOSITE_before,RANK_after,COMPOSITE_after
CUPID,3.458610038229075,2.9940048633155394,4.07108839743378,4.883486864179515,3.110126765713861,2.422357462517883,2.6585570636845635,2.3728468671861123,2.6409720397756047,3.4923819921036237,3.304307953766629,3.6288746598465482,5.486940550347219,3.1685342938264665,2.7756280662171333,2.41086182693087,2.906248450084205,2.8153181592646686,1.0,4.187799910728768,1.0,4.187799910728768
WELCORP,3.003405342106696,3.672701257342089,5.696912473671652,5.000472561269287,2.7078233836888326,2.9862726541965925,3.79906343562625,2.429533172275211,2.9806731614467212,2.3478894619350554,3.054835962208747,4.650673579978695,3.0378971392081104,2.1559030394315704,2.5681439878489742,3.1479913381027447,1.631938934235763,2.375994324904763,2.0,4.186979556192597,2.0,4.186979556192597
SHILPAMED,1.704946138125253,2.758598758959626,4.320652571727538,4.136671361815019,1.560263761318805,2.2267632621823936,2.8336249170583585,2.0109717622336136,2.1579059256982926,1.2446996170622717,1.9997320939118342,3.9610921823405167,4.008547526015222,1.1798158330915691,1.690621616182367,2.6505247734595665,2.1369969576437504,1.9144897950943132,3.0,3.554890697236387,3.0,3.554890697236387
HFCL,2.4044436263232023,3.050574629621687,4.203648944121603,1.9892072236180098,2.178469609406962,2.4693601442626503,2.751547535639794,0.9704017580875484,2.0924447618492388,2.115848205567759,2.5369557940896783,3.9818550710293876,2.1984194420846372,1.9505961262689524,2.137426740929488,2.6655031979697084,1.1951339299139285,1.9871649987705193,4.0,3.44374824384435,4.0,3.44374824384435
LAURUSLABS,2.6547878051765252,2.841801943705584,3.634967400944345,3.18406725054639,2.399720204317112,2.2958951159645147,2.3526206572163253,1.549380229047592,2.1494040516363864,2.7011156279870265,3.208758949578309,3.1005463829895996,5.996578144646802,2.4684326944408737,2.6961606400375127,2.0297238586039166,3.1714279210140397,2.5914362785240854,5.0,3.3810538208921863,5.0,3.3810538208921863
ANANDRATHI,2.228378804985632,2.522611990530059,3.321740856253827,3.9619616525904546,2.0228660453771785,2.0306865997397274,2.1328940119402553,1.926314850102453,2.0281903767899037,2.0011696123977654,1.932849954035449,2.4981722053058038,2.6906885318986444,1.8491300838152995,1.6349962168544334,1.5951689042091797,1.451276055714903,1.6326428151484538,6.0,3.3162429081601132,6.0,3.3162429081601132
ATHERENERG,2.9424497259452447,2.5368191653087067,2.7695758750780053,3.196470277645462,2.653951684332333,2.0424910556923854,1.7455534081208615,1.5553902097175094,1.9993465894657723,2.9612513935502904,2.676043682286045,3.185477087231801,3.213429470294113,2.6985972430522187,2.2531051468073717,2.0909931820178036,1.7232735830315198,2.1914922887272286,7.0,3.207011761443948,7.0,3.207011761443948
SANSERA,3.349121697756954,3.6081380538847894,3.2293273381307235,2.8675794419497933,3.0133625406532296,2.9326283861947937,2.0680664529113364,1.3960236656266818,2.3525202613465104,3.4749445730685453,3.794752631058465,4.18199635432919,4.144620644777989,3.1531059052215182,3.1835274108409792,2.8098858582146566,2.2077998145069193,2.838579747196018,8.0,3.0565672831659825,8.0,3.0565672831659825
SKYGOLD,1.8319296541516443,1.766630619659129,2.4239148168212306,3.247422267800494,1.6724899716237893,1.4025568742655457,1.5030741354641322,1.5800793822460837,1.5395500908998878,1.5919121501210287,1.3948594259528293,2.3231546799325247,1.929809624361003,1.4870247083134394,1.187553326801092,1.4689106156329579,1.0553683197092754,1.2997142426141912,9.0,3.0242151495188065,9.0,3.0242151495188065
CPPLUS,2.3405840682614754,2.317103589748642,3.194869115342066,0.1866169814232594,2.122031447846455,1.85993380034633,2.0438942049844946,0.09694301089324778,1.5307006160176317,2.4907706021041727,2.452534520516556,3.7779828777109445,2.404853025482664,2.282322307696708,2.0672141690387416,2.5184290454711653,1.3025474116506377,2.0426282334643133,10.0,2.976101596088662,10.0,2.976101596088662
DIVISLAB,1.659437327621324,2.63894568151121,3.8465283213056285,5.272481383987297,1.5200437272690142,2.127345925213853,2.501029443414291,2.5613371063893737,2.177439050571633,1.1277490026942383,1.7003856426545119,2.8637157306870855,3.7252697229850718,1.076339537521241,1.4416573049422654,1.858873352185598,1.9895991620848474,1.5916173391834878,11.0,2.9531953446272166,11.0,2.9531953446272166
AVALON,2.0574049379383106,2.1012529671192355,2.8317971367703616,2.407351336798014,1.8717617937361914,1.68058785670298,1.789201270437301,1.1730166534173874,1.628641893573465,1.7392006998652216,1.4640096455387008,2.6727859175745987,3.1584533293675534,1.6173435919705477,1.245065071867678,1.7211358805218548,1.6946678755096776,1.5695531049674396,12.0,2.897610924870423,12.0,2.897610924870423
SAILIFE,2.1916805044797476,2.5902843554689565,3.26742881056847,3.0357138557590124,1.9904326137059924,2.0869142075209726,2.094794419811768,1.477494468590333,1.9124089274072664,1.7718316027233245,1.7844368336524805,2.472566922400663,2.090912895520418,1.6462149661579981,1.5115620817913868,1.5766971586441687,1.1391951030725262,1.46841732741652,13.0,2.839045515639979,13.0,2.839045515639979
SYRMA,1.9028069799929352,2.1938960922563466,3.2252439978032617,3.084479672594168,1.7351303357011745,1.7575631672088512,2.0652020128219433,1.5011243142877555,1.7647549575049313,1.596450786893442,1.8091395429991706,3.781431291727248,2.98187098591315,1.491040431725295,1.5321071491954978,2.5209167440663323,1.6027868743108864,1.7867127998245032,14.0,2.8287528812992955,14.0,2.8287528812992955
ENTERO,0.9016963828166715,1.7314630256024954,2.3892164338073814,4.6857588872720015,0.850363147541873,1.3733368272491329,1.4787334165008965,2.277036279204331,1.4948674176240584,-0.1932569706625327,0.4047305693341014,0.010226201272602637,-0.3731129143422876,-0.09246838441984302,0.3640702095246142,-0.19964452301369742,-0.142910196703991,-0.0177382236532293,15.0,2.8275933958120074,15.0,2.8275933958120074
AETHER,1.655136322949583,1.927409496376059,2.1204682261160652,3.4948768565896455,1.5162425610238364,1.536144811198313,1.2902080724617617,1.6999853764381356,1.5106452052805117,1.655477976376238,2.059438782576905,1.682432274200002,2.249704627556716,1.5432668773802658,1.7402792438492092,1.0066911080282703,1.221819124456366,1.3780140884285277,16.0,2.8180057918699624,16.0,2.8180057918699624
SONACOMS,2.205590534597636,2.9664946078291017,3.749733577290878,3.6559561201072315,2.002726098830742,2.3994997442033257,2.433128479261552,1.7780375529215422,2.1533479688042902,2.4842620029427116,3.2878383862269667,4.709253548758309,4.837855502515039,2.2765635886491897,2.7619304442085473,3.190251143726141,2.5685103563920366,2.6993138832439785,17.0,2.755500590328269,17.0,2.755500590328269
RUBICON,,2.50582640495873,2.9472883372392342,3.4023681607888006,0.0,2.0167397940867056,1.8702176927938565,1.6551595876108294,1.385529268622848,,2.6645016831609345,3.3707044135891517,2.7414624631540656,0.0,2.2435057483496736,2.2246168586956077,1.4776952296101191,1.48645445916385,18.0,2.724113829214727,18.0,2.724113829214727
AKUMS,1.334552332206371,2.3582565919657226,2.260946105549946,3.0111860995345703,1.2329150277235181,1.8941270026937285,1.388752508451376,1.4656093586403292,1.4953509743772382,1.0761123219543678,1.7753206533041277,2.4046010747727977,2.346230725746085,1.0306521123855763,1.5039802195310015,1.5276663453880428,1.2720445001646807,1.3335857943673253,19.0,2.717111997468157,19.0,2.717111997468157
RADICO,1.3198432442558417,1.234553751575728,3.106578944239533,3.436303429139068,1.2199153467461263,0.9604648995713043,1.981959150513369,1.671603178774863,1.4584856439014158,1.4877521245130676,1.4812844268833902,2.5608122401922953,3.827718430829917,1.3948653498127255,1.2594323844622974,1.6403576565027298,2.0429062462709706,1.5843904092621806,20.0,2.672826297184247,20.0,2.672826297184247
WELENT,1.5387353673685034,1.4950355917197307,2.5318031164378056,3.968452237873678,1.4133690658685405,1.1768940247389885,1.5787571659771178,1.9294599123341998,1.5246200422297116,0.6050617619278695,0.6206774846987038,0.8589689319735946,0.8328186028287698,0.6138730536242268,0.5436717208248344,0.4126416145674549,0.484571537920655,0.5136894817342927,21.0,2.6584564717894343,21.0,2.6584564717894343
GLAND,1.4031751151747438,1.977143883986446,2.417085888028108,2.827428301874362,1.2935628591437895,1.5774681141791116,1.4982836806320727,1.3765681267649996,1.4364706951799935,1.0047884773046893,1.1806720031580804,2.218504929399465,3.2191460142398807,0.9675457553128631,1.0094151729382017,1.3934158994663794,1.7262480694431221,1.2741562242901416,22.0,2.6498532010048392,22.0,2.6498532010048392
KTKBANK,1.8229329614659227,2.5870350327495064,2.7140014796215843,2.7914703018993583,1.664538823655991,2.084214410586302,1.70656828478481,1.3591444056804238,1.7036164811768817,1.588387819637729,2.0620991934214623,2.728863783714747,1.4279280490644692,1.4839064291599002,1.7424918885982912,1.7615906600689926,0.7942245342130809,1.4455533780100662,23.0,2.6389525516252723,23.0,2.6389525516252723
SUDEEPPHRM,,1.8767807348216727,2.9458288366150356,4.463809332826657,0.0,1.494078390884784,1.8691938613805565,2.1694889424728707,1.3831902986845528,,,2.3458741467872493,1.709724998334588,0.0,0.0,1.485300522851242,0.9408517978861854,0.6065380801843568,24.0,2.6144233603738263,24.0,2.6144233603738263
GRANULES,2.270427096788728,2.0548204589644086,2.5353309045370667,0.8956825475327557,2.060027722628884,1.6420080189924702,1.5812318893281077,0.44052609847200835,1.4309484323553676,2.3384777945698647,1.9317644952608766,2.217591002288891,1.6414967241217213,2.1475757255533776,1.6340934485234382,1.3927565890766431,0.9053506145735821,1.5199440944317604,25.0,2.603722551187805,25.0,2.603722551187805
INOXINDIA,1.5139696533693474,1.9224398985996993,2.541072425849356,2.0554960022266604,1.3914814830184585,1.5320156722971972,1.5852595339773723,1.0025224875585208,1.3778197942128871,1.1331128284337901,1.5339046097463536,2.2435934753862186,1.9635095833100764,1.0810853767852142,1.303196215731319,1.4115148691118327,1.0729034022550485,1.2171749659708535,26.0,2.584680700802029,26.0,2.584680700802029
ALIVUS,0.9118564165098472,1.7091972507741005,2.4509045583527347,3.1976105523433627,0.8593424396077745,1.3548366424968061,1.5220072861313116,1.5559427384540863,1.3230322766724947,0.868415337109153,1.3536083665153522,2.2778594727475268,1.6057308753963833,0.8468846759420459,1.1532451145017997,1.4362344860414447,0.8867405886484413,1.080776216283433,27.0,2.5621484474544145,27.0,2.5621484474544145
WELSPUNLIV,1.1662346215899109,1.380556986765206,2.104558156552337,3.727354367313639,1.0841582490423352,1.0817760529562823,1.2790472488642566,1.8126341140794717,1.3144039162355865,0.4038745738527604,0.6929107378705722,1.0730013530614724,2.1418762054645843,0.4358653958558767,0.6037476029641795,0.567045392867628,1.1657128162847954,0.69309280199312,28.0,2.5491331031064113,28.0,2.5491331031064113
SHRIPISTON,1.9975469114505953,2.246608129213542,2.528998725945236,3.390857253269399,1.8188601283920414,1.801360539179755,1.5767899019459506,1.649581890236453,1.71164811493855,1.984789886658001,2.00285844990345,2.3475806881124255,1.8724655369762444,1.8346375276952005,1.6932217841912904,1.4865316280599448,1.025530499807972,1.509980359938602,29.0,2.5256720589297426,29.0,2.5256720589297426
APARINDS,1.7118076279708205,2.298758858396392,2.6660017342719295,1.981648555748316,1.5663278476389078,1.8446915318035069,1.6728967355545044,0.9667391483533018,1.5126638158375552,1.62545849540251,2.122352606364432,3.509582056108665,2.4210372799115207,1.5167060533701409,1.7926042229526973,2.3248037024337784,1.3109685565481926,1.7362706338262022,30.0,2.5235272324402542,30.0,2.5235272324402542
NEULANDLAB,1.1587961570689476,0.5545335248909081,2.134444459961746,3.080086008305566,1.0775842407789138,0.39544976194649956,1.3000123212668542,1.4989953309973314,1.0680104137473998,1.1100539065205226,0.6164260469580519,1.7519234117522358,2.838226615531307,1.0606831597269806,0.5401358303392922,1.0568222710637833,1.528044471933257,1.0464214332658284,31.0,2.510839520142057,31.0,2.510839520142057
MARKSANS,0.8263596572897937,1.7131173025992525,2.3324189924529204,2.45699149980579,0.7837816299777263,1.3580937347634325,1.4388903334013758,1.197070170171423,1.1944589670784893,0.2952911695445698,1.2381009384379937,1.7442742270909084,2.3196574605515776,0.3397922927008248,1.057178409339242,1.0513041210254779,1.258217646565228,0.9266231174076931,32.0,2.508344912245555,32.0,2.508344912245555
HONASA,1.8950420113364264,2.0682727429307213,2.490141630438228,0.697599761461102,1.7282677677653813,1.6531852513428207,1.5495318697464044,0.3445435850238907,1.3188821184696242,2.0471415338148744,2.1727071219766985,3.2017822498964232,3.9655111109017445,1.8898054077902793,1.8344837149078579,2.1027557865261315,2.114603841597841,1.9854121877055273,33.0,2.4993555597003043,33.0,2.4993555597003043
PARAS,1.5709177329105333,1.6377837466907963,2.9170347755558446,2.573665557944487,1.441811378984844,1.295500597399137,1.8489949907942163,1.2536054682477182,1.459978108856479,1.3017583277504383,1.3368632829085918,2.0726304714663444,3.0080044550703287,1.2303005957748199,1.139318347742733,1.2881815272722912,1.616384889061321,1.3185463399627912,34.0,2.49106400434738,34.0,2.49106400434738
ACMESOLAR,0.7861991837354113,1.3347496149298501,2.2791160206662786,0.7737985414822818,0.7482883794197155,1.0437156284480855,1.4014986008919368,0.3814662806965344,0.8937422223640681,0.4225985036853536,0.5004679813590209,1.7218929402103347,1.1347484346898529,0.45243207152547527,0.4436943331598895,1.0351581780883476,0.6416745341799743,0.6432397792384217,35.0,2.4324959216988247,35.0,2.4324959216988247
KRN,1.364970654658195,2.015161151588262,2.72567292887225,2.376765696794307,1.2597983048560693,1.6090558976644325,1.714755740263376,1.1581961500248654,1.4354515232021858,0.6512698573198099,0.8752730860822975,1.9479588769179832,-1.4973569746796727,0.654757341084843,0.7554170689891228,1.198242978957358,-0.7278875383500779,0.4701324626703115,36.0,2.4102416739094155,36.0,2.4102416739094155
QUESS,0.6163309525754018,1.9532317089331808,2.439235117846587,3.3163410321083795,0.5981612729192398,1.5575999685733615,1.5138212397756368,1.6134744911962193,1.3207642431161144,0.24198224202160667,1.05938155013115,2.055462320928643,3.257027675757312,0.29262528660418047,0.908538767118071,1.2757963601281097,1.7459590151651332,1.0557298572538736,37.0,2.400392829872838,37.0,2.400392829872838
AEGISLOG,0.7819805114500832,1.1702347513940374,1.9728274907643744,2.610571451661934,0.7445599773568632,0.9070235351626078,1.186638933655305,1.271488498420609,1.0274277361488462,0.987870852879198,1.2303176069784985,2.183385080028687,3.3908966473171507,0.9525772738315171,1.0507050680057217,1.3680803105466304,1.8156149892322493,1.2967444104040295,38.0,2.398271397608039,38.0,2.398271397608039
LENSKART,,1.8569783913687534,2.199674094488017,5.518007504871714,0.0,1.477625021746206,1.3457705400704458,2.680308646859973,1.375926052169156,,1.1601321233429858,1.046187159148706,1.7443435134278618,0.0,0.9923323012033245,0.5477015344411295,0.9588648322845357,0.6247246669822474,39.0,2.3971393812312156,39.0,2.3971393812312156
SOLARINDS,1.0179030145658856,1.6220844803855876,2.4805489166046124,1.6483916914650285,0.9530649020814995,1.282456392588804,1.5428026353775988,0.8052570120601592,1.1458952355270153,0.5812070849867088,0.8156353432171483,1.5654026922538515,1.7466891832688458,0.5927667634586153,0.7058167830529687,0.9222655358017328,0.9600853534830612,0.7952336089490946,40.0,2.3941448992308527,40.0,2.3941448992308527
AZAD,1.3714175430865398,1.9631230240594537,2.3274129038273763,2.318252780887821,1.2654959723897186,1.5658184634916779,1.4353785906123593,1.129843273688346,1.3491340750455254,1.1036384779304858,1.3408342521217935,1.9748462910497042,0.9647879577318114,1.0550068767200018,1.1426209745517966,1.2176396587199751,0.5532390854163143,0.992126648852022,41.0,2.3845559460119805,41.0,2.3845559460119805
CGCL,0.8321190678108528,1.1145451921877294,2.1615177909797767,2.6576604800609225,0.7888717143965165,0.860752199804519,1.3190041094849254,1.294305843588249,1.0657334668185525,0.10617489848856847,0.21705846204510154,0.9207172850616705,0.605690182247804,0.17246481634087193,0.207984654696974,0.45718710432153997,0.3663899220499382,0.30100662435233105,42.0,2.378169674114228,42.0,2.378169674114228
TMB,2.3016262263633145,2.3775013069667357,1.4746325220799503,1.8880572310224497,2.0876010658984336,1.9101170495602127,0.8371579876179783,0.9213887634850372,1.4390662166404153,2.1075853737537513,2.437059560789432,1.9724080104161115,0.758353905366503,1.9432852862904335,2.0543437552631665,1.2158806740742412,0.44582535966209735,1.4148337688224848,43.0,2.3767026505128754,43.0,2.3767026505128754
CRAFTSMAN,1.7377424076815278,2.075158819201395,2.275107267260789,2.3580265179935918,1.5892486339984724,1.6589067537027393,1.3986864831054395,1.149115939084195,1.4489894524727114,1.441448682924093,1.6535421579851726,1.673833952779261,2.3006351947196126,1.3538967013479442,1.402697912412961,1.000488247229641,1.2483198006338663,1.251350665406103,44.0,2.375855702232232,44.0,2.375855702232232
OFSS,0.5930471137699427,1.0206479446999441,2.9764668503469753,1.982832186618534,0.5775833501127416,0.7827348642459242,1.8906862543126206,0.9673126856513747,1.0545792885806653,0.5615899230232501,0.4349804740732802,1.6473897780304867,2.4084241711840626,0.5754097682811988,0.3892288398235065,0.9814113219933268,1.304405584081994,0.8126138785450066,45.0,2.371636914412604,45.0,2.371636914412604
EMIL,1.0382224162385043,1.4136094485543635,2.991619169068876,3.8791543659382324,0.9710228978650532,1.109238679086806,1.901315519990619,1.8861899525163297,1.466941762364702,0.7544365975274543,0.6732851232189252,2.818685210613795,2.6571961652851632,0.7460378543206194,0.587425119053352,1.8263881688531014,1.4338489895838078,1.1484250329527201,46.0,2.371514667400054,46.0,2.371514667400054
UTLSOLAR,,1.8093616613965506,2.2463100509767577,2.31486490760548,0.0,1.4380612379310562,1.378485399146762,1.128201654043693,0.9861870727803779,,,1.9575523957842338,1.9793215525459527,0.0,0.0,1.2051637788652136,1.0811308361869805,0.5715736537630485,47.0,2.3662429632470836,47.0,2.3662429632470836
BLUESTONE,1.1349278448654212,1.214371627659971,2.6562255174012384,2.9217614757226205,1.0564897687655443,0.9436959784799208,1.6660387748455527,1.4222779802412064,1.2721256255830562,,0.6230007646720974,2.0673673804217523,2.8941342175806475,0.0,0.5456039762297821,1.2843847139732016,1.5571348461486352,0.8467808840879048,48.0,2.3637749452261225,48.0,2.3637749452261225
AUROPHARMA,1.4910306854186666,1.3682662125535885,2.2742532780575866,1.8585902229256568,1.37120835212738,1.0715638957142137,1.3980874145210478,0.907110301650887,1.186992491003382,1.5286984097078695,1.6984215512085608,2.0307014330652255,1.5814601269109771,1.4310940599586244,1.4400237840770609,1.2579337642618094,0.8741118024002907,1.2507908526744465,49.0,2.3506727599823645,49.0,2.3506727599823645
ARVIND,1.4216274505452373,1.941508106800101,2.2378838960139,1.0819420004686156,1.3098707685064246,1.5478590632109235,1.372574499212038,0.5307795263483116,1.1902709643194245,1.4538064480097421,2.359801891280984,2.9832432027780893,3.158512297237568,1.3648306819815752,1.9900891018460396,1.9451009115792375,1.694698558231571,1.7486798134096058,50.0,2.339989864743923,50.0,2.339989864743923
JINDALSAW,0.7857511226636192,1.7493339176686862,2.032865807931339,2.3672852570673086,0.7478923894704219,1.3881853922535632,1.228755472763292,1.1536023311896362,1.1296088964192283,0.4506319030780893,0.7135773483422002,1.3310021043689244,0.571017885844748,0.47723563786053724,0.620935875683382,0.7531680868206057,0.3483489036499494,0.5499221260036186,51.0,2.3200777573032916,51.0,2.3200777573032916
QPOWER,1.2559465612917786,1.2718792533400851,1.9248416728833773,2.4816680654986887,1.1634443747293686,0.9914779087271006,1.1529771544653016,1.2090273868758328,1.1292317061994008,0.6690459559199442,0.10883882401407684,1.4973680954392783,-0.2824046939729405,0.6704853887122486,0.11797915260439448,0.8731851266286479,-0.09571203441066818,0.3914844083836557,52.0,2.3123004480380827,52.0,2.3123004480380827
GRWRHITECH,1.033764407533244,1.6018527679720822,1.8229276121908948,1.9207124588483306,0.9670829737067552,1.2656462694113937,1.081485018686878,0.9372121013232638,1.0628565907820726,0.9979329458222945,1.7715119699700117,2.785759568310442,2.2519582350605214,0.9614800753179586,1.5008125647315973,1.802635489007881,1.222991742905686,1.3719799679907807,53.0,2.3111532682347056,53.0,2.3111532682347056
NAVINFLUOR,1.966001366874823,2.1260557856651037,2.5401657923543017,2.184601683751307,1.7909806285126235,1.701196020084379,1.584623535720711,1.0650816228520097,1.5354704517924307,1.9466369768455558,2.5404325667144354,2.4662856940153377,1.6412082212286785,1.8008803576798564,2.140318347956147,1.5721658573107957,0.9052004980095872,1.6046412652390967,54.0,2.309862891765376,54.0,2.309862891765376
VARROC,1.2911220101582048,1.3258296432688308,2.52448016536727,3.4478007314687815,1.1945319319618783,1.0363042032905863,1.573620157318291,1.6771742836515868,1.3704076440555855,1.3740298946125173,1.3716814330533926,2.207554566378949,4.498359310051233,1.2942454844302773,1.168276355205475,1.385516267179213,2.391860474775721,1.5599746453976715,55.0,2.2938075264007756,55.0,2.2938075264007756
ATLANTAELE,,1.8688698745536663,2.7446160639760873,-0.2511457275267931,0.0,1.4875054161001235,1.728044242141434,-0.11517822352680707,0.7750928586786876,,1.320348997954534,2.324265784460768,-0.16557470110038464,0.0,1.1255835345791205,1.469712170539337,-0.03492194348093774,0.64009344040938,56.0,2.289925175083794,56.0,2.289925175083794
ASTRAMICRO,1.2824440711874792,1.939259061695053,2.944088442074454,1.3831045062316991,1.1868624939559245,1.5459903768400074,1.8679729844774302,0.67671009827099,1.319383988386088,1.5156986635896088,1.9194363471873164,3.2833903715146566,4.1268185469673,1.419592063334312,1.623840215585121,2.161628186575569,2.1985368579831417,1.8508993308695358,57.0,2.289292193869068,57.0,2.289292193869068
MCX,1.7928605839551357,1.6812618487045201,1.8352247676864069,1.2821905439235202,1.6379612877008909,1.3316256784319622,1.0901114035487893,0.6278114739309433,1.1718774609031466,1.1494483157740452,1.0837069309489487,-0.022110108258654327,-1.214805151202223,1.0955387913776868,0.9287700130724467,-0.22297205602263354,-0.5808674913635806,0.3051173142659799,58.0,2.2849665218458393,58.0,2.2849665218458393
KIRLOSENG,1.8670820378317468,1.7269219556823059,1.2597903603990495,0.8830021178158405,1.7035571441754203,1.369563743530097,0.6864474292371567,0.43438170026371853,1.0484875043015982,1.8625314414635339,2.1663328540958235,2.1310811449332485,1.0169209726138657,1.7264649363901197,1.8291822817157946,1.3303480587800303,0.5803654306055858,1.3665901768728825,59.0,2.281707620541446,59.0,2.281707620541446
HEG,0.47189814516533524,0.7870407258476775,1.060033857537697,3.7911823473386206,0.47051362914181727,0.5886353217169671,0.546319374990759,1.8435624449688497,0.8622576927045983,0.009138431652372367,0.21716482840179172,-0.3305041883987654,1.4617038065769654,0.08660828469543316,0.2080731188381765,-0.4454486833345713,0.8117990569869112,0.16525794429648738,60.0,2.275257638322855,60.0,2.275257638322855
CAPLIPOINT,0.9166270214330509,1.5434397967352564,2.548402413120091,2.3142843878869748,0.8635586318203304,1.2171121057390153,1.5904014784907474,1.1279203588196438,1.1997481437174342,0.5525567079821421,0.7566041491527776,1.6428466533800166,2.8867595339191334,0.5674173038157919,0.6567209594339228,0.9781338951074569,1.5532975807398246,0.9388924347742491,61.0,2.2731989076998405,61.0,2.2731989076998405
PNBHOUSING,1.9583361896100946,1.9324208172999116,3.2678204192461755,2.9895098767261263,1.784206254777708,1.5403086170240254,2.09506913107897,1.4551059807927293,1.7186724959183584,1.7285759138019487,1.7825591674687467,1.2412227423425577,1.3580015949373985,1.6079429273481716,1.5100004402011538,0.6884009237908584,0.7578397378071162,1.1410460072868251,62.0,2.2662818394433693,62.0,2.2662818394433693
IFCI,1.0036257187133135,1.5500258183717217,1.8653179593741822,1.6223544837306618,0.9404468327676507,1.2225842987346098,1.1112216069057168,0.7926404859546992,1.016723306090669,0.20575120033880623,0.42965243404403874,0.5279915477089763,0.7022176274558127,0.2605685590850553,0.38479754688327544,0.17387330833321904,0.4166159986517783,0.308963853238332,63.0,2.265169126925479,63.0,2.265169126925479
BHEL,1.6941232291882156,1.71341797243546,3.0328324553208557,0.18206988434912585,1.5506986296191345,1.3583435552867313,1.9302264066394414,0.09473968058513084,1.2335020680326096,1.6983618248909538,2.04022539085779,2.354068248048662,-0.15243229536367897,1.5812099169109313,1.724299602815069,1.491211777735458,-0.028083562170401668,1.1921594338227641,64.0,2.258097623011152,64.0,2.258097623011152
BALAMINES,0.9411787021093051,1.8090447639388976,2.944361168181903,1.5261295463766948,0.8852570550892331,1.4377979342032805,1.8681643002955965,0.7460139641514343,1.234308313434886,0.3669062785148451,0.7412488936112779,1.4619167791924266,1.774617236255181,0.4031563564396383,0.6439501027768683,0.8476104162814675,0.9746171431270239,0.7173335046562495,65.0,2.2529017345964357,65.0,2.2529017345964357
NAZARA,0.2373272867152302,1.2070358069207274,1.8255773757084064,3.701239933890165,0.26320326858784576,0.9376007924811436,1.083343812771693,1.7999801676817677,1.0210320103806125,0.07598513837335226,1.073433513188862,1.4803947648512457,2.7360708849168827,0.14575333168762597,0.920225684699824,0.8609405033149953,1.4748898324408268,0.850452338035818,66.0,2.2426559108566284,66.0,2.2426559108566284
TDPOWERSYS,2.074703478397783,1.7996229185871184,1.8652871537284912,0.9420446050104765,1.8870499957038434,1.4299695122840272,1.111199996919916,0.4629911843766868,1.2228026723211185,1.9138299651309372,2.0909234013152553,2.4643879855910047,0.34088640792341346,1.7718531647975848,1.7664647769862378,1.5707968434514012,0.22860470847661,1.3344298734279585,67.0,2.242519104995764,67.0,2.242519104995764
IDEA,1.5907745365540673,1.354208866539929,1.6866439619201061,0.2745241302128701,1.4593605372647334,1.0598839294707556,0.9858828106761722,0.13953908528323705,0.9111665906737245,1.1805421452431315,0.9165029809382551,0.8360016373767301,0.8888674534617412,1.1230501841646578,0.7897076788567224,0.3960729235015672,0.5137354079399057,0.7056415486157133,68.0,2.2399846104142402,68.0,2.2399846104142402
PRICOLLTD,1.7620245572236952,1.353354653632528,1.5836022336983835,3.7541910279156703,1.610708849516603,1.0591741811360789,0.913599622519249,1.8256380211236973,1.352280168573907,1.6430586794755826,1.547225383894118,1.3895849205506106,1.8643639556989522,1.5322784542427543,1.3142750087049906,0.7954299465703628,1.0213150081314601,1.165824604412392,69.0,2.2370767282882755,69.0,2.2370767282882755
VIJAYA,1.144452497663613,1.5090392630769616,2.225518831519149,1.9215846113830424,1.0649075203088996,1.1885293937893058,1.3639004765721678,0.9376347094360228,1.138743025026599,0.7862736210191323,1.4134334480615383,1.9897250734812437,0.9678463087240476,0.7742068149601696,1.2030012086845425,1.2283732672651624,0.5548304356367656,0.94010293163666,70.0,2.2330116070693786,70.0,2.2330116070693786
INDIAGLYCO,0.9646952928983646,1.3768766779276929,1.9983206162223839,2.6532610159793855,0.9060406807607789,1.0787181583191374,1.204522216631928,1.2921740499642544,1.1203637764190246,0.5869318336595242,1.2109034768640399,1.2857652465771838,-0.08785016843297773,0.5978319423713992,1.0345584742780511,0.7205340506966832,0.005520423176369285,0.5896112226306257,71.0,2.221530228271904,71.0,2.221530228271904
RRKABEL,1.5992376080485349,1.762392238861619,1.7455062547688114,0.5981930185080049,1.4668400784767348,1.3990352888543498,1.0271743753923193,0.2963752952317743,1.0473562594887946,2.1656488674985788,2.589360502857532,2.587124594392648,3.3280035150705762,1.9946590672068671,2.1810113639284476,1.6593394859090274,1.782889837632733,1.9044749386692688,72.0,2.2208723017355316,72.0,2.2208723017355316
BOSCHLTD,0.6955259757119886,1.6691330124453618,2.3806526505101138,4.247376279349571,0.6681526985763111,1.321548072179563,1.472725971069862,2.0646146680446678,1.3817603524676008,0.05561407068109016,0.6517386637086159,1.0418178518324173,2.054734198482978,0.12772929108725575,0.5695050821559188,0.5445495000214815,1.120370259994565,0.5905385333148052,73.0,2.209585274026411,73.0,2.209585274026411
TITAN,1.526072246335833,1.8724673274293822,1.5437991317832194,3.1256486554924905,1.4021775811105144,1.4904944673840546,0.8856779721877237,1.521073056594188,1.3248557693191203,1.542493546558488,1.9678889105805324,1.4115101557107188,1.6088813952730066,1.4432998073666337,1.664137867427467,0.8112468921136297,0.8883798970577533,1.2017661159913708,74.0,2.201819446040144,74.0,2.201819446040144
PAYTM,1.2167009802529005,1.1161996461370174,2.1614924417104833,4.31748192005513,1.128759693055449,0.8621268523356771,1.3189863271162325,2.098584886937773,1.3521144398612828,0.6345306070386451,0.30444943297142,0.23039195261166692,2.3518724078933317,0.6399466825938264,0.2806671027229632,-0.04081613763982724,1.2749800337746322,0.5386944203628986,75.0,2.1884652351388976,75.0,2.1884652351388976
MSTCLTD,0.5390521429410098,0.9208429227719178,1.6265560149836507,2.422500761859536,0.5298633692736544,0.6998088776539886,0.9437314565662613,1.180357422009832,0.8384402813759342,-0.24467756332860005,-0.10567457075377071,0.3791639914845195,0.9909357810537304,-0.13796461779892813,-0.06043010982659558,0.06650856013554954,0.5668445690620072,0.10873960039300826,76.0,2.1879513211385513,76.0,2.1879513211385513
REDINGTON,0.8315604874407417,1.4137153449039122,2.1371776295239444,4.682892190844981,0.7883780490764027,1.1093266662350796,1.30192962421915,2.275647199750155,1.368820384820197,0.6567586991232719,0.5326484590457883,1.5971032482196001,4.780746888922847,0.6596137928432447,0.4704586072276533,0.9451344338427357,2.538795060449776,1.1535004735908525,77.0,2.1868753603449362,77.0,2.1868753603449362
NYKAA,1.6985573954089972,1.3551412723994474,1.6242464770894993,3.021832348206609,1.554617482131592,1.0606586467576316,0.9421113288273393,1.4707680790248776,1.2570388841853601,1.7126160578268341,1.106997176835702,1.8842724157955564,2.5331629150601143,1.5938218662227994,0.9481403446780274,1.152299330916147,1.3693108314096845,1.2658930933066646,78.0,2.168933668225047,78.0,2.168933668225047
IPCALAB,1.1358822244746707,1.6291785493524946,2.681557692453964,1.9176012946222316,1.0573332357767755,1.2883507118992712,1.6838091520253706,0.9357045631464591,1.241299415711969,0.7949417506020612,1.3921480795139811,1.867862592316715,1.4031546698318555,0.7818762568319536,1.185298319281057,1.1404612237102685,0.7813342143631938,0.9722425035466182,79.0,2.154563473424747,79.0,2.154563473424747
RBLBANK,1.4517961710196092,1.328402506401311,1.8070712372004154,2.4174021590022643,1.3365334509910196,1.0384419435516006,1.070361861528088,1.1778868553996793,1.1558060278675968,1.2095984096447816,1.1715972678429676,1.7215180831318908,2.085002207311518,1.1487587673956372,1.0018677802167453,1.034887754808827,1.1361195976749672,1.0804084750240441,80.0,2.1281734962350263,80.0,2.1281734962350263
YATHARTH,1.0005413672209946,0.7001557595422866,1.6626565238281046,2.0247530873412036,0.9377209271535746,0.5164443496426613,0.9690557588503745,0.9876257754314999,0.8527117027695276,0.7772012466568614,0.1452427240400477,1.5113735423284886,0.44546056253067856,0.7661797028658222,0.14825601694787202,0.8832887076912038,0.2830177252984971,0.5201855382008488,81.0,2.092208900370329,81.0,2.092208900370329
FEDERALBNK,2.0606621510347076,1.6870260801463426,1.497900183897371,1.1977847877467214,1.874640471956823,1.3364150624731992,0.853480120467898,0.586912025836511,1.162861920183608,2.4087593318121803,2.4687048830011777,1.9101587505312492,2.903707578633224,2.209759863363351,2.0806629443343136,1.1709738283087305,1.5621161482490649,1.755878196063865,82.0,2.090350226405918,82.0,2.090350226405918
FLUOROCHEM,0.7597267291798743,1.0764159860308633,1.5211428900569395,3.1099701398340995,0.7248924037434601,0.8290714088238247,0.8697847470653195,1.5134759131478932,0.9843061181951243,0.7578018427460127,0.7695170490501032,1.788227174989347,2.2349300932765113,0.7490153770192719,0.6674605262988279,1.0830119398150582,1.2141314985286833,0.9284048354154604,83.0,2.0857912453447964,83.0,2.0857912453447964
ANTHEM,1.083320179747097,1.5654267014491838,1.652463484927607,2.090526549802298,1.0108796544754775,1.2353805829186522,0.9619053998506679,1.0194968045623078,1.0569156104517763,0.6541630844458208,0.2523954125034098,2.018202989898677,0.7138364383437478,0.6573172286652628,0.23737414468500043,1.2489173412452574,0.42266160862749225,0.6415675808057532,84.0,2.079963223692838,84.0,2.079963223692838
CEMPRO,0.8745659168991633,0.9676496811742168,2.1565361582271496,0.8387906763515646,0.8263856308609072,0.7386996723725162,1.3155095223521085,0.41295871162819675,0.8233883843034322,0.5539052611279877,0.5353422542495256,1.3009906898752097,0.6582230410560014,0.5686104850971888,0.47269901751046595,0.7315177416700476,0.3937243178264801,0.5416378905260456,85.0,2.073911082924619,85.0,2.073911082924619
SMLMAH,1.608149038052746,2.490113772544097,1.1671560371591871,2.9319711628064904,1.4747158725094254,2.003684483644717,0.6214649766706767,1.4272251614035014,1.38177262355708,1.4392616774544373,1.8493975005362921,1.4114340188510652,2.29621789386726,1.3519616689788123,1.5655894057182151,0.8111919667021491,1.2460213487220235,1.2436910975303,86.0,2.0645026535557123,86.0,2.0645026535557123
RBA,0.4436553102138723,1.574820780596073,1.8621121419337894,2.1496487049165136,0.44555301666190217,1.2431859344563763,1.1089727441465245,1.0481448923687826,0.9614641469083963,0.32867096470506985,1.0401452747402933,1.6716466225405056,2.5463056141134723,0.36932627650047734,0.8925400938971456,0.9989102991246883,1.3761493653415253,0.9092315087159591,87.0,2.0499089671850284,87.0,2.0499089671850284
BAJAJ-AUTO,1.7248252407342461,2.2430958430923935,1.9493940415116546,2.571540144057308,1.5778326271045622,1.7984422512403022,1.1702005018594477,1.2525755828596201,1.449762740765983,1.7272600384047845,1.9100687175513147,1.9299640998521357,2.552053060969697,1.6067786588895023,1.6160492247432932,1.1852614803857218,1.3791399314488506,1.446807323866842,88.0,2.043264716487903,88.0,2.043264716487903
ACUTAAS,2.126517410722031,1.8982008048120202,1.7833993395140504,-1.3824504491325755,1.9328424059922837,1.5118758964862435,1.0537561595079017,-0.6633604901886195,0.9587784929494525,2.4035165195620163,2.5589780436283234,2.7970998068078603,0.6556117828953396,2.205121095170903,2.155742489004395,1.81081637890263,0.39236560319229546,1.6410113915675557,89.0,2.039891420422045,89.0,2.039891420422045
ICIL,0.7771013419248108,0.7850074353389903,1.4317845351563847,1.949069447531298,0.7402478373059995,0.5869459015033981,0.8071003677159031,0.9509526948477636,0.7713117003432661,0.6114855830500856,0.7014729129568131,1.4969775173504234,2.607528805227224,0.6195567622282838,0.6108687029942937,0.8729033621542102,1.4080055973184726,0.8778336061738151,90.0,2.036510998267987,90.0,2.036510998267987
AJANTPHARM,1.4369109905907538,1.963933285349141,1.2638705744944443,1.305058856060752,1.323378142006748,1.5664916933106445,0.6893096762924791,0.6388924876867454,1.0545179998241543,1.4644865173296022,2.1166059382674387,1.9178176485830765,1.0066159269836508,1.3742802604692577,1.787824760030441,1.1764989856227828,0.575003411440018,1.2284018543906248,91.0,2.0321490576574437,91.0,2.0321490576574437
PGIL,0.7608108135933827,0.8456521604014944,1.4388114630547908,2.7593394578926547,0.7258505020005085,0.637334384570227,0.8120297177977716,1.3435751619912866,0.8796974415899483,0.9039041167574519,1.4048454221145226,1.8876970006654066,3.749648235425556,0.8782846602188397,1.1958586086776597,1.1547698390771388,2.002284021097081,1.3077992822676796,92.0,2.0320273781590794,92.0,2.0320273781590794
NEOGEN,0.5185903051715955,1.1989268161697286,1.4364404702821505,1.0691446891983944,0.5117794905105282,0.9308631950606815,0.8103664798100053,0.5245784922985915,0.6943969144199517,0.31810245739931425,0.32157628682441686,1.3546655677393917,0.8175187246899662,0.35997540654894294,0.2949113850764422,0.7702389966084632,0.47661056008950636,0.4754340870808387,93.0,2.03037896002317,93.0,2.03037896002317
WABAG,1.2071363062393559,1.7263246929749048,2.67763277089174,2.06382939979408,1.1203065713359373,1.3690674899517798,1.681055841801643,1.0065604984323886,1.2942476003804373,1.1177876225360641,1.572722115969413,3.15506022878152,2.4622430262837,1.0675258453221397,1.3354804591565899,2.0690503481009896,1.3324091216565435,1.4511164435590658,94.0,2.0222135275863993,94.0,2.0222135275863993
PTCIL,0.9071108818632133,1.0500254705925312,1.250549285825222,2.5179463092858927,0.8551484041461006,0.8071440600079345,0.6799648678154888,1.2266062845238082,0.8922159041233331,0.3151089611422719,0.3028296601122459,0.10108967905796333,1.2447119928284218,0.35732680222004554,0.27931994917376995,-0.1340952748752894,0.698891816607547,0.30036082328151825,95.0,2.0101245007336015,95.0,2.0101245007336015
MANORAMA,0.5269263220353678,1.210132090508126,1.3206725367618986,2.1790540362070367,0.5191467426621,0.9401734322771512,0.7291559307868334,1.0623934682395704,0.8127173934914137,-0.21216336003843922,-0.0941192595450654,0.7007585517446818,-0.1523310572824673,-0.10919649778462202,-0.050819639803794635,0.29850806251264106,-0.028030885010957494,0.02761525997831673,96.0,2.0088989219156144,96.0,2.0088989219156144
THELEELA,1.0372932845761476,1.1639453669286155,1.6020473082291053,2.806174738933494,0.9702017446271873,0.9017978120298858,0.9265387377289992,1.3662695519557058,1.0412019615854444,0.9155794984456582,0.7811878568715284,1.1191997042115498,2.0464560139220267,0.8886148774049023,0.6771670540317356,0.6003730538479303,1.1160628764210485,0.8205544654264042,97.0,2.001536017912184,97.0,2.001536017912184
MOTHERSON,1.8860873807625664,2.3301986251947775,1.828025061821854,1.6330115186197658,1.7203537936888045,1.8708142020821292,1.0850608507032262,0.7978044328823765,1.3685083198391341,1.9883793256218363,2.3021735793289917,2.847485594245144,2.8238956977210896,1.837813413937103,1.9421600452870083,1.8471648718711404,1.5205876727383798,1.7869315009584077,98.0,1.9986744279206419,98.0,1.9986744279206419
ASKAUTOLTD,0.9400654316268454,1.327994739778771,1.9385800696393565,2.716309836782001,0.8842731626030235,1.0381031384612336,1.1626145619003756,1.322724833354316,1.1019289240797372,1.114329248496988,1.2698485620940334,1.797150548251429,2.5386341637432106,1.0644659235235758,1.0835826817929064,1.0894492942113927,1.3721576834616862,1.1524138957473904,99.0,1.9886028278933339,99.0,1.9886028278933339
CHENNPETRO,1.5854845033604097,0.7793483894138734,1.4948704133961879,0.7943849012021258,1.4546852817962332,0.5822439139937133,0.8513547536384708,0.39144155713445233,0.8199313766407175,1.4515520191747358,1.1603888939262974,1.3513171976057223,0.7525227949545071,1.3628359943458241,0.9925458554684657,0.7678234700393658,0.44279126093923593,0.891499145198223,100.0,1.9761035819630908,100.0,1.9761035819630908
WOCKPHARMA,0.4746857414861381,0.9652926092910213,1.2427513251721192,1.3941674690051657,0.4729772667912804,0.7367412287230267,0.6744946426275373,0.6820707406278487,0.6415709696924232,0.19545906427420578,0.4263248567798074,0.7535586712833887,0.053758771499361674,0.2514622186077048,0.38203002457523433,0.33659826356741424,0.07920373106067391,0.2623235594527568,101.0,1.9727116569549263,101.0,1.9727116569549263
NETWEB,1.720498047570623,1.344558807033965,1.7572879812325697,1.9535830131619696,1.5740083158458464,1.0518658889980022,1.0354391897106578,0.953139777241123,1.1536132929489074,1.623703130024077,0.8801631297235428,1.730173454515849,0.12379741666710707,1.5151529302188502,0.7594840834533435,1.041131771661422,0.11564690377392434,0.8578539222768851,102.0,1.960770070693258,102.0,1.960770070693258
DCBBANK,1.3798925211369817,1.0679924045928166,1.2175761333399777,2.2990376703486426,1.2729860364451298,0.8220724243249156,0.6568343882869497,1.1205324464210709,0.9681063238695164,0.9080214243456667,1.3105035599695762,-0.5797963818731855,-0.3163299870890369,0.8819275973616182,1.117395153936936,-0.6252889915343475,-0.11336436496926837,0.31516734869873464,103.0,1.9599482893374502,103.0,1.9599482893374502
RATEGAIN,1.5039735776662861,0.6176047003711972,1.9403688021640515,0.40985805188032043,1.3826470946727842,0.447854333892667,1.1638693476253077,0.20511616148476883,0.7998717344188819,1.8514725174977475,0.862972501968256,1.2972877497972415,2.997102430720807,1.716680152520816,0.7451867607995969,0.7288464270348565,1.610712244261552,1.2003563961542052,104.0,1.9556106896036827,104.0,1.9556106896036827
BALRAMCHIN,0.55569649038851,1.3671602200164514,1.7423491903780524,1.6355996640335038,0.5445734048395634,1.0706449487460785,1.0249597126210415,0.7990585383344774,0.8598091511352902,0.28645968095619256,1.0484753439677585,2.2631255876647276,2.395179835611885,0.3319783130271388,0.8994681531378262,1.4256054069782746,1.2975141656718705,0.9886415097037775,105.0,1.9503719412597311,105.0,1.9503719412597311
LALPATHLAB,0.06770768007326562,0.20395630088517136,1.2872328178810069,3.458292403279717,0.11329589287072052,0.10416219328785233,0.7056981575769257,1.6822581026479637,0.6513535865958655,0.23760703256834853,0.45096336500096096,1.3361761856805874,2.8563699862892835,0.2887541614372556,0.4025216963605468,0.756900688169936,1.5374850028365874,0.7464153872010815,106.0,1.9470422227691402,106.0,1.9470422227691402
PRUDENT,0.69034067320877,1.4012260149852644,1.5490049160775132,2.2183640281016705,0.6635700025900051,1.0989495330471029,0.8893298003562022,1.081441422382881,0.9333226895940477,0.6063460602461725,0.9394130567837997,2.2722331967338283,1.2212779718162328,0.6150093831176914,0.8087618257470139,1.4321756697655776,0.686698404341108,0.8856613207428478,107.0,1.9395227264184898,107.0,1.9395227264184898
URBANCO,,0.776670656703629,1.4763200667733936,3.010208476960949,0.0,0.580019039708463,0.8383417906529672,1.4651356442218242,0.7208741186458136,,-0.22800733077108856,0.11625171562193723,-0.8305359685425606,0.0,-0.1621733949461889,-0.12315732575382553,-0.3809209024696131,-0.16656290579240687,108.0,1.9333083767273926,108.0,1.9333083767273926
LLOYDSME,0.5155975253276314,1.4770645146451111,2.729725931166629,-0.7711815368649116,0.509134514605975,1.1619622180248212,1.7175988983945618,-0.367165511534978,0.7553825298725951,0.9465791313162605,1.7549848492011582,3.019978818498081,1.6244420642015467,0.9160429263366989,1.4870670761122498,1.9716021203050926,0.8964765720282402,1.3177971736955705,109.0,1.9232562211748516,109.0,1.9232562211748516
NIACL,0.29686255455466987,1.0217053275760932,1.9502467496988527,2.7260212277126494,0.31581968446755654,0.7836134224238215,1.170798671818375,1.3274305613435402,0.8994155850133233,-0.3511996249520298,-0.22965771336101884,1.060032969377751,0.5044160740357492,-0.2322138732891117,-0.16354600639041625,0.5576899530280218,0.3136940166949327,0.11890602251085663,110.0,1.9189174682565782,110.0,1.9189174682565782
NUVAMA,0.8503636932758023,1.1932691241790703,1.8725392744722837,1.277241644327835,0.8049960527235444,0.9261623325079236,1.116287318506102,0.6254134471694235,0.8682147877267483,0.46195365088731427,0.406886758477374,0.7035483618594369,0.8041523187748789,0.48725296465279655,0.36586349667635265,0.3005206418231436,0.46965562487977636,0.40582318200801726,111.0,1.918792987619022,111.0,1.918792987619022
PFOCUS,1.104440538993263,1.4061647561195607,0.18460886516527372,1.2703556362941812,1.029545525075441,1.1030530337845612,-0.06778629397441875,0.6220767798506645,0.671722261184062,1.065211880119293,1.1602072686058846,0.7246048254496054,-0.4910341576216474,1.0210075513264625,0.9923947989832113,0.31571085235030083,-0.20426809740436042,0.5312112763139035,112.0,1.9015240997138483,112.0,1.9015240997138483
ABB,1.5522232923019617,2.136420671357983,1.7130950950305859,0.016557332445956134,1.4252895004849953,1.7098079952674967,1.0044381305896204,0.014539320655158896,1.0385187367493178,1.6280666545712374,1.790989720134026,2.6089743076538383,-0.2380453079657778,1.5190137167415227,1.5170120708013122,1.6751019496757573,-0.0726305375907203,1.159624299906968,113.0,1.8952380115657812,113.0,1.8952380115657812
TBOTEK,0.37107720724141285,0.44544759093476427,1.0950533333000274,3.6496086998101256,0.381409530148021,0.3048124521011146,0.5708853386966327,1.774961862367556,0.7580172958283311,0.09011086299313886,-0.07665443226272527,0.05999657223705469,2.2303046797260926,0.15825157860835035,-0.036294267356544715,-0.16373999375942427,1.2117247594422205,0.29248551923365046,114.0,1.8810346530991588,114.0,1.8810346530991588
PPLPHARMA,0.29607790438495557,0.6814800573088099,1.5472869776298188,2.952802601571833,0.3151262219007782,0.5009270840472977,0.8881246762749222,1.4373191927481275,0.7853742937427814,0.0016579363014114375,-0.10514271818362009,1.1164756974610441,2.1617573116123183,0.07998964526261566,-0.059987771832433076,0.5984079453271957,1.1760575421620172,0.4486168402298488,115.0,1.8778517884389487,115.0,1.8778517884389487
GMMPFAUDLR,-0.39480348988688363,0.023989072343509568,1.3588309259882543,4.491893940305617,-0.29546484594489336,-0.045368959481153395,0.755923824491787,2.1830975516230833,0.6495468926722059,-1.3447614320729624,-0.49928770342315615,-0.2689835666416995,0.8270262450471916,-1.1113036991663876,-0.38779534852740094,-0.4010674798029499,0.4815576033343216,-0.3546522310406042,116.0,1.8756365743610557,116.0,1.8756365743610557
TORNTPHARM,1.3647875995445362,1.4185271894659977,1.2725849394503541,1.0599501818804569,1.2596365233719387,1.1133247311613688,0.6954227539033352,0.520123224176638,0.8971268081533201,1.4387047280979735,1.7959260399104688,1.399395234397281,1.512538204260983,1.3514688878460361,1.5211175727975477,0.8025071431770139,0.8382496933482478,1.1283358242922112,117.0,1.8740756585674783,117.0,1.8740756585674783
LLOYDSENGG,0.5401646850135391,1.477322071552987,2.1463071663985547,0.3936543631056986,0.5308466180016143,1.1621762168825598,1.3083339425771754,0.19726454142952257,0.799655329722718,0.8364783071798132,1.5360066662408354,2.7934073884499484,3.572045997099932,0.8186272309814996,1.3049444811446498,1.80815265467511,1.909872338517286,1.4603991763296365,118.0,1.8634778736091104,118.0,1.8634778736091104
CARTRADE,0.4183703256504351,-0.007813288341811421,1.625794589088769,3.1907975845355727,0.42320650993432946,-0.07179290173212208,0.943197320617873,1.5526414633296732,0.7118130980374384,0.15223482921944656,0.11867637112123366,-0.21307904230594282,2.9851607026431015,0.21321800974658286,0.12616097045971958,-0.3607377496730892,1.6044986109482835,0.3957849603703742,119.0,1.8612119053076142,119.0,1.8612119053076142
RKFORGE,0.47930533667259656,1.2784742401863125,1.1329556077180045,2.8219232827941183,0.4770599987642369,0.9969575507352818,0.5974735693155404,1.3739006280974955,0.8613479367281387,0.4972658407775876,1.1189318307946103,2.141619175372569,1.3359880387668766,0.5184967047397253,0.958066311364081,1.3379502328217154,0.7463854352912157,0.8902246710541843,120.0,1.8547750300743315,120.0,1.8547750300743315
HSCL,1.0155324096770084,1.5424128859343857,1.7907810384422687,-0.2090256509077363,0.9509697954792075,1.216258866195964,1.0589343794558244,-0.09476862155835565,0.78284860489316,1.4451518705618034,1.9537967359946784,2.606279904267818,1.2149407255530216,1.3571732308524942,1.6524175062041886,1.6731581971313916,0.6834009482075196,1.3415374705988985,121.0,1.8494661221911037,121.0,1.8494661221911037
EMCURE,0.5730193096529763,1.1756569723391557,1.2474874790289292,1.5251317267313265,0.5598830640668696,0.9115287495567057,0.6778170277066704,0.7455304630889253,0.7236898261047928,0.722272405637783,0.8841298988988634,1.016463726709822,3.008062221692354,0.7175794195809547,0.7627832171208183,0.5262589406075098,1.6164149467384576,0.9057591310119352,122.0,1.847613187969522,122.0,1.847613187969522
FINCABLES,0.8515960981964336,1.5195548823865608,1.6627240143062023,0.7185421566931367,0.8060852345176199,1.1972666105047391,0.9691031030381257,0.3546913811643763,0.8317865823062153,0.385478472443941,0.8975365358303501,1.3564086740359527,-0.9262546571649514,0.41958877826812824,0.7739334215601036,0.7714964799224389,-0.4307261591674978,0.38357313014579325,123.0,1.8439023205071827,123.0,1.8439023205071827
CORONA,,,1.7811611371846576,1.4916553705661997,0.0,0.0,1.0521860732632238,0.7293092412980983,0.4453738286403305,,,1.7540638916001239,1.0718332754329423,0.0,0.0,1.0583664211238977,0.6089379212773428,0.4168260856003101,124.0,1.8423945747386017,124.0,1.8423945747386017
IIFL,1.574872347357112,1.1557652061918806,2.168750642165434,3.2901862513689775,1.445306410516847,0.8950010808988257,1.3240779135853273,1.6008009942011592,1.3162965998005398,1.313883805346963,1.2762792637195222,0.003241540282827873,3.855749404988657,1.2410290516319304,1.0889310505283825,-0.20468328322341472,2.0574915888363647,1.0456921019433159,125.0,1.8407396918115992,125.0,1.8407396918115992
NAM-INDIA,1.3673323532666202,1.7319858341383354,1.4595067770938666,0.4697799035905471,1.2618855402154292,1.373771218352864,0.8265473632649967,0.23415174833042454,0.9240889675409286,1.2918309305972733,1.3196173631324881,1.830260897550791,-0.45888206145102123,1.2215169712712985,1.124975039109123,1.1133352223650577,-0.18753841351294817,0.8180722048081327,126.0,1.8362009361140477,126.0,1.8362009361140477
SHYAMMETL,0.3854094060999886,1.2094436048487527,1.3918378200252928,0.9590768623671116,0.39407612195117353,0.9396013833816647,0.7790779735276133,0.47124429361048803,0.6459999431177349,0.023518181665140532,0.5149800229593936,0.9366479441427249,1.2069104748666253,0.09933128979112368,0.45576389478839435,0.46867954056285516,0.6792225719411865,0.42574932427088996,127.0,1.8289351607057878,127.0,1.8289351607057878
STAR,1.018684868961125,1.0551366414424477,1.5606981126325894,0.8929178690041528,0.953755893782893,0.8113908291301829,0.8975325114455168,0.43918645256277045,0.7754664217303409,0.5577290159901644,0.692138785609023,0.6381784101914453,-1.752077196591196,0.5719936908241973,0.6031055757669316,0.2533625174906928,-0.8604259822112691,0.14200895046763815,128.0,1.8252651939302362,128.0,1.8252651939302362
GLAXO,0.29595281747138164,1.2175512160791522,1.2918447157369572,3.944404302114871,0.3150156718805202,0.94633783458619,0.7089333777759198,1.9178073030229887,0.9720235468164047,-0.346689710854022,-0.08956567709256287,0.9936646464670835,1.4757591941763712,-0.22822356330464535,-0.04703245771360917,0.5098115999973585,0.8191124896869589,0.2634170171665157,129.0,1.8136483452443517,129.0,1.8136483452443517
COFORGE,0.08053971764762173,0.12003635703598442,1.4378893622832114,2.800709925279399,0.12463666364573871,0.034434798774055135,0.811382869334319,1.3636215351317913,0.5835189667214761,-0.3106692473545471,-0.2240674847212502,-0.2763224434934257,2.460606999450389,-0.19635315246676377,-0.15889665305040188,-0.406361772642449,1.331557848644236,0.14248656762115536,130.0,1.8116095073238379,130.0,1.8116095073238379
APLAPOLLO,1.5875949839787984,1.6268277107717795,0.6288904320054685,2.517488564833247,1.456550494298891,1.2863974473755204,0.24387470632887767,1.2263844809842217,1.0533017822468778,1.0800705775297776,0.6917508501897855,0.3840122647480908,0.15988280198508245,1.0341543224943242,0.6027829326420493,0.07000612235683451,0.13442319401222821,0.46034164287635904,131.0,1.8016083583191629,131.0,1.8016083583191629
PCJEWELLER,-0.509493334569863,0.2790511427672179,0.8178978828540145,2.639822204527616,-0.3968260858286825,0.16655698796586865,0.3764623615295765,1.2856621721455044,0.35796385895306676,-1.7820120935604729,-1.5168874679855957,-1.1827306535600706,-0.7358329305079632,-1.498177072435046,-1.2341258242630149,-1.0602479998095231,-0.33164411872688926,-1.0310487538086184,132.0,1.787967937835842,132.0,1.787967937835842
KALYANKJIL,-0.21014111843700664,0.6101389709881497,1.4510545054374815,3.0809550815829345,-0.13226289042931358,0.4416512094129782,0.8206181426178306,1.499416447032635,0.6573557271585325,-0.24539348007222264,0.5459648868835528,0.7904092781205528,2.0190030109392088,-0.13859805109012668,0.4815337854062571,0.36318242730948663,1.1017782693044482,0.45197410773251634,133.0,1.786556967674186,133.0,1.786556967674186
SKIPPER,-0.049082569987440254,0.6436640698035887,2.104016591475118,0.8457020526469268,0.010078344837474704,0.46950654014841214,1.2786673440329672,0.4163076713302005,0.5436399750872636,-0.7292891015963309,-0.6466379381268034,1.1402435068451646,-0.8149536901238877,-0.5667422436502861,-0.5103454891419826,0.615554130714314,-0.3728129834440867,-0.2085866463805104,134.0,1.7857684346200942,134.0,1.7857684346200942
RAIN,0.27401592439215494,1.2734173101928454,1.1736707292743511,0.3001605045384253,0.29562816038937845,0.9927558492503902,0.6260349962546994,0.1519613845262085,0.5165950976051692,0.33139162198048416,0.8801961161916163,1.220359035335397,2.862942430298039,0.3717334766498533,0.7595115180638747,0.6733497685739076,1.5409048392938114,0.8363749006453618,135.0,1.7706611107160661,135.0,1.7706611107160661
DATAPATTNS,1.0390526686760388,1.0674575155065065,1.7578097248816875,0.42024167522713096,0.9717566630621172,0.8216279957346236,1.035805189922511,0.21014762477994334,0.7598343683747988,0.891847927847505,1.1718882159512496,1.819453284715084,0.18022151639774162,0.8676175100389226,1.002109759685955,1.1055385705879257,0.14500602696581824,0.7800679668196555,136.0,1.7529321079369384,136.0,1.7529321079369384
STARHEALTH,0.9334039637155391,0.4929441180746488,1.657694925285884,0.7803775838912691,0.878385852799767,0.34427636179902465,0.9655752256025747,0.38465420549817736,0.643222911424886,0.9648262584639914,0.9027922358676198,1.9609218091014786,0.7266795838617711,0.9321877335465707,0.7783045498442958,1.2075944860645866,0.42934427602024017,0.8368577613689232,137.0,1.7505228447778065,137.0,1.7505228447778065
ENGINERSIN,0.8124069163255474,1.4177530137755594,1.3331211286900613,1.3658422095172527,0.771450397619512,1.1126814841414807,0.7378885474476868,0.6683455217249977,0.8225914877334193,0.3378392808699289,0.6958979077461892,1.1491226510708241,-1.1883553022234146,0.3774382765825949,0.6062320108718613,0.6219595781205791,-0.5671048548610399,0.25963125267849885,138.0,1.74350084318334,138.0,1.74350084318334
KARURVYSYA,0.9901598140411679,0.8614199515716867,0.31724783820606467,1.2446005284844588,0.9285458593423361,0.6504355253134929,0.025259193622783394,0.609596947399145,0.5534593814194394,0.8165462197188785,0.9234330236519732,0.5630030589156696,0.3118178256095067,0.8009915940540115,0.7954713460184293,0.19913074170165593,0.2134794677861619,0.5022682873900647,139.0,1.743108288815646,139.0,1.743108288815646
GNFC,0.2776403214182586,1.0509785761136345,1.655872022173484,2.2026503636505903,0.29883135050104404,0.8079359762275483,0.9642964694040964,1.0738272473230177,0.7862227608639266,-0.21753442216610336,0.3165702441966918,0.773840139666142,0.5154714628788823,-0.11394873970529963,0.290747895081437,0.35122938969239903,0.3194464615638689,0.21186875165810135,140.0,1.7373204246030642,140.0,1.7373204246030642
MAHABANK,1.3270706429849484,1.7721838320805554,1.0248189028382013,-0.8052299965230715,1.2263028180897464,1.4071709268443175,0.5216162839187232,-0.3836639504040923,0.6928565196121738,0.9778397563200153,1.0815635218107558,0.4721380149075005,-2.7358696209085807,0.9437018975193752,0.9269873549598999,0.13358036368433496,-1.3723221953307199,0.1579868552082226,141.0,1.7352448567422607,141.0,1.7352448567422607
GABRIEL,0.649943342584455,0.7314710577448734,1.9928566590557553,1.843060126637704,0.6278674211505203,0.542463601466912,1.2006892816572066,0.8995850759340508,0.8176513450521724,0.7869670458768234,0.7171509062626797,2.466675848288934,2.289962478538113,0.7748203477399501,0.6239079783510834,1.5724473160433423,1.2427664716368483,1.053485528442806,142.0,1.730455446390723,142.0,1.730455446390723
SHAILY,1.4008356064737582,0.6041985232738822,1.6350737606424546,0.5210358889838037,1.291495234906384,0.4367154108129971,0.9497066068549223,0.258988224052879,0.7342263691567956,1.3341077410660565,0.5838433124727601,1.3170532553559515,0.358471771263711,1.2589229118854446,0.5130370021575055,0.7431053356747997,0.23775489166334676,0.6882050353452742,143.0,1.7299225590872103,143.0,1.7299225590872103
PARKHOSPS,,,1.9243760027873817,-0.3444714359993702,0.0,0.0,1.1526504895330572,-0.16039990202886498,0.24806264687604804,,,2.7493528967118253,0.9863927711552208,0.0,0.0,1.7763715817849093,0.5644807070259432,0.5852130722027131,144.0,1.7294855528258997,144.0,1.7294855528258997
MOTILALOFS,0.40652542068119385,0.4895482954747363,1.7819427177252465,2.2641874418062935,0.41273815279855486,0.3414548410583949,1.0527343475813098,1.103645504369852,0.7276432114520279,-0.5091636705252683,-0.7282317419350274,-0.3750026025759429,-1.176347736484205,-0.3719782888721136,-0.5782064745695744,-0.47755000351027127,-0.5608569642707568,-0.49714793280567904,145.0,1.7211102717866362,145.0,1.7211102717866362
GLENMARK,1.1254202447485082,1.8870212022421304,1.9796880762400813,1.137349741164146,1.048087088137339,1.502586989426212,1.1914515954707212,0.5576277665306503,1.0749383598912308,0.7364311173263806,1.1919807511605398,1.2673467249830979,-0.8711220569782999,0.7301068530066044,1.018820578098659,0.7072468612588618,-0.40203904127821555,0.5135338127714775,146.0,1.7191773865687865,146.0,1.7191773865687865
STYL,,0.6691689321947478,1.8219068073826201,2.5625017349878862,0.0,0.4906980176494507,1.0807689299012821,1.2481959533256253,0.7049157252190895,,0.011923286096017824,2.035011976700278,3.745370366510266,0.0,0.0373751900556876,1.2610434063449898,2.0000581197343235,0.8246191790337503,147.0,1.715054642836345,147.0,1.715054642836345
AEQUS,,0.9758055134500152,1.3802714440129547,1.147963265560113,0.0,0.7454761894743978,0.7709642263300259,0.5627706301195101,0.5198027614809835,,,1.725641499260539,1.1782469329439564,0.0,0.0,1.0378624024184326,0.6643080857120557,0.42554262203262205,148.0,1.7098839298612067,148.0,1.7098839298612067
CUB,0.9852956318483397,0.7249280848696585,0.6541312624798125,1.979123573787588,0.9242469648809429,0.5370271768217398,0.26158100580483484,0.9655156492304947,0.6720926991845031,0.6271611798391951,0.8551182084010908,-0.04263799244134717,-0.32222536635215415,0.6334263147343246,0.7386544007865967,-0.23778094741490888,-0.11643190467083357,0.25446696585879475,149.0,1.7090517134470014,149.0,1.7090517134470014
PIRAMALFIN,,2.0396927267743292,2.256702808352065,1.3600928229285625,0.0,1.6294386903902927,1.3857758595242524,0.6655596129314504,0.920193540711499,,2.26553698167612,1.5075291475996302,1.081216999374465,0.0,1.9116896479847627,0.8805153471489274,0.6138205495959709,0.8515063861824153,150.0,1.7053833997668713,150.0,1.7053833997668713
GAEL,1.058148491162113,1.5443413946520974,0.5800106105026557,-0.24903340215404018,0.9886332771088051,1.2178612253255745,0.2095857886666854,-0.11415468027745215,0.5754814027059032,1.1297009237995328,1.508359887069434,0.6962842356149893,0.6724418998797596,1.0780665704770989,1.2819508518381897,0.2952802743475468,0.4011228094257748,0.7641051265221526,151.0,1.6972878645890377,151.0,1.6972878645890377
MINDACORP,1.4558710275248663,1.1908868651831215,1.621369918952111,0.6773008264066617,1.3401347507300074,0.9241829613927202,0.940093439602483,0.33470758238335585,0.8847796835271415,1.512337870218087,1.423087596340096,2.0793530281824597,3.6402477552162233,1.4166184795687065,1.2110304950404873,1.29303120449189,1.9453597247228083,1.4665099759559732,152.0,1.694659803354472,152.0,1.694659803354472
ETERNAL,0.6292325975397921,0.6804890097083848,1.0658587950742466,2.82150289573457,0.6095635617072821,0.5001036425166291,0.5504055356484174,1.373696926365524,0.7584424165594632,0.4250328312440714,-0.14414397471429224,0.5618418964406082,2.293572741568293,0.4545859310784331,-0.09242483907967608,0.19829307480774064,1.2446449979680472,0.4512747911936362,153.0,1.6900129388385063,153.0,1.6900129388385063
ELGIEQUIP,0.4132994702703814,1.6170632989945337,1.6909583430431392,0.45140053374065736,0.4187249606741106,1.2782843938990938,0.988909324573783,0.2252458855405765,0.727791141171891,0.07028678260157166,1.1670213943817254,2.3175849496775562,0.46777348354025433,0.14071150485078612,0.9980620588533718,1.4648925916760789,0.2946277961692507,0.724573487887372,154.0,1.6890287002224829,154.0,1.6890287002224829
ZYDUSWELL,0.07541218038089584,-0.2337438795311395,0.2821944357474044,-0.8789793199376553,0.12010501974699338,-0.259514088639784,0.0006694305317801848,-0.4193997433359893,-0.13953484542424993,-0.19198605657121715,-0.36468292176591754,-0.34725190019953733,-1.4699800108701626,-0.09134389710638938,-0.2758455104245551,-0.4575305444226158,-0.7136424966579542,-0.3845906121528786,155.0,1.6852029514852154,155.0,1.6852029514852154
APOLLO,1.4417887154492564,0.9696612393190329,1.996631096441916,-1.4125544538932517,1.3276890052818395,0.7403710356017755,1.2033370280845892,-0.6779476135782239,0.6483623638474951,1.4929991690834448,0.5524829560201651,1.6006508999790143,1.062433160484297,1.3995078627039057,0.4869548170784084,0.9476937229119459,0.604046764234293,0.8595507917321382,156.0,1.680908292745439,156.0,1.680908292745439
BHARATFORG,1.9366561713000736,2.053520314360188,0.8757172043291057,-0.18847275882533207,1.76504576552357,1.6409277549743437,0.41702228774021427,-0.08480956211750414,0.9345465615301559,2.776950766475182,3.349064170784394,3.7875103300293675,2.176906952498412,2.5355305822734495,2.812851493108411,2.5253021847276482,1.1839403471196706,2.264406151807295,157.0,1.6739528446449046,157.0,1.6739528446449046
ABCAPITAL,1.487918028497915,1.7235399625674275,1.9259273042775165,1.5834709738775348,1.3684574305816029,1.366753713430603,1.15373871873335,0.7737991869130059,1.1656872624146404,1.5285772875411328,1.8948590274871264,1.217639653326919,0.8275097198552762,1.4309868927308753,1.603399433856843,0.6713879963591358,0.48180916953597125,1.0468958731207063,158.0,1.6728083473174133,158.0,1.6728083473174133
JYOTICNC,0.33119932821485554,0.7661539930209016,1.275696060269963,3.882190898156287,0.3461660325808169,0.57128095524439,0.697605187519926,1.8876613271886833,0.8756783756334541,-0.5481235453712209,-0.26174262848986973,-0.4774959700836387,0.19379624890248373,-0.40644945045367004,-0.19023080175946136,-0.5514890970058255,0.1520693606442703,-0.24902499714367166,159.0,1.671088718710982,159.0,1.671088718710982
SMARTWORKS,0.6195431457153888,-0.17403035949056397,1.0901657011673827,1.6822592571844133,0.6010001631480589,-0.20989932510801496,0.567456692465801,0.8216677974018999,0.44505633197693617,0.278075645849105,-0.9475953889296828,0.22580631802944456,0.44763532604190204,0.32456023404139794,-0.7606496572288353,-0.04412423134731448,0.2841493188931501,-0.049016083910400424,160.0,1.6662802774522605,160.0,1.6662802774522605
SCHNEIDER,0.10461548305036514,1.0292837046320644,0.8613106373103396,-0.5348379327289543,0.14591447982134528,0.7899101435906712,0.4069161626539576,-0.25264342906512527,0.27252433925021224,0.37092449687464046,1.2408242000596998,2.733870234880529,-0.2020660712462576,0.40671162079554707,1.0594433266319874,1.76520233241257,-0.053909479598807056,0.7943619500603244,161.0,1.6640771003049295,161.0,1.6640771003049295
UJJIVANSFB,0.9604261688907758,1.055736455474098,0.1209277201413705,1.7390940130695058,0.902267690189356,0.8118892025525359,-0.11245825617119334,0.8492075085966327,0.6127265362918328,1.1800980329411461,1.200237165570316,0.7160965153896814,0.5430266386289546,1.1226572397062216,1.025687379152117,0.3095729260794849,0.33378423218462777,0.6979254442806128,162.0,1.6594614445578633,162.0,1.6594614445578633
VOLTAMP,0.6165060407201531,1.0116025138575306,1.1142637192851905,1.3416748326704446,0.5983160133105099,0.7752191975763933,0.5843613155527733,0.6566350363304447,0.6536328906925304,0.2729572855210588,0.9805155738148764,1.347868578655627,-0.6156502420250068,0.32003157919847713,0.8429464963849834,0.765335623604205,-0.26910952139084343,0.41480104444920557,163.0,1.6590804230300868,163.0,1.6590804230300868
ADANIPOWER,1.4110015871045913,1.0656010503237665,1.8805116880416384,-1.781165874883125,1.300479782790498,0.8200854961301116,1.1218799214257509,-0.8565610679522548,0.5964710330985263,1.4888622118764319,1.3197792954854741,1.801346173262923,-1.5676780960907502,1.3958475398485888,1.1251097170936435,1.0924760335755166,-0.7644776917837361,0.7122388996835032,164.0,1.6584168802927381,164.0,1.6584168802927381
IDFCFIRSTB,0.6165765807687216,0.4616131010746488,0.3482085937494156,2.9344224337300857,0.5983783555937707,0.3182440495419586,0.04697798810578151,1.4284129432852843,0.5980033341316988,0.45898503317878503,0.3027634128196691,0.0246392075669333,3.850764823680299,0.4846263725215537,0.27926485177241905,-0.18924692709249302,2.0548979641726,0.6573855653435199,165.0,1.657772931887042,165.0,1.657772931887042
SUDARSCHEM,-0.10419454632799918,1.229149549340929,1.7645312037233873,3.622381009681139,-0.03862882945303274,0.9559746565614262,1.0405202692228301,1.761768479006009,0.9299086438343082,-0.4781597996675878,0.054622246319277715,1.6193394731384096,1.8029846999536268,-0.3445464902276207,0.0728876111249932,0.9611757285454058,0.9893775711239293,0.41972360514167695,166.0,1.657471469723812,166.0,1.657471469723812
ZYDUSLIFE,0.9535932058934068,1.2567067306120903,1.8764374203094352,0.40209628784386414,0.8962288154885677,0.9788713645672799,1.1190218457104948,0.20135513996550974,0.798869291432963,0.851965040059132,0.786794578720003,1.7792324226893057,2.343326750451383,0.8323296792969582,0.6818301246559483,1.0765230923173683,1.2705334761726208,0.965304093110724,167.0,1.6523975821361743,167.0,1.6523975821361743
GRASIM,1.0607323723068898,1.3875316009627612,1.6857583477948583,0.9226752138872754,0.9909168742073177,1.0875711196999924,0.9852615573882618,0.4536055992845426,0.8793387876450286,1.0621893628038506,1.4975608260423463,1.5179586103330498,2.2573309454239,1.0183332695641203,1.2729693497046048,0.8880392000469874,1.2257873225637723,1.1012822854698712,168.0,1.645300436907218,168.0,1.645300436907218
TI,-0.1024029120547881,0.30396652317254336,0.9528433375162055,2.2450001257168406,-0.03704540877744509,0.18725867673374422,0.4711258329076932,1.0943481451135915,0.42892181149439595,-0.5556600688022076,0.21164772524901893,0.6250187229804959,-0.45942475633553936,-0.4131176627613315,0.2034845834448174,0.24386907058068097,-0.18782079366692922,-0.038396200600690586,169.0,1.6377518997478724,169.0,1.6377518997478724
VMART,-0.6679502241979842,-0.24362934276917128,1.4039906004810208,2.4401177963236442,-0.5368680123412807,-0.2677277213417863,0.7876030801176441,1.1888938894177348,0.292975308963078,-0.8522048047090368,-0.5751049562197786,0.9505908908848477,2.185536671433962,-0.6754963677244009,-0.4508520176255153,0.4787380337886919,1.1884306443960078,0.1352050732086959,170.0,1.6363938354151795,170.0,1.6363938354151795
BELRISE,1.2729955280968785,1.623829957416239,1.6339299611430873,0.21033026072430547,1.178512007080596,1.2839066743686594,0.9489042379908378,0.1084334598845513,0.8799390948311611,1.3735671868674053,1.7346810613723207,2.647877506331455,1.0695765129353518,1.293836086979442,1.470180560400639,1.7031668607450947,0.6077636611917072,1.2687367923292208,171.0,1.633818973663511,171.0,1.633818973663511
AEGISVOPAK,0.2716527389170245,0.3342753704965225,1.636074705703693,2.892220924737686,0.29353961095854875,0.21244168875309766,0.9504087641405663,1.4079638826438987,0.7160884866240278,0.1606093688000386,0.17953951874887228,1.0168835080228804,2.7491745307746522,0.2206276872210401,0.17678041680817205,0.5265617723956406,1.481708045843217,0.6014194805670174,172.0,1.6259995303675439,172.0,1.6259995303675439
JSWINFRA,0.4847332189807604,1.3665569399306525,2.195455197102439,2.1301742212001624,0.4818570833031473,1.0701436954490027,1.342811007473319,1.0387083838650923,0.9833800425226403,0.4490344004421452,0.7169070987678321,1.496809899706625,2.2825904838573523,0.47582218949325356,0.6237052053942804,0.8727824421675059,1.238930605384029,0.8028101106097671,173.0,1.6177970459786324,173.0,1.6177970459786324
TVSMOTOR,1.4757627386218664,1.631819195936152,0.9316142332511922,3.212695205385536,1.3577147597166381,1.2905447720673893,0.45623373662327343,1.5632521212742414,1.1669363474203855,1.8803719251368596,1.6453669425031527,1.5279184942940915,2.965416506019744,1.7422499510450171,1.3958986439293308,0.8952242970860231,1.5942251231344338,1.4068995037987013,174.0,1.616446684130315,174.0,1.616446684130315
MEESHO,,0.18433421549943638,0.5353851498248325,2.080630629620757,0.0,0.0878585969540255,0.17828128100330892,1.0147016615277047,0.32021038487125975,,,-0.020869735898932373,-0.7836599460931492,0.0,0.0,-0.22207724682565894,-0.35652992548622575,-0.14465179307797116,175.0,1.6154980305563809,175.0,1.6154980305563809
SHRIRAMFIN,2.361020962932017,2.073870726698138,0.2635238033616134,0.9528699629979076,2.140093282256524,1.6578365035330505,-0.012427912234510547,0.46823669353583924,1.0634346417727258,2.717032822581821,2.84711937639131,0.9487195905883492,0.884225787918504,2.482516009363515,2.3953875830077838,0.47738807085015666,0.5113202124622633,1.4666529689209296,176.0,1.6142221474635676,176.0,1.6142221474635676
SAIL,1.1856548631191524,1.1806633878763435,1.089262181371812,-0.5330640275231988,1.1013215799866547,0.9156884795952389,0.5668228784516746,-0.25178386986947904,0.5830122670410223,1.01072421479251,1.0795502878864576,0.7100065829858435,-1.1453165054766403,0.9727976142281549,0.9253129626455001,0.3051796263729925,-0.5447104995810851,0.41464492591639057,177.0,1.6091974447013468,177.0,1.6091974447013468
THYROCARE,0.17781366062877899,-0.1641888738230955,1.2442804643989485,0.0885845381499051,0.21060597937904668,-0.20172223248542373,0.6755673251257694,0.049440648414193995,0.1834729301083966,0.24610127941360335,0.7209035099260201,0.5224563124591542,2.3980187421825554,0.2962697542535611,0.6270289920877637,0.16988016920033078,1.2989913324877609,0.5980425620073542,178.0,1.608691098080584,178.0,1.608691098080584
OBEROIRLTY,0.4066827120128472,0.2899587313692948,1.739207600730035,1.3354496943934218,0.4128771646216455,0.1756198840876537,1.0227559052940638,0.6536185984549465,0.5662178881145774,0.0847021028213792,0.30460343107129884,0.21839835569230814,-0.16665470321618822,0.1534659819765895,0.28079518184569063,-0.04946836271089707,-0.03548390043402614,0.08732722516933923,179.0,1.6056999364754414,179.0,1.6056999364754414
ADANIENSOL,1.3226668441175142,1.1821363292698766,1.730248897807038,-1.8830672888799598,1.2224108038086583,0.9169123169923081,1.0164714259845598,-0.9059381694829015,0.5624640943256562,1.945348803746123,2.0114866805203975,2.8252261237871674,1.8663356656999224,1.799740599833325,1.700397822135774,1.8311068077507449,1.022340946996121,1.5883965441789913,180.0,1.5987540581098147,180.0,1.5987540581098147
ADANIENT,0.826951384964965,0.8804567631414859,2.1317123739689077,-0.5181673935502202,0.7843045904106636,0.6662528293979386,1.2980957784323215,-0.2445655931125786,0.6260219012820862,0.8240055273839134,0.8193471925554061,1.8671522519097161,2.256243364852235,0.8075914869136436,0.7089039017077745,1.1399487815196767,1.2252214223165898,0.9704163981144212,181.0,1.5983282264593963,181.0,1.5983282264593963
LUMAXTECH,1.2072546589822195,1.4653763407125566,1.114147452416249,1.390679539380433,1.1204111697927008,1.152250749242076,0.5842797550033807,0.6803806379250783,0.8843305779908088,1.1210664975331421,1.7537589381506493,1.2350431724045954,0.003019910324644892,1.0704269488363811,1.4860474946238118,0.6839429592365079,0.05280280516276133,0.8233050519648655,182.0,1.5957453415069727,182.0,1.5957453415069727
SIEMENS,0.9941322413948084,1.47782157056902,1.7079936735347188,1.034239361622225,0.9320566336661332,1.1625912405748153,1.0008595123325577,0.5076648515934435,0.9007930595417374,1.0988292977411434,1.097835268947411,1.963764390384205,0.06884223729455383,1.0507517802127073,0.9405204511483964,1.2096451346903763,0.08705210316684565,0.8219923673045815,183.0,1.5911858703394448,183.0,1.5911858703394448
CARBORUNIV,0.30567827729049396,0.8412839979275217,1.3657476579481942,-0.6025617973962256,0.3236108937890515,0.6337049661727312,0.7607758727475725,-0.28545954034918947,0.3581580480900414,0.1949306882721567,0.4402673893541294,1.5214699963708447,0.38149388262789535,0.250994718786043,0.39362592960343484,0.8905723268908099,0.2497339751915792,0.44623173761796675,184.0,1.5722023287785323,184.0,1.5722023287785323
SKFINDUS,,0.5055575024836696,1.0684231863670295,2.9591147575285643,0.0,0.35475656936949834,0.5522044416015992,1.4403777956990393,0.5868347016675342,,,0.18534333189663224,2.1840801842592477,0.0,0.0,-0.07331437884206513,1.187672791163187,0.27858960308028047,185.0,1.5682820612852657,185.0,1.5682820612852657
DYNAMATECH,1.4876551544596928,0.8189868565225943,0.8047969481986167,1.2467625690605348,1.368225106276682,0.6151787195624463,0.3672721301439965,0.6106445805266069,0.7403301341274329,1.5025826309806243,1.333676657631206,1.2085813874735603,-1.810850606318276,1.4079871780218984,1.1366680541981384,0.6648533299497335,-0.8910075206819335,0.5796252603719592,186.0,1.5679381773729175,186.0,1.5679381773729175
MAHSEAMLES,0.2665536169619103,1.45374097064412,2.2566804582267723,1.2297410052777609,0.28903308010468204,1.1425831541286435,1.3857601810380726,0.6023966529449688,0.8549432670540917,-0.5069296516414487,0.5110490901106204,1.2653633808641491,-1.4475630057490754,-0.3700016596805443,0.45249456593844367,0.7058160694933966,-0.7019782677542544,0.021582676999260392,187.0,1.567388801034017,187.0,1.567388801034017
INDGN,-0.23586884015134738,0.5565113331873998,0.6592207668346695,1.7653116594066778,-0.15500068190125263,0.39709308310517394,0.26515126425504254,0.8619114675929753,0.3422887832629848,-0.8539468535365738,-0.4318782177020424,0.25063124335258447,-0.070870051911936,-0.6770377085745558,-0.33173135941673654,-0.02621543862128789,0.01435567859265221,-0.255157207004982,188.0,1.5648987043298614,188.0,1.5648987043298614
HAL,-0.021442556697516317,-0.14659768394123612,0.7064096726518014,1.9153229132210932,0.034506192178407384,-0.18710606640380867,0.29825401415030295,0.9346005561915307,0.2700636740291081,-0.023341147049461854,-0.31570770977881135,-0.11878552051337077,0.8378237848491722,0.05787080004080469,-0.2351131754695416,-0.292714055131854,0.48717588174246806,0.004304862795469294,189.0,1.5569361186621975,189.0,1.5569361186621975
AVL,0.7915056188066328,0.25838707295861835,0.9027582210983321,0.788555011919212,0.752978130632376,0.1493876277194625,0.4359914076959532,0.38861664015102554,0.43174345154970434,0.8661956588258154,0.4080126052229227,1.1991739676585504,0.7563229836046094,0.8449207351166058,0.36679985539512194,0.6580667825841031,0.44476861117190986,0.5786389960669351,190.0,1.552788025810791,190.0,1.552788025810791
MANYAVAR,-1.2060872985845223,-0.48736648259908943,1.2385526136267586,3.636498639595876,-1.0124658408851128,-0.47024401159487983,0.6715492702828801,1.7686092834495442,0.2393621753131079,-1.8473168334104944,-1.6101836575071122,-0.6183757459991593,1.4617597726844032,-1.5559578083412207,-1.3117196005312486,-0.6531202871632595,0.8118281778032057,-0.6772423795581307,191.0,1.5483676733446061,191.0,1.5483676733446061
EDELWEISS,0.6898534547462324,0.7639770854620316,0.47614283837431604,1.817275887632242,0.6631394059003539,0.5694722065105946,0.13672313539249042,0.8870911277411169,0.564106468886139,0.26309665705655455,0.1336096110305571,0.5155517464694186,-0.8980304496345741,0.31130703071264104,0.1385808397215469,0.16489918981917273,-0.4160402715798571,0.0496866971683759,192.0,1.546856829215002,192.0,1.546856829215002
JKPAPER,0.16283249901273242,0.4877358193030759,0.9392985824564727,2.0447629245615486,0.1973658435980688,0.33994889103898907,0.4616242640246927,0.9973216935280964,0.4990651730474618,-0.22227541424658287,-0.5915159074889412,0.540733922549265,0.3596501843976159,-0.11814350431143046,-0.4645008888994553,0.18306570455925547,0.23836805477156514,-0.040302658470016295,193.0,1.5450124102740908,193.0,1.5450124102740908
KPIL,0.7254178902505296,0.8645778671437446,1.9556724537526569,1.5111474448964204,0.6945707439446857,0.6530593738867219,1.1746047724513244,0.7387542734668974,0.8152472909374073,0.4051447883668954,0.2574984530311426,1.2557603471188157,-0.17402073598083648,0.4369892641930599,0.24161830714251759,0.6988884055166631,-0.03931666452605861,0.3345448280815455,194.0,1.5447808457921854,194.0,1.5447808457921854
MEDANTA,-0.011822218540726254,0.7855972084325272,1.245465937720486,2.029536761885924,0.04300850906940133,0.5874359321121003,0.6763989279398384,0.9899437411438458,0.5741967775662964,0.029314887814413493,0.00651303568912425,1.2891090779347,3.4833745731698658,0.10446013568969179,0.03287552332995491,0.7229463029759168,1.8637339814820555,0.6810039858694048,195.0,1.5442752216744025,195.0,1.5442752216744025
BEML,0.3737134758902495,0.49110193818803616,1.5451196953753736,2.1640878837727646,0.38373942657129606,0.3427457315599237,0.8866043400607418,1.0551415057860059,0.6670577509944918,-0.2851343931266264,-0.6093848784903015,-0.02321517306814422,-0.45243193711833996,-0.17376026453956891,-0.4793623847990637,-0.2237692538536189,-0.18418222359072942,-0.2652685316957452,196.0,1.5420283439632192,196.0,1.5420283439632192
KAJARIACER,-0.02865765758456902,0.5126411963988324,1.3100513344068732,1.7615270563190912,0.028129589491222625,0.36064226825801504,0.7217052175512298,0.8600776095180054,0.49263867120461824,-0.33937660560026983,-0.5294876981555551,1.0844657628710235,0.45722928834307847,-0.22175302832829366,-0.4129124690291677,0.5753158604051113,0.289141340430814,0.05744792586961599,197.0,1.5406818071369002,197.0,1.5406818071369002
ACE,-0.07175260567189089,0.657915283966725,1.4219055486542636,1.9771514581194736,-0.00995710757365474,0.4813475875404291,0.8001703146931511,0.9645600456548888,0.5590302100787036,-0.2559176817221767,0.13715670049485537,1.435863581316881,2.261805435983023,-0.1479097200065924,0.1415309287627793,0.8288155432041097,1.2281155319667294,0.5126380709817565,198.0,1.5396190839617767,198.0,1.5396190839617767
AARTIPHARM,-0.224131899944982,0.6827353995402285,0.7907136203943074,2.7436496847819836,-0.14462774247450977,0.5019701226744119,0.35739275553409056,1.3359725636612725,0.5126769248488163,-1.068862327814567,-0.8288774636211707,-0.9886764377236102,-1.6104775900843042,-0.8671919652169686,-0.661912804387776,-0.9202565724924223,-0.7867475307834934,-0.8090272182201651,199.0,1.5368238319121672,199.0,1.5368238319121672
CHOLAFIN,1.137201608682366,0.833367239100713,1.0862587426555939,2.9635589245486034,1.058499288617328,0.6271270903941258,0.5647159832201133,1.4425312504702796,0.9232184031754618,1.0836627293134566,0.8553359016506746,0.8095447728329993,0.8995626890627605,1.0373326090019241,0.7388354547116278,0.3769868438003491,0.5193004544550595,0.6681138404922402,200.0,1.520301459212511,200.0,1.520301459212511
LODHA,0.025386733520128824,0.2859147688026918,0.8404156633841874,2.8651274376712297,0.07589324726126027,0.1722598368766201,0.3922584569079114,1.3948355283921978,0.5088117673594974,-0.11363463513221957,0.1368741064032283,0.869022013649685,1.9823013444104989,-0.022019636716756788,0.14129589726971517,0.4198939447820035,1.0826813097763697,0.4054628787778329,201.0,1.5196459974994476,201.0,1.5196459974994476
PRIVISCL,1.0218401734409313,0.3710475347785036,1.3479723957977485,-0.3690326629797218,0.9565445066297243,0.24299494091713258,0.7483066271251138,-0.17230123048701326,0.4438862110462394,1.2971775610120908,1.1720534834192262,2.3328185240168215,0.3321737300174381,1.2262475963483754,1.0022472114618568,1.4758821484125948,0.2240712452012723,0.9821120503560248,202.0,1.5174308512751504,202.0,1.5174308512751504
APOLLOHOSP,0.9810549804371765,1.3137522037060219,1.47799486757328,0.4713843091695489,0.9204991379818954,1.0262693015200857,0.839516653918877,0.2349291751988404,0.7553035671549246,1.1180514142228524,1.1002992600160326,2.405889184738069,3.073354385681115,1.0677592445795836,0.9425697349689481,1.5285955926698007,1.6503883853074848,1.2973282393814543,203.0,1.5131361499814857,203.0,1.5131361499814857
AARTIIND,1.3084770608947478,1.8854109557127046,1.3302022591909124,0.8340002575860236,1.209870076901952,1.5012490679516277,0.735840977042438,0.4106374779525995,0.9643993999621544,1.2602981465735934,1.7317020818644322,2.709131503073463,0.20354183844029197,1.1936171975298664,1.4677029643634563,1.7473557200070724,0.15714027830505842,1.1414540400513633,204.0,1.5108009871760615,204.0,1.5108009871760615
POWERINDIA,1.1613100933157134,1.4659028684083804,1.6409463987310362,-1.61116762286394,1.079806021579693,1.1526882305210806,0.953826229179395,-0.774187128074988,0.6030333383012951,1.3036425854075646,2.0539596582689548,3.0448963689758073,-1.1867445079466352,1.231967761042083,1.7357222951905622,1.989577733159402,-0.5662667110920736,1.0977502695749934,205.0,1.5103983745825331,205.0,1.5103983745825331
SPLPETRO,-0.5637568047931092,0.5147515016128809,0.5686539633493997,1.9167584767377892,-0.44478336258172674,0.36239567844223675,0.20161916507469546,0.9352961693605472,0.26363191257393814,-1.0636378530335129,-0.7612517663954745,0.7856415760710879,-1.2829655196085998,-0.8625694217650561,-0.6056689937088436,0.3597429894593461,-0.6163333412823381,-0.43120719182422296,206.0,1.5065585831814747,206.0,1.5065585831814747
ANANTRAJ,0.3643417778312618,0.2690784590903448,0.5147960996728239,1.7285718558962737,0.3754568542328188,0.15827088555440508,0.16383817905040296,0.8441089176871852,0.385418709131203,0.16182160330122664,-0.4179598955444444,0.2672565726631823,0.4920040068473287,0.22170025563996895,-0.32015559001967253,-0.0142218647132165,0.3072356520707639,0.048639613244460964,207.0,1.5029326819846165,207.0,1.5029326819846165
SAREGAMA,0.04546929425382057,0.6487154497172323,1.3822304891535657,-0.10099598413710796,0.09364192641969135,0.47370363018353745,0.772338485389443,-0.042422028756209394,0.3243155033091156,0.18406131812032134,0.4563371304930009,1.6057806140507571,2.1465704756118695,0.24137764952503662,0.4069910188424809,0.9513943175706936,1.1681553834893785,0.6919795923568974,208.0,1.502399655630914,208.0,1.502399655630914
CGPOWER,1.2207669212194576,1.2388499686871828,1.574752526462436,-0.5840756416314896,1.132353113369198,0.9640345400132198,0.9073916030662637,-0.27650193363594927,0.681819330703183,1.253749189140187,1.0008769650947649,2.462712336715794,0.2642475877685641,1.1878227700382407,0.859880920476519,1.569588024170089,0.1887272700602378,0.9515047461862716,209.0,1.5002565449186265,209.0,1.5002565449186265
JSFB,0.15008239072958443,0.3869236268453915,1.1185840506873803,0.35509189055135865,0.18609748075561527,0.25618606669856364,0.5873920035374777,0.17857880344116098,0.3020635886082044,0.19572206015594273,0.29135297329361554,0.9965552920150795,0.7627931350076457,0.2516949137477812,0.269774870496146,0.5118969223614591,0.4481352217694878,0.3703754820937185,210.0,1.4906012187313586,210.0,1.4906012187313586
SHAREINDIA,-0.15597682559940587,-0.20287125276726908,0.2925158457569387,1.9812505645996334,-0.08439326522733068,-0.2338626436160578,0.00790984113668149,0.9665462987294741,0.16405005775569176,-0.35832816983282956,0.25655175532474067,-0.008173003772473845,0.8749453146707677,-0.23852111178510385,0.2408309454035126,-0.21291777742179008,0.5064913085247597,0.07397084118034458,211.0,1.4902821966357602,211.0,1.4902821966357602
BRIGADE,-0.16539377986622933,0.3725470575484919,1.4267959273027155,3.0221955371307403,-0.09271583435324231,0.24424086424560018,0.8036008875892503,1.4709440649673513,0.6065174956122399,-0.9038107589122782,-0.6121841334342182,0.1182319849616511,-0.5621038547319063,-0.7211566064429332,-0.4816905051965845,-0.12172875214544555,-0.24124775685186098,-0.3914559051592061,212.0,1.4860305523352784,212.0,1.4860305523352784
VIYASH,0.7960887722973631,0.34924235848416546,0.5698906539817302,-0.25476524700426023,0.7570286559572837,0.22487745822850533,0.20248669654191137,-0.11693208908883547,0.26686518040971624,1.0159123626234128,0.5364856765320181,1.0501931751232916,1.2811367112862935,0.9773880160940539,0.4736499936781193,0.5505914891464163,0.7178446718864074,0.6798685427012492,213.0,1.4842503294074971,213.0,1.4842503294074971
OPTIEMUS,-0.028372333532239013,0.23777069592637687,1.26478393735861,2.3865255228189115,0.028381754796640714,0.13225789444228497,0.6899503951634202,1.1629253476055126,0.5033788480019646,-0.1535618898268923,-0.5833297683781535,0.875481597690085,1.6118785385092773,-0.05734672268738863,-0.4576925353115887,0.42455391254303604,0.8899393990775906,0.1998635134054123,214.0,1.4819725778320865,214.0,1.4819725778320865
EMMVEE,,0.9476108428701089,1.146603157669845,-0.4350586649803768,0.0,0.7220498044157437,0.6070472482325632,-0.20429462956340178,0.2812006057712263,,,1.1262549815914817,1.0820725968351295,0.0,0.0,0.6054627569820642,0.6142657421886794,0.3049321247926859,215.0,1.4797427827604555,215.0,1.4797427827604555
TRIVENI,0.40323179259904307,0.5923514291518451,0.6548761017715061,1.2366872083953062,0.40982729153576675,0.4268718984391816,0.26210350634512386,0.6057624882472953,0.4261412961418418,-0.20664803051968947,-0.07309257336381984,0.17536833883443992,-1.2549202507200508,-0.10431661005992873,-0.03333189468175349,-0.08051037564241968,-0.6017405607474337,-0.2049748602828839,216.0,1.478184420786343,216.0,1.478184420786343
ASTERDM,0.1412594173287467,-0.07824589002551038,0.47797463077981417,0.21792694723611092,0.1782998634003681,-0.1303139347425606,0.13800812737967966,0.11211449183962861,0.07452713696927894,0.5768480336964696,0.22977597396235253,1.7945894972714143,2.770091643157337,0.5889099348121616,0.21856171877061645,1.0876017425847573,1.49259183631916,0.8469163081216737,217.0,1.4771889885176148,217.0,1.4771889885176148
AUBANK,1.1334629706841999,1.024023635011455,0.5077842341048573,0.5252391956428051,1.0551951339729628,0.7855396574727898,0.1589193951079425,0.2610249681129016,0.5651697886666492,1.088475506933839,1.3975097426233318,0.39420208135349144,0.16272341272925417,1.0415908884667398,1.1897575762975146,0.07735709365390597,0.13590124755985222,0.6111517014945032,218.0,1.4753013994562958,218.0,1.4753013994562958
PHOENIXLTD,1.2139932996887037,1.0182487341351631,0.9920980315091831,0.46798141241972746,1.1263666838055468,0.7807414084129128,0.49866277819097954,0.23328027581929442,0.6597627865571833,1.137748023308713,1.0134721442995094,0.2756460884128417,-0.3843756740476092,1.0851865334785362,0.8703562413045562,-0.00816963709614738,-0.14877054274846152,0.44965064873462085,219.0,1.467523918270139,219.0,1.467523918270139
LTF,1.4181286934564452,0.4558202241436175,0.054072351823591915,1.3578954699585961,1.306778617169465,0.313430864539526,-0.15935691801250002,0.6644948689162194,0.5313368581531777,1.3364924264859157,0.6946047196157794,-0.4006963638528478,-1.1015331719097392,1.2610328487564992,0.6051564755152901,-0.4960855776991364,-0.5219287398351777,0.2120437516843688,220.0,1.466936742726655,220.0,1.466936742726655
IONEXCHANG,-0.29948178755800503,0.4063459209622119,0.6017137566387959,1.2270915170800378,-0.2112208925016249,0.27232366048294815,0.22481042263614076,0.6011128233825322,0.22175650349999906,-0.9684501614536395,-0.5756371193621783,0.012905379209482214,-1.630932918462139,-0.7783486610465177,-0.45129461392040515,-0.19771175416452005,-0.7973910414224311,-0.5561865176384685,221.0,1.4634756263324342,221.0,1.4634756263324342
PWL,,-0.4139282844672476,0.7975914751331002,1.7607982434608962,0.0,-0.40922568890958705,0.3622175316396542,0.8597244577305625,0.20317907511515743,,,0.1529916129673046,1.695070705003391,0.0,0.0,-0.09665302824762631,0.933226736870508,0.2091434271557204,222.0,1.4616877522576872,222.0,1.4616877522576872
TATATECH,0.4341402802027518,0.7872912941870983,1.519364700495495,0.027625445965512304,0.43714376959975343,0.58884351391365,0.868537357169335,0.01990245884502565,0.47860677488194103,0.7514767089591756,0.8416327437051794,1.5674029625191321,3.5649413675368264,0.7434189856126483,0.7274386358571363,0.923708538151615,1.9061755902205162,1.075185437460479,223.0,1.4444589551139637,223.0,1.4444589551139637
EPL,0.8312146339702587,1.5671195596504723,1.1263823837915594,1.5187474983411127,0.7880723887393156,1.2367871447708538,0.5928624899977476,0.7424369368947922,0.8400397401006773,0.36696687670981826,0.8221181496309139,1.1338052208174814,-0.7454265219052986,0.4032099728893505,0.711208486969708,0.6109095274182397,-0.3366359472723457,0.3471730100012381,224.0,1.4412099513745524,224.0,1.4412099513745524
LTFOODS,0.09346364757190524,0.8177121873627153,0.9594438098991293,2.623208217788749,0.13605864756173044,0.6141196225789548,0.4757560268632218,1.2776117391057888,0.6258865090274239,-0.2511953750175829,0.4632516374495006,1.215989585794608,0.15846643523832793,-0.14373148796412902,0.41274176502557175,0.6701976315529803,0.13368621662133703,0.26822353130894,225.0,1.4388710042544695,225.0,1.4388710042544695
EXIDEIND,0.608604640405371,1.0114625192024582,1.8863097639413482,0.9754723178480107,0.5913328690317964,0.7751028788314523,1.1259472387974572,0.4791888356749062,0.7428929555839031,1.0740300393341544,1.2475090390419392,2.554733711605218,3.6813879468627135,1.028809737353735,1.0650030595968307,1.6359725835517258,1.9667661797739937,1.4241378900690713,226.0,1.4334388809796965,226.0,1.4334388809796965
INDUSINDBK,0.7967651951426032,1.2833585651758908,0.8481670675113996,0.8103305092566615,0.7576264687668552,1.0010158381918839,0.39769602295690076,0.3991681222231484,0.6388766130346971,0.9055880689793587,1.6030037090912876,0.5774672210807956,0.7699334841924623,0.8797745979911373,1.3606654444576511,0.20956524165680485,0.4518505560389038,0.7254639600361242,227.0,1.433115679437833,227.0,1.433115679437833
J&KBANK,1.108887750613612,1.3521943974157864,1.6420718970112214,-0.5721668080041244,1.033475906924943,1.0582101475672858,0.9546157598419811,-0.27073141815371804,0.6938925990451229,1.2879095324076872,1.4322035091644378,1.9190921046598937,0.905643175853317,1.2180473720707539,1.2186121348030585,1.1774183829390303,0.5224643110624818,1.0341355502188312,228.0,1.4308530001538702,228.0,1.4308530001538702
M&MFIN,1.3872880085799706,1.3398253166960223,0.7318767484820545,2.6538439688775837,1.2795220621834016,1.0479329270215965,0.31611902346074217,1.2924565242039427,0.9840076342174209,1.6294174823410927,1.7917688359475805,1.3239528977426245,2.1081991014198116,1.5202089105789682,1.5176600558737363,0.7480827631505415,1.148189625819784,1.2335353388557575,229.0,1.4275719198231438,229.0,1.4275719198231438
KRBL,0.2720251753780428,0.2612714452553853,0.8210254989923068,2.0859138466492237,0.2938687649614258,0.15178419468360124,0.3786563665187043,1.017261684332012,0.4603927526239358,-0.13155985270617546,0.03215418104710611,0.5914852278203014,-0.18798564240226515,-0.03787962276187575,0.05420108128009657,0.21967788344170672,-0.04658301720066572,0.047354081189815454,230.0,1.420588752594496,230.0,1.420588752594496
KPRMILL,-0.39048499205213666,0.07324862219479836,0.9874015430804207,1.1009828351286022,-0.29164821949313247,-0.004440189649926309,0.49536821818474047,0.5400059069190819,0.18482142899019088,-0.6343380633032656,-0.3243132994437538,0.6623251261387307,0.8991010927169318,-0.48273087050603075,-0.24227038309551618,0.27078204747055096,0.5190602722625777,0.016210266532895437,231.0,1.4201351823149593,231.0,1.4201351823149593
LLOYDSENT,-0.1440443761108192,0.7350645957165516,1.3895155250700675,-0.005487976910680743,-0.07384753750089557,0.5454493999357696,0.7774488967826735,0.0038570991267021393,0.3132269645860624,0.14212253035241956,0.8012171856037412,1.688341754505888,1.6005823714336853,0.20427078674895838,0.6938253040676794,1.0109542289254763,0.8840616701930931,0.6982779974838018,232.0,1.4149903393673595,232.0,1.4149903393673595
EQUITASBNK,0.7904787818904608,1.244195689200893,0.7791653698395765,-1.2907328432762593,0.7520706268924474,0.9684761917365553,0.3492917232422532,-0.6189180299823673,0.3627301279722222,0.8743637886836066,1.3175213562151957,0.6238196152895251,0.003969357222821278,0.8521477841063771,1.1232318050860493,0.24300402986800004,0.053296830385685494,0.567920112361528,233.0,1.4133217683307522,233.0,1.4133217683307522
BAJFINANCE,0.764713916803798,0.915079345893218,0.8050442384163331,1.9737693156931524,0.7293000086407491,0.6950200374760933,0.36744560282972344,0.962921202939902,0.688671712971617,0.7758778951330118,0.518686355431714,1.1752334045549075,0.8844354593171978,0.7650088196330553,0.4588464251050971,0.6407959720263023,0.5114293106747906,0.5940201318598113,234.0,1.4131116898177258,234.0,1.4131116898177258
GOKULAGRO,0.9999218679216082,0.5614977552941524,1.5319950982942887,-0.18765956139914775,0.9371734225574482,0.40123620100423607,0.8773975096176955,-0.08441552114886348,0.5328479030076291,0.9335715227737598,0.5540100813444551,1.3625937095637066,-0.22387638922447972,0.9045339731475242,0.4882249163327748,0.7759583873734316,-0.06525803128920014,0.5258648113911326,235.0,1.4122898530853014,235.0,1.4122898530853014
NAUKRI,-0.43539889065893783,-0.24717168012999377,0.7208234864100762,2.462059438389362,-0.331342478940288,-0.27067097825224035,0.3083652227832399,1.1995258781756308,0.22646941094158557,-0.8664877448261668,-0.9322030810185197,-0.7460348984815525,2.1631966274267183,-0.6881337167555267,-0.7478479843798589,-0.7452140707951629,1.1768064606296356,-0.25109732782522826,236.0,1.411913936344431,236.0,1.411913936344431
AGARWALEYE,0.7685212163509896,-0.24211056445169254,0.4605174159621417,2.0217399744428683,0.7326648453774196,-0.26646579896595446,0.1257619901580057,0.9861657487677971,0.39453169633431695,1.080007611973818,-0.022231300579102383,0.5946930149036234,2.386622764795348,1.0340986114361614,0.008969063604059396,0.2219919928795663,1.293061669354449,0.639530334318559,237.0,1.4023882397391254,237.0,1.4023882397391254
TATACAP,,1.2615219262236017,0.7287250196800749,1.6304247670979126,0.0,0.9828722138131797,0.31390810357474336,0.7965510028511399,0.5233328300597657,,1.0035277900561181,0.6381239704893858,1.105707832198904,0.0,0.8620855927148215,0.25332324448875787,0.6265638522166133,0.43549317235504814,238.0,1.400001062558037,238.0,1.400001062558037
GRAPHITE,0.4635687165968027,0.5382481575845602,-0.20090352101778508,0.048355624588244175,0.46315219963109083,0.38191857759522674,-0.3382210472360586,0.029947423821025554,0.1341992884528211,0.39617656467100343,0.38272777209987047,-0.1302027903517915,-0.5090747500254545,0.429054303176296,0.3457706397927285,-0.3009505157202289,-0.2136551496987996,0.06505481938749899,239.0,1.3984869881188509,239.0,1.3984869881188509
SOUTHBANK,0.9693511194814172,0.5447891096905989,0.5900628435728372,-0.21575281511261912,0.9101554335224256,0.38735332322390875,0.21663737317471776,-0.09802831989745965,0.3540294525058981,0.9661208611864003,0.6829273692091512,-0.31087319097771415,0.39370116484065587,0.9333331802351069,0.5954445063608724,-0.4312868093614374,0.25608578415323935,0.33839416534694533,240.0,1.3971057427617635,240.0,1.3971057427617635
METROPOLIS,0.07961248572032766,0.3451492211425842,0.9383609851217195,1.118709327542314,0.12381718936647575,0.2214765526853785,0.46096654481003085,0.5485954130050452,0.3387139249667326,-0.05952340195930196,0.15230012515987898,0.6183582936266727,0.8395349318195976,0.025857238387596876,0.1541256071887583,0.23906421226947477,0.4880662419776156,0.2267783249558614,241.0,1.39593333745593,241.0,1.39593333745593
RAINBOW,-0.2997959347909218,0.4178162485818788,1.6672563056260172,1.5059020714890308,-0.21149853132067226,0.2818541251431288,0.9722824797033466,0.7362125880756536,0.4447126654003642,-0.07895207222345615,0.6853866549189428,1.4379268415485915,3.7849543536692103,0.00866701807404223,0.5974898767680017,0.8303039867481922,2.020654835693884,0.86427892932103,242.0,1.3945522459390034,242.0,1.3945522459390034
ZENTEC,0.6342684579477724,1.0333418334436502,2.0183006964225627,-0.05041146158236201,0.6140141829130699,0.7932819612499127,1.2185381296161542,-0.017910915435028613,0.6519808395860269,0.43414136074545195,0.8273079183626245,1.787317126198497,0.848360068916554,0.4626450327427466,0.715524780656701,1.082355427259481,0.4926582210867519,0.6882958654364202,243.0,1.3909590969321892,243.0,1.3909590969321892
USHAMART,0.8727272243559114,0.5982205803573475,1.2173815538368484,-1.0273781433791274,0.824760620761153,0.4317484582031233,0.6566978918686647,-0.491307516591478,0.35547486356036573,0.937931125805072,0.3819688309030009,0.8586776038455625,0.38443246049984175,0.9083912899668932,0.34513943380529566,0.4124314493809629,0.2512630039251047,0.4793062942695641,244.0,1.3892976758350146,244.0,1.3892976758350146
GVT&D,1.5380194552988462,1.633585629970142,1.0506887786314063,-1.0356749618223056,1.4127363530487718,1.2920124666000732,0.5397638551195161,-0.49532780277379607,0.6872962179986414,1.5642095222627324,1.6887440843488888,2.159856339942009,-0.8898554561993556,1.4625138040840777,1.4319751038233035,1.3511065906327944,-0.41178658139244956,0.9584522292869316,245.0,1.3883150170941083,245.0,1.3883150170941083
INDIGOPNTS,-0.3421437472530937,-0.46375574944717807,1.3345899614878383,2.389397111278854,-0.24892492063523503,-0.45062632800584035,0.7389189253278434,1.1643167975312734,0.30092111855451037,-0.5975071598746184,0.02827530496701105,-0.5893416603954308,2.183209381446077,-0.450143393562031,0.050975047673850665,-0.6321749906800426,1.187219686777122,0.038969087552224835,246.0,1.387854214746129,246.0,1.387854214746129
UNIONBANK,1.6425104634519632,1.4386577199734296,0.10394504446770202,0.8597205782648513,1.505084007476094,1.1300507843268268,-0.12437150687372761,0.4231004540365105,0.733465934741426,1.5186580640048217,1.387310936646577,0.19484805933184388,0.5210060039776849,1.4222105001311625,1.181275302013623,-0.0664576334001798,0.3223262465264303,0.714838603817759,247.0,1.3839947274997089,247.0,1.3839947274997089
MANAPPURAM,0.8361976282706368,0.9513962102836074,0.6573931797351316,0.23517105769716415,0.7924762876373942,0.7251949901119474,0.2638692222661426,0.12047025609887195,0.47550268902858905,1.1841024404077602,1.088133318444679,1.1707682978551255,1.7268220707334256,1.1262002843737375,0.9324514080231053,0.6375748275779259,0.9497479088950365,0.9114936072174513,248.0,1.3835943775809378,248.0,1.3835943775809378
IKS,0.16219224187386522,0.3365807191097455,0.06218599191687721,0.27333120878703193,0.19679999352111202,0.21435715657722912,-0.15366524548699148,0.1389610461761102,0.09911323769686495,0.019430423523063036,0.26901235307002186,-0.2442317922853988,-0.4038685666363701,0.09571449759199488,0.25119433579034955,-0.3832114584543103,-0.15891326966146302,-0.04880397368335722,249.0,1.381880839714069,249.0,1.381880839714069
BLUEJET,-0.40943663758564885,0.2683998427177857,2.0321332341390703,2.3481400083836554,-0.30839741201688825,0.15770703685095525,1.2282415764013108,1.1443253560132995,0.5554691393121693,-0.4034469079852354,-0.08740788218103529,0.8265171745680737,1.856270686341587,-0.2784415509383907,-0.045237835055851106,0.38923079703605035,1.0171038413920277,0.27066381310845905,250.0,1.380048110324532,250.0,1.380048110324532
ABSLAMC,0.15421857649014398,0.9515537426232021,0.19584433312051994,-0.9140435279870597,0.18975298241087393,0.7253258805664423,-0.05990467690281246,-0.43639037077714465,0.10469595382433979,0.0158754871546204,0.3337384445121564,0.4687264807903017,-1.5675333097028283,0.09256913877209948,0.30502656499323605,0.13111927038445978,-0.7644023551559511,-0.05892184525153896,251.0,1.3795412836329368,251.0,1.3795412836329368
NATIONALUM,1.098649079274989,0.4854698622262165,-0.41578089971217613,-1.2197165762737667,1.0244271160357923,0.3380661528506337,-0.48895631015218227,-0.5845065602237779,0.07225759962761644,1.2823411805839149,1.0334141271994453,-0.7875355111576943,-1.3348601169801206,1.2131205709396111,0.8869418464339672,-0.7751527659068599,-0.64333563080929,0.17039350516435706,252.0,1.3763567303155966,252.0,1.3763567303155966
TMCV,,2.5207294875174324,0.6196634334699551,2.6595954632172045,0.0,2.029122465825736,0.2374020191682836,1.2952434543241589,0.8904419848295446,,2.258524739374321,0.8877508301168597,0.25492135843766306,0.0,1.9058576160111635,0.43340498208618344,0.18387455788319054,0.6307842889951344,253.0,1.3687603799162045,253.0,1.3687603799162045
VTL,0.2343910909982191,0.9402703977011587,0.613964539524717,-1.5186869629960404,0.2606083009231813,0.7159507760712766,0.23340427737533143,-0.7293749242712183,0.12014710752464272,0.3229112562354296,1.2761713725991142,1.9536905826188409,-0.028649987265253512,0.3642301656401455,1.0888413182520569,1.2023778525985513,0.036324023414265466,0.6729433399762548,254.0,1.3674427074985598,254.0,1.3674427074985598
FEDFINA,1.4429065179727507,1.241819489041038,1.5337246836136382,0.24673368091884784,1.3286769031209185,0.9665018547864767,0.8786108039134101,0.12607301270826918,0.8249656436322685,1.0406503165815317,0.5883114394215864,-0.1326643488509395,-0.8961451957242311,0.9992758176195768,0.5167531115139903,-0.3027262931040641,-0.41505931836897747,0.19956082941513137,255.0,1.3674288070244613,255.0,1.3674288070244613
TITAGARH,0.26389471961092664,0.3586329610738795,1.2579087792255794,0.22315625357262556,0.28668318475898347,0.2326799211647531,0.6851275107115105,0.11464839181005451,0.3297847521113254,-0.02349574289099786,-0.2671235483899325,0.5148614445619419,-0.4180553446398472,0.057734015765842424,-0.19470607451158664,0.16440120347607357,-0.16629506866381372,-0.034716480983371094,256.0,1.3514555112591125,256.0,1.3514555112591125
PVRINOX,0.443228878729575,0.4655113199445318,1.0946935913173892,2.294253904260757,0.4451761426318314,0.3214830012449047,0.5706329817353536,1.1182144363507913,0.6138766404907203,0.48970261410797095,0.28144349809656155,1.0168614738353663,0.9843439970084441,0.5118048657736826,0.26153323056080346,0.5265458768514671,0.5634146694133851,0.4658246606498345,257.0,1.3502060917017606,257.0,1.3502060917017606
CRISIL,-0.5337909639819024,0.27371657944971134,0.37288867912200385,2.919883653925235,-0.41829998223379844,0.16212460653259375,0.0642909280719771,1.4213680674744527,0.30737090496130626,-0.7483767001443841,-0.15852715478722426,-0.38380529045018563,1.2532761791444547,-0.5836306883990294,-0.10438722749370034,-0.483900295022519,0.7033480153292117,-0.1171425488965093,258.0,1.3474322756270802,258.0,1.3474322756270802
JAYNECOIND,0.9939018905203891,0.5612641062526197,0.20442770729166487,-0.44159798136624456,0.9318530528669441,0.40104206671208265,-0.053883488584822385,-0.2074633048198221,0.26788708154359564,1.1905807409529412,0.7730820995405918,0.338736595481258,-2.681489966347424,1.1319321956221644,0.6704255533976049,0.03734408749157574,-1.344026857256822,0.1239187448136308,259.0,1.342497643662558,259.0,1.342497643662558
SUPRIYA,0.3878359101594923,-0.011689342339093491,0.11915840140490447,-0.6038136242406513,0.39622063143877634,-0.07501343708794841,-0.11369942323374832,-0.2860661225227981,-0.019639587851429635,0.3499134534309114,0.25592043415148924,-0.004021573322260227,0.16284927972752827,0.3881213384496804,0.2403058800806746,-0.20992292017724118,0.13596673987121854,0.13861775955608308,260.0,1.3342482666632556,260.0,1.3342482666632556
DIXON,-0.4648545505955326,0.0008064602478880474,1.1096392557619779,2.362190669096392,-0.3573749687480939,-0.06463092588995706,0.5811172806094352,1.1511337100230588,0.3275612739986108,-0.6416114944053415,-0.6143878165227773,1.1954497061710276,2.3076123784937965,-0.48916630233848246,-0.48352329272431427,0.6553800866053885,1.2519502351279328,0.23366018166763114,261.0,1.3234958633077163,261.0,1.3234958633077163
ALKYLAMINE,0.12825803504467412,0.9794583234593133,1.6698692272405764,1.6648788413916005,0.16680942819959307,0.7485112358879177,0.9741154294021138,0.8132459853623415,0.6756705197129915,-0.1890216152891927,0.531302900729693,1.109151696993757,1.205884211659604,-0.08872100021989394,0.4693395159606849,0.5931243843663211,0.6786885769272458,0.41310786925858944,262.0,1.318240263830543,262.0,1.318240263830543
BSE,0.9159760858101424,0.6743715742464652,1.025684366191148,-2.1495867926693686,0.8629833442523257,0.4950207883546611,0.5222234015541082,-1.0350822125568864,0.21128633040105216,0.7419646516155357,1.1652499506436145,0.7562186653087398,-1.5286804701015424,0.7350028480618443,0.9965887617145317,0.33851719307203104,-0.7441860768341948,0.3314806815035531,263.0,1.3151581250327766,263.0,1.3151581250327766
SUNPHARMA,0.8354024615981981,0.5744489959834858,0.7796061766853041,0.6769950649217583,0.7917735307363326,0.4119971265669507,0.34960094674539577,0.3345594233412772,0.4719827568474891,0.9931681880968537,1.0222033793855576,1.1725266765401592,1.2919433978968973,0.9572642831959338,0.8776179473322814,0.6388433284492973,0.723467709648845,0.7992983171565893,264.0,1.3149494700055855,264.0,1.3149494700055855
WEWORK,,0.16348528350480795,0.9669997624981751,-0.39086867407505577,0.0,0.07053563843306518,0.48105648477330654,-0.18288203495859912,0.09217752206194316,,0.39214121860871787,0.8574172656706558,1.9316488536674412,0.0,0.35359973620134477,0.41152223677124505,1.0563253249613511,0.4553618244834852,265.0,1.3147547394839205,265.0,1.3147547394839205
SCI,0.16921908356991952,0.23372456786959536,0.5042350688112482,-0.6055601958617777,0.2030102154352487,0.12889604796898946,0.15642967577631467,-0.28691243702310115,0.05035587553936291,0.17739620932244063,0.28915108037658366,1.311974067532241,-0.20952969616386974,0.23548045290315717,0.26794357184132395,0.739441190837812,-0.0577930237662879,0.2962680479540013,266.0,1.3120232708655322,266.0,1.3120232708655322
POLICYBZR,0.11117879394039648,0.32854166287444964,1.3712915220109765,1.5789162724272128,0.15171503985693738,0.20767766634014756,0.7646648619569172,0.7715921718468428,0.47391243500021124,-0.3872903907631906,-0.2569766860410547,-0.31272489649060764,-0.9835337872456926,-0.26414648664574536,-0.1862670013730014,-0.43262263655078,-0.46053017986775124,-0.3358915761093195,267.0,1.303516764847716,267.0,1.303516764847716
CANHLIFE,,0.6334247488418449,-0.3813233984145254,0.4109436736673519,0.0,0.4609988941764848,-0.46478456834719145,0.20564220773966968,0.05046413339224076,,0.5151716048907263,-0.09350002546900411,0.3421182395338602,0.0,0.45592323211602914,-0.2744730057095446,0.22924566679363106,0.1026739733000289,268.0,1.30202237345037,268.0,1.30202237345037
JSWSTEEL,1.2008816254756043,1.2612895066360263,1.492262682700666,-0.2313638824854435,1.1147787741796713,0.9826791010496068,0.8495254453399784,-0.10559278076640949,0.7103476349507117,1.1300304159564993,0.9704147178154976,1.2480002519321831,0.19400310001744656,1.078358100607202,0.8345456863995694,0.6932902442161698,0.15217699137999435,0.6895927556507339,269.0,1.3013273877328662,269.0,1.3013273877328662
RELIGARE,0.32991831954428347,0.30408542211096967,1.0287555973470823,1.2133751191150592,0.3450338954896038,0.18735746747175785,0.5243778527977841,0.5944664389175185,0.41280891366916606,-0.11418033040563096,-0.2164650918896865,-0.002558105547565212,0.20820391784371137,-0.0225024603915872,-0.15257379708489074,-0.2088671691247374,0.15956609571621452,-0.056094332721250216,270.0,1.3008870078019472,270.0,1.3008870078019472
CYIENT,-0.6580344083479038,-0.3212203545009075,0.39512495897141797,2.3252037890456614,-0.5281045565026083,-0.3321965333737173,0.07988955231871561,1.1332114373093207,0.08819997493792767,-1.9737403254591241,-2.0868786886344943,-2.769412661731648,-1.0953709167649666,-1.6678155758351958,-1.708183462380035,-2.2048862549737227,-0.5187223367414827,-1.5249019074826091,271.0,1.2942633710333298,271.0,1.2942633710333298
HOMEFIRST,-0.10427619482734574,-0.08921330681109489,0.6975694002373019,1.8036795303199413,-0.038700989225777166,-0.13942654089944737,0.29205261317107306,0.880502909883048,0.24860699823222415,-0.24534441914499638,-0.19549577705454213,0.0910269517345073,-0.2646652170716212,-0.13855464265628434,-0.1351337673027409,-0.14135456349543762,-0.0864816613928986,-0.12538115871184036,272.0,1.2794981209869878,272.0,1.2794981209869878
CHALET,0.2642738869471968,0.6514515068734228,0.8067201208064033,2.43757691522998,0.2870182874128759,0.47597696507857556,0.368621224825015,1.1876626862497097,0.5798197908915441,-0.1903079037108467,-0.1860620303191091,0.13346302762189402,1.097771916227054,-0.08985909052944036,-0.1272877873402736,-0.11074102177151754,0.6224345610844491,0.07363666536080439,273.0,1.2776231744453213,273.0,1.2776231744453213
UNITDSPR,0.9338516112131723,0.6567953386791445,0.9468992711418046,2.97567936636618,0.8787814772381504,0.4804170475124075,0.4669561040456778,1.4484043023029203,0.818639732774789,1.124839989938124,1.3334781775031943,1.897535012427074,3.6331255840531322,1.0737656830323516,1.1365029796894621,1.1618670170618672,1.9416538490142161,1.3284473821994742,274.0,1.2775216058969403,274.0,1.2775216058969403
ADANIGREEN,0.48881614507032006,0.5667106351205335,1.1735193737015974,-2.2851972553121644,0.48546551482501044,0.40556747807063054,0.6259288211785166,-1.1007932887813958,0.10404213132319046,0.550694602543059,0.5484210555604284,1.4677605081953375,-0.1959829595665265,0.5657697385264697,0.483576563399313,0.8518261039461008,-0.05074425718413184,0.4626070371719379,275.0,1.2709160701472637,275.0,1.2709160701472637
HCC,-0.14585634484951254,0.24510636809229833,1.0791848681104768,-0.25702165314531783,-0.07544892948544571,0.13835295699447522,0.559753700331739,-0.11802544776514233,0.12615807001890655,-0.7356989431722186,-0.8927515981589977,-0.3545525517079562,-2.3262807152073233,-0.5724135833439649,-0.7150364671019126,-0.46279726135841076,-1.1592010077898691,-0.7273620798985394,276.0,1.2697342177655262,276.0,1.2697342177655262
HINDALCO,1.2350419312683545,0.9410181217726914,0.37310661329141726,-1.6003280233263442,1.1449691625225409,0.7165720449727062,0.06444380765625228,-0.7689347180648969,0.28926257427165064,1.481199344721783,1.399301519516521,0.31758989058617376,-0.126432108336816,1.389067540351405,1.1912477843765987,0.022088776554083846,-0.01455489804322718,0.6469623008097151,277.0,1.2666670334662318,277.0,1.2666670334662318
PNGJL,0.12497870500260852,-0.2868665592314179,-0.011643453026442421,1.1026680382292668,0.16391120333957407,-0.30365265541180264,-0.20545618254188985,0.5408224848382447,0.04890621255603156,0.14398026150771753,-0.1728859666287056,0.15523061671442365,-1.3419088970347175,0.2059144817321321,-0.1163293490232041,-0.09503780268307745,-0.647003318959627,-0.16311399723344414,278.0,1.2665440246369521,278.0,1.2665440246369521
NESTLEIND,0.5446899354840432,0.3920855295820697,0.669635897010179,-0.20421327393139446,0.5348459694676736,0.2604749879257875,0.27245741902503307,-0.09243674786549445,0.24383540713824994,1.0919962902834075,1.3886029599210197,1.2157242070423468,0.6360404951182038,1.0447060291651251,1.1823498685677838,0.6700061863419164,0.38218208495069256,0.8198110422563795,279.0,1.257778224011357,279.0,1.257778224011357
FIVESTAR,-0.27828733130983196,-0.5646875465254958,1.2139099949904824,2.183731261400878,-0.19248953603396407,-0.5344885294214407,0.6542626130197914,1.0646598531131422,0.2479861001693822,-0.2980049640313167,0.1772646211503524,0.32996330073754815,1.3485914866091515,-0.1851479687110198,0.17488840067977507,0.031015000292147835,0.7529433809139274,0.19342470329370764,280.0,1.255259079569777,280.0,1.255259079569777
GOKEX,0.0193102635329845,-0.1586019959631082,0.1066323432821169,0.9595870838398813,0.0705229502335149,-0.19708020797044298,-0.12248638199093981,0.4714915252874189,0.05561197138988775,-0.2019128497105775,0.08642450552339291,1.2426785062461705,1.3263473556695176,-0.10012698718680133,0.09933732357481818,0.689451117242338,0.7413691035453732,0.35750763929393203,281.0,1.2282652206192792,281.0,1.2282652206192792
HINDZINC,0.747900103632846,0.5422192221999389,-0.13550180340684637,-0.11533701786021423,0.7144402016988793,0.3852180553638712,-0.29234211312419034,-0.04937108520622334,0.1894862646830842,0.811810251474214,0.4066168504206041,-0.9678025985353601,-1.0372290044114745,0.7968012744687342,0.3656390160681155,-0.9051981078826485,-0.4884693849788924,-0.05780680058117284,282.0,1.212500962182946,282.0,1.212500962182946
ETHOSLTD,0.20390645604435043,0.13452373650582233,0.6838999371476018,0.9884592860822033,0.23366641775235694,0.04647207117237623,0.28246356231207737,0.4854817694421936,0.26202095516975105,0.17138713888634213,0.09125177715115812,0.4603455012282021,1.1709370145239715,0.2301637100035268,0.10335213100255801,0.12507320080459275,0.660504519568518,0.27977339034479887,283.0,1.20973501027839,283.0,1.20973501027839
VEDL,0.8846991129010515,0.6945371343272284,-0.2932611903227513,-2.7922387810960405,0.835341204160147,0.5117759468884889,-0.4030094286356865,-1.3464840983285733,-0.10059409397890595,1.0653779386795037,0.9544219614281402,-0.2748452297776741,-2.224014373122759,1.0211544776573005,0.8212446248299885,-0.4052961052173478,-1.1059888138872882,0.08277854584566324,284.0,1.20850698481373,284.0,1.20850698481373
CREDITACC,0.3855891986276193,0.35956853766634195,0.3493245705512437,1.2937814820066411,0.3942350200085636,0.23345727294989896,0.047760839505281795,0.6334279507207893,0.32722027079613336,0.5534228916408351,0.33938312531546017,0.8200783043959623,-0.08917626654293942,0.5681836912073369,0.3097212058097952,0.3845857723360303,0.004830415219472015,0.3168302711431586,285.0,1.206031399570621,285.0,1.206031399570621
AIAENG,0.8221994974747359,0.39321598157499527,0.09083502690044552,-2.085023576687294,0.7801049403969307,0.26141425776409055,-0.13356810987048126,-1.0037976175188725,-0.023961632307083147,1.401039300865891,1.3483827134805524,0.8450125474568155,1.6696417202725569,1.3181430357151134,1.1488989760955344,0.40257342728139905,0.9199952861442855,0.947402681309083,286.0,1.2041614599326704,286.0,1.2041614599326704
EICHERMOT,1.60818582685063,1.2416925138799593,0.29277265568873284,1.2471183210239511,1.4747483859213815,0.9663963536773973,0.008089991847862313,0.6108169628334694,0.7650129235700276,1.86129116467959,1.0949434124504882,0.8360409814874786,1.9906542221379007,1.7253675565449782,0.9381153146988493,0.3961013064882314,1.0870275584072977,1.0366529340348392,287.0,1.19886679573747,287.0,1.19886679573747
ANGELONE,0.15520830232220384,0.18033315817485504,0.9227789953201785,-1.8588201445326578,0.1906276879069002,0.0845341988461721,0.4500358673056661,-0.8941890321421561,-0.04224781952085441,-0.15472724741037885,0.38541258986816723,0.03900521579471384,-1.767527423045957,-0.058377815054073426,0.34800358360643213,-0.17888323574990922,-0.8684651907053962,-0.18943066447573667,288.0,1.195683522696495,288.0,1.195683522696495
AXISCADES,0.4275158547318968,0.22887075956632644,0.17484780456753932,-0.6864616055234973,0.4312891973741162,0.12486311621364181,-0.07463362264381915,-0.32611382748627227,0.038851215864416644,0.26146767534487036,-0.24683658132697936,0.4404001288943489,-2.764833124415618,0.30986573009196666,-0.17783354851114613,0.11068453560939676,-1.3873927604188905,-0.2861690108071683,289.0,1.1914024926816649,289.0,1.1914024926816649
ABDL,0.06444253914000582,-0.5289983936405028,0.36809689884823177,-0.5532911543003596,0.11041020814156821,-0.5048351296581227,0.06092952137671671,-0.26158507726568014,-0.1487701193513795,-0.12483263189400644,-0.07002292227289006,0.749144944211006,-0.3614084625915291,-0.03192747028376843,-0.030778887734816896,0.33341418457182204,-0.13682002526156517,0.03347195032291789,290.0,1.1884183489677413,290.0,1.1884183489677413
MIDHANI,-0.21219285357151854,0.17609249088732948,0.528077757287689,-0.6885552599573513,-0.1340761845158311,0.08101071363638172,0.17315518656744824,-0.3271283235908475,-0.051759651975712154,-0.2562962142225344,-0.1477542257891076,0.3241449663939424,0.17277721806069501,-0.14824464035824378,-0.09542745918246995,0.026817632428437467,0.1411325389881997,-0.018930482031019144,291.0,1.1869042767027702,291.0,1.1869042767027702
JUSTDIAL,-0.15262517984657223,0.3641107124526671,1.0782277881166402,2.0007456376810913,-0.08143112877926492,0.2372312746799988,0.5590823141421862,0.9759927839658852,0.4227188110022013,-0.2719581312033091,-0.2646601699960602,0.2527495027565632,1.8312658328793847,-0.1621020891579617,-0.19265730024825994,-0.024687318471397587,1.0040930786736733,0.1561615926990135,292.0,1.1846800681994751,292.0,1.1846800681994751
GODREJAGRO,-0.6086347934772642,0.7440529151143376,0.09240523888504447,1.8395102904160074,-0.48444588535425687,0.5529176138539263,-0.13246661506553395,0.8978649759210978,0.20846752233880833,-1.6310607876674763,-0.9176679126324245,-0.3555371397678955,-1.5197183081045016,-1.3646174324988563,-0.7357591883684027,-0.46350754681774053,-0.7395227996283029,-0.8258517418283255,293.0,1.183100101984304,293.0,1.183100101984304
GESHIP,0.9043904716494072,0.5625699928231845,0.0043094023317698975,-1.0171688257456264,0.8527441446144384,0.40212710161462834,-0.19426534495212638,-0.4863605144491558,0.14356134670694615,0.8268514066545171,0.7297289626693022,0.5580413950909281,-1.225457384861135,0.8101094817626124,0.6343690582698897,0.1955513791111593,-0.5864101627000101,0.2634049391109128,294.0,1.182257586676131,294.0,1.182257586676131
GROWW,,0.22678913004405196,-0.11287400089590138,-0.6210628513981249,0.0,0.12313353208532013,-0.27646883795010874,-0.29442436611602457,-0.1119399179952033,,0.4510018634889822,-0.10003452634012741,-2.1248105765294425,0.0,0.40255371527880596,-0.2791870187486858,-1.0543701527267018,-0.2327508640491454,295.0,1.175603300703032,295.0,1.175603300703032
ICICIBANK,0.11406569334397444,0.6156174475303737,0.5813330114500954,2.4330943776335787,0.15426644014678237,0.4462031654519471,0.21051344543401948,1.1854906387252333,0.49911842243949556,-0.11655760785986108,0.36233769116776826,0.23479000834139688,2.1472480547631285,-0.02460584279650966,0.3288123547218057,-0.037643364008648185,1.1685079479054532,0.3587677739555253,296.0,1.171112204213028,296.0,1.171112204213028
POONAWALLA,0.44310859928611324,0.3245777100114522,-0.18250412013229292,2.1816977689671355,0.44506984138471134,0.204384097583607,-0.32531397182949223,1.0636745089611384,0.3469536190249911,0.5766167396251937,-0.02946555496991297,0.23037648474570155,0.9051549492524861,0.5887052889980943,0.00295238575744075,-0.04082729621540731,0.522210272362923,0.2682601627257627,297.0,1.170100176543626,297.0,1.170100176543626
TEJASNET,-0.07568176535974915,0.27751432798462555,1.5040172859341328,0.6378489163596804,-0.01342964255496525,0.1652800794537154,0.8577712328660414,0.315590860725026,0.33130313262245437,-0.4668470653119253,-0.5054825419587831,0.8563280066854538,0.16990946281637478,-0.3345371384151423,-0.3929475516111122,0.41073644132022064,0.13964036135658237,-0.0442769718373629,298.0,1.1624756522926794,298.0,1.1624756522926794
SENCO,-0.4039396750939289,-0.10859763027038635,-0.3794117985307432,0.03828152422843666,-0.3035392754024779,-0.1555325856277192,-0.463443591866451,0.02506594223224613,-0.2243623776661005,-0.278964627705686,0.025983397387674904,0.026712324257435877,0.33399398202895003,-0.1683013409268399,0.04906888446557233,-0.18775137306267,0.2250183760071052,-0.020491363379208087,299.0,1.1579011196631495,299.0,1.1579011196631495
GODREJIND,-0.1290137401236158,0.2896097756414878,0.472840672559313,0.5475335230134564,-0.06056367698023575,0.17532994378759376,0.13440668479475187,0.27182785320507824,0.13025020120179703,0.19934857977839288,0.5567763655395869,1.0650854532707688,1.570765192707661,0.2549036084465824,0.49052561519338483,0.5613348335508768,0.8685469127112508,0.5438277424755237,300.0,1.1495590440376793,300.0,1.1495590440376793
ASHOKLEY,1.8068957936504395,2.2643288353874946,0.3143385518098246,1.8691630178295522,1.6503654047408725,1.8160843177451318,0.02321834570989421,0.9122334294560475,1.1004753744129865,1.9260799237232182,2.174073270565269,0.9876372130491602,0.7931087406660505,1.7826917597281784,1.8356199309577774,0.5054633872899109,0.46390932548423,1.1469211008650242,301.0,1.1484550389058052,301.0,1.1484550389058052
ADANIPORTS,0.6065256761601383,0.4328383855546381,0.5131678821606944,-1.5653359106247395,0.5894955102477356,0.294335716801749,0.16269599369675278,-0.7519790249702688,0.07363704894399212,0.40867342004349316,0.6213276103274648,0.6882154750755607,-1.0246797937317695,0.4401113489832896,0.5442124256793739,0.28945944072264657,-0.48193966055146925,0.19796088870846018,302.0,1.1475754866136152,302.0,1.1475754866136152
AARTIDRUGS,-0.8613189970636707,-0.9130990804929406,0.018816137139624982,1.6772327465758603,-0.7077645605635798,-0.8239766697586633,-0.1840889527297207,0.8192321636365912,-0.2241495048538432,-1.158363663520552,-1.3997061138990916,-0.30238273861491727,0.48853368073815157,-0.9463815164433286,-1.1366669267621703,-0.4251617656992194,0.3054299390466878,-0.5506950674645076,303.0,1.1394549614223872,303.0,1.1394549614223872
TIPSMUSIC,0.2476658894043159,1.0682547654216608,1.1180281734745634,-0.5171283782859383,0.27234037737135014,0.8222904146640256,0.5870020588242084,-0.24406213040108046,0.35939268011462594,0.31315416212956176,0.5630838521622901,1.138826143187742,-0.17948032214566587,0.3555972229312764,0.4957715068887154,0.6145316393421234,-0.04215744822584637,0.35593573023406716,304.0,1.137135660265456,304.0,1.137135660265456
CDSL,-0.41813546201102214,-0.45172831299714317,0.761158030475289,2.1423699567103114,-0.316085308288127,-0.44063297281665736,0.33665967677003605,1.0446179198264307,0.1561398288729206,-1.0562926715883154,-1.3461315924387933,-0.6714154553315254,-0.1702494918479417,-0.856070506215548,-1.0921093788795813,-0.6913833291792062,-0.037354374979341194,-0.6692293973134191,305.0,1.1344070552345586,305.0,1.1344070552345586
OIL,0.33925464396204513,0.5037760384446078,0.25528589190563095,-0.11634516066142105,0.3532852051112835,0.35327638670771017,-0.01820676041640005,-0.04985958843203849,0.15962381074263876,0.08997339804379804,0.20387973373099402,0.09891015876542161,-0.07533741559105762,0.1581299515112597,0.19702400023135025,-0.13566758885622676,0.012031177515551036,0.05787938510048356,306.0,1.128334766140565,306.0,1.128334766140565
HCG,0.31257861160451883,-0.3291815745225809,0.620164504364911,0.875377956928803,0.32970931029328115,-0.3388113510654446,0.23775351756029542,0.43068735539214564,0.16483470804506942,0.2643216790349217,-0.261479011751202,0.01088892146587693,1.429265060054989,0.3123909133155555,-0.19001155359567617,-0.19916643422099364,0.7949202204635836,0.1795332864906173,307.0,1.1236893059271083,307.0,1.1236893059271083
TECHM,-0.39793806428523754,-0.2863859321222065,-0.16122065793174273,0.16297044639107808,-0.29823513784304156,-0.3032533120075907,-0.3103837437614734,0.08548490334266681,-0.20659682256735973,-0.2480370158195253,-0.3004570391981407,-1.0119656673540274,0.8051754971609164,-0.1409370151718185,-0.22242930137944086,-0.9370575086793766,0.47018801477037925,-0.20755895261506424,308.0,1.12282105183438,308.0,1.12282105183438
PIDILITIND,0.5298849783192382,1.115912856164789,1.1759034485924051,0.45064094025256735,0.5217615606536321,0.8618885643123663,0.6276012361980088,0.22487781876591326,0.55903229498248,0.904421230940106,1.022726858228331,1.5311447981470014,2.518490445383851,0.8787421957375462,0.878053320957031,0.8975517645897858,1.3616763127055984,1.0040058984974904,309.0,1.1188900619116349,309.0,1.1188900619116349
KIRLOSBROS,0.3592612203765818,0.6711423011464254,1.0321670127315625,0.6746536089700859,0.37096673041818945,0.49233765024575193,0.5267709413491253,0.3334248531354225,0.43087504378712227,0.42668682284905324,0.31661160543912853,1.380651647649166,0.9440460398869384,0.4560493601088215,0.29078229493215196,0.7889854505376647,0.5424464538253642,0.5195658898510005,310.0,1.1187524261943056,310.0,1.1187524261943056
PETRONET,0.5470791119162616,1.1666106091874822,0.5229501325808071,0.7617955424607254,0.5369574893336231,0.9040123082501504,0.16955818690641677,0.37565013665972985,0.4965445302874801,0.1794360870659566,0.5268139444598857,0.6729547551475918,-0.4614483276115195,0.23728530868314598,0.46560608300630923,0.27845030105827917,-0.18887371748250978,0.19811699381630615,311.0,1.1162834074370838,311.0,1.1162834074370838
TVSSCS,0.011066433046326136,0.2978860573382419,0.13058978746321137,-0.6017886138898918,0.06323717107992713,0.18220653989225719,-0.10568037072359417,-0.2850848884283118,-0.03633038704493041,0.05898980251490363,0.11991039004794064,1.1287620761303359,1.1247679263319625,0.13071609219889938,0.12718729521103841,0.6072713842329603,0.6364813813286949,0.37541403824289826,312.0,1.1157100160223976,312.0,1.1157100160223976
BALUFORGE,-0.11414250872937,-0.09215125809630069,0.5102895556299007,1.171406018900772,-0.04742069595269943,-0.14186762556811694,0.16067686395394862,0.574129993708867,0.1363796340354998,-0.6670008045274132,-0.9927184074666154,0.29105093884561,-2.119068775076185,-0.5116304148419933,-0.7981781503308459,0.0029434788461886853,-1.051382524089039,-0.5895619026039225,313.0,1.1101178664092946,313.0,1.1101178664092946
BECTORFOOD,-0.5528700140502816,-0.024222172708100394,0.29539245652473756,2.350928493150625,-0.4351617730582724,-0.08542671392574876,0.00992776728147225,1.1456765374155478,0.15875395442824972,-0.6830503804119237,-0.37971255552275984,0.11722642495032597,1.04566068154227,-0.5258308589095874,-0.2883455497627421,-0.12245416684788643,0.5953195487741754,-0.08532775668651016,314.0,1.1095708878603894,314.0,1.1095708878603894
SAGILITY,-0.7042744696718778,-1.4367043304085516,-0.8439265345386361,1.8487572961958705,-0.5689708595397771,-1.259029747200813,-0.7892980456298114,0.9023456825701828,-0.4287382424500547,-1.038820088107902,-1.272455844349946,-2.3898111550648125,0.3008032846819901,-0.8406110045928641,-1.0308337839928008,-1.9310403274273873,0.20774827729243842,-0.8986842096801535,315.0,1.10003337058766,315.0,1.10003337058766
CONCORDBIO,-0.11250125145855853,0.20834543999493377,1.4954467563769303,1.8461417183402966,-0.04597017631517112,0.10780904075038558,0.85175905497191,0.9010782845207308,0.4536690509819638,-0.34999849334387384,-0.26524350564736526,0.43210507504890533,1.324925531672516,-0.23115112855727743,-0.1931424563543002,0.10470045315857032,0.740629286586229,0.10525903870830541,316.0,1.0971135264788543,316.0,1.0971135264788543
DLF,-1.0389499118924412,-0.639906927143042,0.8871211080265482,1.8701224542790877,-0.8647522155604477,-0.5969868008314962,0.4250220615300321,0.9126983316504605,-0.03100465580286285,-1.7583721913922274,-1.2600839608677143,-0.45386903069419415,-0.06240070944260791,-1.4772608120354458,-1.0205441766266228,-0.5344445357526423,0.01876252726367036,-0.7533717492877602,317.0,1.0944155188383369,317.0,1.0944155188383369
CHOICEIN,-0.15514823170601605,-0.0012289096911588695,-0.6945551670094839,1.1391383249098845,-0.0836609658277955,-0.06632207386041442,-0.6845148781626098,0.5584944383239596,-0.06900086988171503,0.16178805271492583,0.16328222733939016,-0.0604053664623991,2.539468748135235,0.22167057054251668,0.1632593433449959,-0.250598396590968,1.3725919423350479,0.3767308649078981,318.0,1.0871657946678368,318.0,1.0871657946678368
ENDURANCE,0.25311013437457075,0.8721170135158093,1.6046182218848775,1.0845172475778675,0.27715192299634833,0.6593234990668688,0.9283422190828398,0.5320273818293355,0.5992112557438481,0.3100043220276515,0.5615347984852445,1.620380870446473,2.565094154622041,0.35281028771810286,0.4944831699795596,0.9619269964059446,1.3859255970939208,0.798786512799382,319.0,1.0778189546043606,319.0,1.0778189546043606
PICCADIL,-0.18884712304226245,-0.0235307653213876,-0.11055422523545148,0.01634562222475468,-0.11344356269147347,-0.08485223742574398,-0.27484152847617077,0.014436734864860985,-0.11467514843213181,0.1850075874664167,0.3474377870816315,1.1518128355913846,1.6664874929589983,0.2422148956316503,0.31642021062666875,0.6239002871598355,0.9183540486461934,0.5252223605160871,320.0,1.071271252618749,320.0,1.071271252618749
MRPL,1.0515970739875913,0.5523612038546895,0.03272311458706925,0.9431270908640657,0.9828432285684042,0.3936448240621839,-0.17433328689534486,0.46351571109129963,0.41641761920663567,1.0128418787716125,0.9927251383250916,0.995471120314511,0.7058820729643783,0.9746712941998622,0.8531011042183474,0.5111147968963401,0.4185227177244718,0.6893524782597553,321.0,1.0704905565563767,321.0,1.0704905565563767
KOTAKBANK,0.7456216827105804,1.1987680824666924,0.9833440306628533,2.126519744661319,0.7124265659642042,0.9307313064174508,0.4925218962277078,1.036937579594354,0.7931543370509291,0.17353019869927394,-0.13711254236322165,0.042633915222320455,0.950385246748126,0.2320598598598241,-0.08657684687879029,-0.17626547859381883,0.545744930115903,0.1287406161257795,322.0,1.070415312526481,322.0,1.070415312526481
ECLERX,-0.012685456562812307,-0.5883320720290012,-0.0712464474175521,2.510570795769429,0.04224559168578003,-0.5541342903961773,-0.24726734519065813,1.2230324236178702,0.11596909492920371,-0.29919772773563136,-0.5477209280043164,-1.4047539381231415,0.9675918382805929,-0.18620330963659049,-0.4280769164175122,-1.220416416505036,0.5546980271600022,-0.3199996538497841,323.0,1.0694774196419576,323.0,1.0694774196419576
PRESTIGE,-0.08564894619888191,-0.2536810097140261,0.5475508813305539,1.1539160601103757,-0.022238494034300938,-0.2760794493630149,0.1868154726814846,0.5656551017806054,0.11353815776619355,-0.24464520328233372,-0.22025538284247273,0.42960316197847037,0.6483844509982849,-0.1379359860749289,-0.15572615507175339,0.10289556383811015,0.38860500925234237,0.04945960798594255,324.0,1.0668079871728393,324.0,1.0668079871728393
NSLNISP,0.6587732688287039,0.2964097646631702,0.8625134895199427,-1.104856911116098,0.6356711833290586,0.18097991798271987,0.4077599566594756,-0.5288504400011238,0.17389015449253253,0.49279327411150164,-0.1587811067844832,-0.067023491866195,0.13656224774919268,0.5145394392495116,-0.10459843756089862,-0.2553727366765333,0.1222888218559455,0.06921427171700631,325.0,1.0667826331321473,325.0,1.0667826331321473
UNOMINDA,0.6560174455223825,0.46708670944432507,1.0103783939874897,2.5759039681759894,0.6332356262141152,0.3227919607142102,0.5114863488297884,1.2546901068698237,0.6805510106569844,0.8651625480319549,0.8198779004155355,1.1631730767049908,2.3289730652233476,0.8440066528910436,0.7093452876547662,0.6320956070157071,1.2630648304187788,0.862128094495074,326.0,1.0629837064750003,326.0,1.0629837064750003
GODREJPROP,-0.29834252189107024,-0.35499759899720973,0.3735460198558459,1.2406285659758955,-0.21021402584419122,-0.3602613668871333,0.06475204887000248,0.607672302898458,0.02548723975928399,-0.15378620233736676,0.06795339264248607,1.0500435803102983,1.0324340072497777,-0.0575451913124523,0.08397503056309953,0.5504835708963547,0.5884373200487517,0.29133768254893844,327.0,1.0570305519260175,327.0,1.0570305519260175
PREMIERENE,-0.41687095556564346,-0.3950185269749786,1.3299755209450745,-1.5617688301265857,-0.31496775562686985,-0.3935139515043141,0.7356819214484654,-0.750250569112622,-0.18076258869883513,-0.3825572136781778,-0.2961226366459535,1.4128300842126331,-0.12777163365667768,-0.25995863664015045,-0.21882440965111033,0.8121990934051245,-0.015251892573440798,0.07954103863510574,328.0,1.0532237011659729,328.0,1.0532237011659729
CCL,-0.19470024817098153,-0.23434851276391216,0.2639581996161992,-1.5850981790449679,-0.11861647073648693,-0.2600164662394813,-0.012123185724709358,-0.76155498173071,-0.2880777761078469,-0.1839002517337193,0.46604424136752437,0.2472705885461654,-0.538379869449658,-0.08418968816263875,0.41506435381223333,-0.028639827398634337,-0.22890346762386568,0.01833284265677363,329.0,1.0509585281024711,329.0,1.0509585281024711
TEXRAIL,-0.735107352883411,-0.23790697717462927,0.3467620406350689,1.2218210012110264,-0.5962205195262543,-0.26297312279153146,0.045963239297237515,0.5985589550211851,-0.05366786199984078,-1.277526765245257,-1.1991645008567327,-0.9163983106346176,-0.7151992388535151,-1.051815390406055,-0.9698778956700617,-0.8681148649217808,-0.3209078004147055,-0.8026789878531507,330.0,1.0498797866549086,330.0,1.0498797866549086
JUBLINGREA,-0.20290008792510125,0.29717403478606585,0.8158536882137335,0.6148762815293731,-0.12586337151155885,0.18161493466564355,0.37502837057889243,0.30445929661858695,0.183809807587891,-0.05796239463486883,0.7338292263777272,0.7082380323204258,0.17312954539229217,0.027238396205051148,0.6377792183896543,0.30390378739744,0.14131586528993273,0.27755931682051954,331.0,1.049546354228058,331.0,1.049546354228058
ASAHIINDIA,0.12934651823086768,-0.18148639356934812,0.38702461127770943,1.9269969133527662,0.16777141402885465,-0.21609439395427152,0.07420720433614948,0.9402572813257698,0.2415353764341256,-0.09526784060981819,-0.13923030391319374,-0.5174751458438347,1.7174276816748428,-0.0057689494591534034,-0.08833817407490374,-0.5803302219126285,0.9448597312014583,0.06760559643869316,332.0,1.0490241531471851,332.0,1.0490241531471851
GAIL,0.37945048086126154,0.40995765860760636,1.0590024510202178,0.028620363017564238,0.38880970928628816,0.2753245806948746,0.5455958491662619,0.020384553433970862,0.3075286731453489,0.11128695190468386,0.1454235322292985,0.9557876336038352,0.6199904394363632,0.17698789091483375,0.14840639383095958,0.48248698316088134,0.3738307676191007,0.2954280088814438,333.0,1.0479835585710031,333.0,1.0479835585710031
MARICO,0.2225992260006298,0.4066646567516519,0.2746946955047124,-1.0027395646321724,0.2501868197536695,0.27258849164365406,-0.004591594729015749,-0.47936870674928067,0.0097037524797568,0.5613006215467243,1.0190508903981366,1.1839979324525394,0.7237025934192393,0.5751537983125444,0.8749960446968945,0.647118734790622,0.4277952600933466,0.6312659594733518,334.0,1.0424855957616475,334.0,1.0424855957616475
POLYMED,-0.48867674530508903,-0.566174117206532,0.6783535685704883,1.7237313590657073,-0.3784286827816959,-0.5357236911195411,0.27857281620012875,0.8417634183060965,0.05154596515124707,-0.6192916966126826,-0.537017054491948,-0.3645678326274017,-0.28999342844778003,-0.4694180521395129,-0.41917458106189054,-0.4700223219676402,-0.09966067677059974,-0.3645689079849108,335.0,1.0114436672901994,335.0,1.0114436672901994
PERSISTENT,0.15147713073081973,-0.32809553509597733,0.39809169839908776,2.1310237472902287,0.18733013196576823,-0.3379089827357849,0.08197070320742528,1.0391200281628195,0.24262797015005702,0.06896415581203531,-0.00955917320746253,-0.9075397014625006,1.7303975701902399,0.1395412628529749,0.019508381674395076,-0.8617242315789105,0.9516083467137397,0.062233439915549804,336.0,1.000174944068262,336.0,1.000174944068262
JAMNAAUTO,0.8124756013963882,0.6447503370898622,-0.9037168862341954,-0.24284386212469022,0.7715111005000604,0.4704090978020915,-0.831240638365437,-0.11115549180233729,0.0748810170335944,1.2095002689461642,1.4605072510195711,0.6853216876351108,0.39137576707805094,1.1486719338548945,1.2421521552939763,0.2873718517857369,0.2548758111149738,0.7332679380123954,337.0,0.9965583440373686,337.0,0.9965583440373686
CONCOR,-0.9378381509742466,-0.3235759230923455,-0.20167762057508137,0.9253320369105477,-0.7753910913752089,-0.33415372796830234,-0.338764073686778,0.4548929829922226,-0.2483539775095167,-1.214972083864697,-0.7259977712724642,-0.5926501495757456,-0.9179278690023458,-0.9964678684214948,-0.5763484970822865,-0.6345617469822389,-0.42639348570658636,-0.6584428995481517,338.0,0.9951251118889595,338.0,0.9951251118889595
360ONE,0.06130426990568709,0.36649800191137144,0.05566627829489999,0.019374177839325376,0.10763665080038451,0.23921482550559103,-0.1582387876295745,0.015904244413614765,0.05112923327250396,0.1145387641262903,-0.048037335973788425,-0.43155195785506173,0.34383472478939886,0.1798650496574399,-0.012493632215083173,-0.5183449170619421,0.23013880469596373,-0.030208673730905404,339.0,0.9924066321743076,339.0,0.9924066321743076
PGEL,-0.8121977087443025,0.16204854685060868,-0.3299386843607211,1.6052207511127572,-0.664351870429567,0.06934188282617608,-0.4287384827618585,0.7843382061148972,-0.05985256606258807,-0.668979831184886,0.3664906131786351,0.3804757853193207,1.0653596240775411,-0.5133814304177284,0.3322663103766217,0.06745489304817409,0.6055694895513263,0.1229773156395984,340.0,0.9908963715839106,340.0,0.9908963715839106
TRAVELFOOD,0.5756205937269477,0.13459751477714585,0.05159608403254236,0.4995420136011306,0.5621820416246168,0.04653337205504086,-0.1610940058288283,0.24857320403077923,0.17404865297040215,1.0330662478981791,0.2480218449312231,1.3713405137370143,1.1007897654294774,0.9925655379263496,0.2337366796885121,0.7822683641776277,0.6240048370291515,0.6581438547054103,341.0,0.9889244819831444,341.0,0.9889244819831444
DELHIVERY,0.22613150121327563,0.25595436846539443,0.5642192625065138,-0.26646214376991256,0.25330859392778426,0.14736634245455163,0.19850824757575536,-0.12259990896039336,0.11914581874942447,0.29377217088881546,0.3426338008492879,0.9346134850241861,-0.3340563000736335,0.33844830357581573,0.31242476949643727,0.4672118742480838,-0.12258788841292699,0.24887426472685242,342.0,0.9879375847082452,342.0,0.9879375847082452
JINDALSTEL,0.7336725573603899,0.7345159077225678,-0.20756540750279776,-1.1197155066308044,0.7018661003504438,0.5449935061104562,-0.3428943228360181,-0.5360502849351231,0.09197874967243966,0.569499070413393,0.6827180596541357,0.337860164264607,-3.4438702525097886,0.5824076731444966,0.595270425094896,0.03671182677806651,-1.7407158048406821,-0.13158146995580572,343.0,0.987416327439499,343.0,0.987416327439499
SUMICHEM,-0.7878435001491545,0.11144765622921768,0.5056176887681225,0.39666651167684575,-0.6428279701538612,0.027298619910653823,0.157399575837358,0.1987241008211866,-0.06485141839616568,-0.6654334397237565,-0.05816366337203933,0.8957859667530564,0.3786319335181873,-0.5102436320143346,-0.02091562658150424,0.4392015593032282,0.2482448186630395,0.03907177984260719,344.0,0.985710914919322,344.0,0.985710914919322
LGEINDIA,,0.23579280924362148,0.42775747911730166,0.6118118104730538,0.0,0.13061450815403966,0.10278108019239346,0.3029743839706593,0.1340924930792731,,-0.4147313257957019,1.0062547011398246,-0.3337458996288355,0.0,-0.3174704115570244,0.5188941118925018,-0.12242637790693489,0.01974933060713563,345.0,0.9819057118880102,345.0,0.9819057118880102
BAJAJFINSV,0.026250706210583334,0.20021866628709936,-0.23478920641120898,1.6938279856702956,0.07665681393424922,0.10105666782853437,-0.36199166342611977,0.8272735123632805,0.16074883267498608,0.10156241802876108,0.19122339103859567,0.2153662201013716,1.0518848877650235,0.16838375704973024,0.1864978101663041,-0.05165575651403873,0.5985581868408517,0.22544599938571183,346.0,0.964685923601669,346.0,0.964685923601669
NMDC,0.7310285181200875,0.6383329529621287,0.7612310662659587,-2.199746189453106,0.6995293363898748,0.4650770223228085,0.33671091096311767,-1.0593873279675863,0.11048248542705369,0.764613282253044,0.6089588331340451,0.2622242664715301,-0.6762208935066573,0.7550420450406212,0.5339254017914744,-0.01785218896785564,-0.3006262177520181,0.24262226002805554,347.0,0.9642696180161987,347.0,0.9642696180161987
VGUARD,-0.5154597541418973,-0.01687003015115124,0.7010582200304004,1.0559440387647347,-0.40209912187786334,-0.07931796645671624,0.294500000476219,0.51818201720401,0.08281623233641236,-0.8226598114113554,-0.42209883083050664,0.5092320118332526,-0.7692405580155031,-0.649355363886033,-0.32359791301509716,0.16034010993436473,-0.34902709260197345,-0.29041006489218474,348.0,0.9633323961269006,348.0,0.9633323961269006
ZFCVINDIA,-0.05728661312227461,0.5400773201986715,-0.3186941585211036,0.014280733625532943,0.002827729174810821,0.3834383920442596,-0.420850511635719,0.013436177463209882,-0.005287053238359672,0.17474875020555977,0.46662045176557576,0.3934573566989748,0.5456770728219263,0.2331380174780073,0.4155435838958963,0.07681984654028552,0.33516333126383235,0.26516619479450537,349.0,0.9626982269494921,349.0,0.9626982269494921
INDHOTEL,0.3974727205627776,0.7131293340967555,1.4591776629447293,1.2651300911072931,0.40473750626498284,0.5272238319649958,0.8263164915552753,0.6195447023737615,0.5944556330397539,0.4081340446209402,0.8217249134955215,1.5355096509730275,2.1715915523315354,0.4396341170256034,0.7108814352769569,0.9007005855237222,1.1811745876470598,0.8080976813683356,350.0,0.9593774887637811,350.0,0.9593774887637811
YESBANK,0.4084175805971655,-0.3135620332257202,0.03630065580417141,-1.6642435952385588,0.414410416595506,-0.3258333881620375,-0.17182366201426266,-0.7999054922662912,-0.22078803146177134,0.3512666322865654,-0.947747947386146,-0.8707145663061654,-0.8942589528313076,0.38931861249551425,-0.7607765390103887,-0.8351584432013724,-0.41407785056129337,-0.40517355506938507,351.0,0.9521896268901772,351.0,0.9521896268901772
KIMS,-0.07227412530822679,0.6267628549896367,0.6665927361061112,-1.681750654466294,-0.010418019148771683,0.45546366048189674,0.27032265890389845,-0.808388670340913,-0.023255092525972382,0.044802959815432426,0.46334324024253287,1.387888736635942,1.749618206262659,0.11816376884161832,0.4128179504160421,0.7942063132358164,0.9616094105316942,0.5716993607562927,352.0,0.9441204482896978,352.0,0.9441204482896978
PCBL,-0.7740737360153435,-0.03390189727014622,-0.13977961137627828,0.30753590267330966,-0.6306584500941871,-0.09346940249731887,-0.29534297116189984,0.15553518952312875,-0.21598390855756927,-0.9271591014318522,-0.7913478040586722,0.44500825729737364,-0.41489264726264447,-0.7418148988742133,-0.6306996538566508,0.11400885644220757,-0.16464942394180213,-0.35578878005761466,353.0,0.941552097498319,353.0,0.941552097498319
GRAVITA,0.041150996557187056,0.13194667485182499,-0.03552467264909106,0.22008701131893502,0.08982547684712477,0.04433084244422578,-0.22220872271363754,0.11316116724232343,0.006277190955009112,-0.012736550170832034,0.3691182284306049,0.5744537503905847,-0.7711861091537784,0.06725360155020159,0.33445167926495467,0.20739131278191553,-0.3500394202388776,0.06476429333954856,354.0,0.9386564542422875,354.0,0.9386564542422875
CUMMINSIND,1.4731016041952705,1.3913016920584615,1.17424639735273,-2.334807611013883,1.355362887275597,1.0907036126107987,0.6264388241479569,-1.1248323621796446,0.48691824046367693,1.8472096153059956,1.8190344376403091,2.6050929559433245,0.2891537502761703,1.7129083952746933,1.5403366625863442,1.6723019282305525,0.2016866809642479,1.2818084167639594,355.0,0.9383928003695448,355.0,0.9383928003695448
MMTC,-0.29400236716266487,-0.024788902626914796,0.3548397120504462,-1.055089075475819,-0.2063782593404116,-0.0858975984237527,0.05162967999911646,-0.504735058506546,-0.18634530906789845,-0.4176668275483667,-0.4563975494719849,-0.3143924685746119,-0.8227243216010977,-0.291023140249845,-0.3521239129964809,-0.43382562920511447,-0.376856272178995,-0.3634572386576088,356.0,0.9362631201352034,356.0,0.9362631201352034
HYUNDAI,0.4614395999420823,0.5245058253199573,1.0417781156276014,2.379424091823364,0.4612705168667953,0.37050034994393477,0.5335130755409649,1.1594842954598483,0.6311920594528859,0.40428877548434655,0.34551754518000605,0.6103685484237977,2.6804276074162576,0.4362318757644033,0.31482315911513575,0.23330038059991162,1.4459369940838043,0.6075731023908137,357.0,0.9354658658640462,357.0,0.9354658658640462
AIIL,0.2068576886602859,0.6502572354790425,0.8012403005707445,0.1827932765106777,0.2362746748126361,0.4749846689824038,0.3647771619973039,0.09509020573298137,0.2927816778813313,0.5688554369146289,0.4716922454898307,0.4293535076544631,1.8693277067885348,0.5818381950744842,0.4197617586095346,0.10271546228760782,1.0238977942180554,0.5320533025474206,358.0,0.9330096148241381,358.0,0.9330096148241381
NH,0.3159689005002869,0.6721760195133565,0.39096367376337915,-0.06929005300737733,0.33270559899686414,0.4931965460586078,0.07697043433750264,-0.02705867981813649,0.21895347489370953,0.18053449202682814,0.47746866378842495,0.18637561665962854,0.5199345274792049,0.23825716228991187,0.4245659645625493,-0.07256968480516085,0.32176872570347925,0.22800554193769487,359.0,0.9277670825521522,359.0,0.9277670825521522
LT,0.2294711251081669,0.12005172205715048,-0.9275464386692591,-0.41826101348441014,0.25626010563021434,0.03444756526129783,-0.8479569342980188,-0.1961552003753188,-0.18835111594545634,0.18497448855951393,0.12904932229147342,-0.03899428096025892,-1.0123511160661616,0.24218561017391893,0.13478808006058135,-0.23515236050804608,-0.4755246859554064,-0.08342583905723805,360.0,0.9202638663738658,360.0,0.9202638663738658
IMFA,1.9017003400590633,0.4244498915898055,0.38592111159322273,-2.2378574612008437,1.7341523031987134,0.28736588577905875,0.07343310556372573,-1.0778544331895863,0.2542742153379779,2.253063223350952,1.2840688387174377,1.582775663934089,-0.2120515061008785,2.07200208735386,1.0954095845683338,0.93479846167388,-0.05910519585163151,1.0107762344361106,361.0,0.9112050395257427,361.0,0.9112050395257427
HONAUT,-0.42886938750169784,-0.015266768796281752,0.6331580910638863,-0.10821061047213337,-0.3255717976940766,-0.07798584882326536,0.2468684449630496,-0.045917930560489484,-0.05065178302869547,-0.32656258503328495,0.054870577713531224,0.5399226831422834,2.1452567391406356,-0.21041535911810078,0.07309414657670789,0.1824804734577836,1.1674718076576902,0.3031577671435202,362.0,0.9068996995668662,362.0,0.9068996995668662
CERA,-0.5807272183002875,0.12684144911163106,0.6102106375836515,-0.5106284762506608,-0.4597815706548386,0.04008901299414634,0.23077093644625846,-0.2409125536665994,-0.10745854372025829,-0.5739960329835359,-0.04106315205777493,1.0360539245387057,1.1982570352975899,-0.42934107175705777,-0.006693253129848826,0.5403913816043135,0.6747199321196602,0.1947692472092668,363.0,0.9059989942473222,363.0,0.9059989942473222
JSL,-0.2898952020387114,0.08054479695145134,0.6601214341159606,1.5771002524604054,-0.20274840570758018,0.0016220552988193227,0.26578307724657413,0.7707122056249265,0.20884223311568495,-0.41934862728246475,-0.4149871589414061,-0.771332942726287,-0.12626848492084108,-0.2925111735305251,-0.317683186161985,-0.763464173256921,-0.014469759954190413,-0.34703207322590535,364.0,0.9058700725672364,364.0,0.9058700725672364
JSWENERGY,0.23417633494174603,0.4678183002642597,0.43244546023341274,-2.5447222510553233,0.26041850260043675,0.32339982482117297,0.10606967236703949,-1.2265480900341892,-0.134165022561385,0.43278391411464995,0.4131555108124433,1.3128935265437445,-1.0814943128676475,0.46144398262814196,0.3710771733405658,0.7401044919612898,-0.5115019304744545,0.2652809293638858,365.0,0.904350839858797,365.0,0.904350839858797
AFFLE,-0.47987246735383615,-0.14698774174694626,0.2890750348438577,0.7519815957185525,-0.3706475881966673,-0.18743015759422718,0.005496131788683637,0.37089471447569927,-0.04542172488162789,-0.448427654239616,-0.718602629974989,-0.18772589136870252,1.5773683642477234,-0.3182398967576361,-0.5701980107414063,-0.3424478930400271,0.8719827376092537,-0.08972576573245394,366.0,0.9031404521566959,366.0,0.9031404521566959
BALKRISIND,-0.6068762917872121,-0.05871625997027242,-0.7813203654238053,0.5073365334343733,-0.4828917467804877,-0.11408715768444792,-0.7453801729387218,0.2523500976193277,-0.27250224494608244,-0.5233503592964178,0.03245305944428239,-0.18005380335528215,0.6961576212999686,-0.38453047603573204,0.05444965631409145,-0.33691322043901395,0.41346279872262703,-0.06338281035950688,367.0,0.9022660934993829,367.0,0.9022660934993829
DEEPAKFERT,-0.4524748439123298,-0.10116951962892062,1.3848497067891077,-1.4018527414625475,-0.3464339615274843,-0.14936071780425625,0.7741758517112348,-0.6727620178095618,-0.09859521135751688,-0.1411233275057315,0.0932006972124526,1.0521217687721103,1.8441177759072689,-0.04634125377070554,0.10497303393521078,0.5519827837207139,1.0107803236702646,0.40534872188887094,368.0,0.9005339398873771,368.0,0.9005339398873771
BLACKBUCK,0.6407165923713689,-0.36179956285775233,-0.06937539208684596,1.5198071259262198,0.6197129516394528,-0.36591298193617317,-0.24595481048403495,0.7429503874623783,0.18769888667040574,0.6783933542831468,-0.3878011875486371,-0.2587809907490665,0.4657108523492642,0.6787558382611545,-0.2950728074026401,-0.3937073039089904,0.29355454832790595,0.07088256881935749,369.0,0.8989919442854036,369.0,0.8989919442854036
V2RETAIL,0.6033620579742737,-0.037192877395017386,0.3613415408220683,-2.1050137677706737,0.5866995498667226,-0.09620381173282005,0.05619067602057279,-1.0134840159310843,-0.11669940044415225,0.5802051436489625,-0.13215260168361243,0.2588022611173413,0.08266601036323386,0.5918802595392558,-0.08245169954564492,-0.020320836256731714,0.0942450199956065,0.14583818593312142,370.0,0.8983698683210684,370.0,0.8983698683210684
NIVABUPA,-0.3706805774075338,0.02506476736742134,0.0402172103637723,-0.9436628093379682,-0.2741453618591511,-0.044475186107762944,-0.16907622119543908,-0.4507426177692622,-0.23460984673290386,-0.0968800646924083,0.2761373936415006,0.36900101535218477,1.2988103878072126,-0.007195423160015764,0.2571201812813694,0.05917695165478261,0.7270408070256204,0.25903562920043915,371.0,0.8943861975102767,371.0,0.8943861975102767
TRITURBINE,-0.11542448684184979,-0.009408358760624484,0.3666604538977791,-2.807538288567495,-0.04855368982276713,-0.07311821368144536,0.05992186338783661,-1.3538975904888524,-0.3539119076513071,-0.1593110977569014,0.34424257579917256,0.7933284924417073,0.16833672262840277,-0.06243354281463288,0.31376277616281345,0.3652883592919556,0.13882201825234242,0.18885990272311964,372.0,0.8914765315288948,372.0,0.8914765315288948
SFL,-0.002653134428919242,0.07839096182581569,0.48508046059052196,-1.3139717824125716,0.05111201410718814,-0.00016752301396842807,0.14299282670569685,-0.630178633856165,-0.10906032901431212,0.02925106546868806,0.19292160176563322,0.8537443766449545,1.6726096138312663,0.10440366655572474,0.18791019993147962,0.40887260107604034,0.9215395686942341,0.4056815090643697,373.0,0.8891529711720719,373.0,0.8891529711720719
CCAVENUE,0.1481478628441514,-0.6214716928482197,-1.2153101780904085,0.16685740210348274,0.1843877727548828,-0.5816693352128415,-1.0498215660378982,0.08736835715678654,-0.3399336928347676,0.2723690808234232,-0.47734852817256157,0.2718299913190753,1.304859094422652,0.3195111437695802,-0.3695486927461206,-0.010922583620057044,0.7301881274706445,0.16730699871851176,374.0,0.8887005404487788,374.0,0.8887005404487788
INDIANB,1.313041262214865,0.6884603783969555,0.18902793850202324,-0.1600760426550623,1.213903852570278,0.5067268925316883,-0.06468633908243385,-0.07104971833830086,0.39622367192030794,1.326852601386744,0.9109826336418296,0.7583557417232853,-0.08570790647946815,1.2525036640523546,0.7851164453321957,0.3400588878827744,0.0066351052519832854,0.596078525629827,375.0,0.8869117928150886,375.0,0.8869117928150886
KSB,0.052217182671147694,0.7173522184075347,1.2109231565400362,-0.8540580929493022,0.09960561342675242,0.5307325416568538,0.6521673627805546,-0.40732397414881766,0.2187953859288358,-0.010886778476520278,0.1790123819725736,0.9955542091829185,-2.0870458216947396,0.06889025411173398,0.17634200090616522,0.5111747375125869,-1.0347200369996141,-0.06957826111728199,376.0,0.884222436108183,376.0,0.884222436108183
IDBI,0.08685744617464161,-0.12023393019638103,-0.7779838074973114,1.529855943552227,0.13022018151096915,-0.16520095334110588,-0.743039596469757,0.7478196181111083,-0.0075501875471963575,-0.21124954491219525,-0.2874374669251757,-0.6845922651675729,0.4315305325472796,-0.10838796672550086,-0.21160101585955307,-0.7008891284141421,0.27576951986319903,-0.18627714778399923,377.0,0.8835168790425241,377.0,0.8835168790425241
INDIGO,-0.3757854532913038,-0.41699607386564036,0.7759610478538466,1.3878359932878555,-0.2786569779526427,-0.41177465345669634,0.34704390953602837,0.6790027761407007,0.0839037635668475,-0.28400144490907003,-0.34497471401436536,0.6912361341580924,2.688908976663859,-0.17275784753424375,-0.25945433442085425,0.29163855533027944,1.450350100642261,0.3274441185043606,378.0,0.8831213851970553,378.0,0.8831213851970553
PURVA,-0.7265762420889658,-0.3772370391065179,-0.35905806269503127,0.2801342538690653,-0.5886808461567317,-0.3787396706507114,-0.4491655615723228,0.1422575131686444,-0.3185821413027804,-1.1180991955004789,-0.6969700898640325,-0.7740706678255366,-1.001226807463839,-0.910756068758926,-0.5522063812215744,-0.7654391782450569,-0.4697363801031305,-0.674534502082172,379.0,0.8779372632536521,379.0,0.8779372632536521
IIFLCAPS,-0.27357356450480064,0.1808924002552111,-0.17002220890542988,-0.3875758226728572,-0.1883235765350937,0.08499886184971012,-0.3165579818695029,-0.1812864588852706,-0.15029228886003929,-0.4116295624557948,-0.08190359699284835,-1.2277546283248049,-0.28288523760917883,-0.28568145110583176,-0.04065996027233459,-1.092728461332277,-0.09596207543715783,-0.3787579870369003,380.0,0.8764805139592037,380.0,0.8764805139592037
KEI,0.5897029674944556,0.6263069791690246,-0.06957481105714147,-1.7407139957674482,0.5746278415951995,0.4550848824258693,-0.24609470176110002,-0.8369598037120721,-0.013335445363025833,1.2037846676357404,1.1223586096617404,1.2712279556693091,0.5012531952175501,1.1436148484025823,0.9609163389386315,0.7100467953966882,0.3120482775638195,0.7816565650754304,381.0,0.8734895424024629,381.0,0.8734895424024629
CAMS,-0.25455295473846484,-0.3458853028417361,0.052108417855208304,-0.9759973977395907,-0.17151343441143257,-0.3526901431730051,-0.16073460655688254,-0.466410587347272,-0.28783719287214804,-0.10134267564343283,-0.20407636626264727,0.20108307131697634,-1.593413518262886,-0.011143879970430056,-0.14227018222684432,-0.061959672748433274,-0.7778685909483514,-0.24831058147351476,382.0,0.8694151069560815,382.0,0.8694151069560815
SBFC,0.0391972508982374,-0.4403060097664053,-0.4368526607681313,0.5055687842618544,0.08809878445377377,-0.43114241065592507,-0.5037380310674983,0.25149352137618647,-0.1488220339733658,-0.2428959657409567,-0.5114574318852529,-0.9689303118830089,-1.8041613013382825,-0.1363882847496102,-0.3979168250033005,-0.9060116444526294,-0.8875268780148222,-0.5819609080550905,383.0,0.8670135822726567,383.0,0.8670135822726567
SAATVIKGL,,-0.4341909782178658,-0.33344497607155804,-1.237357414450847,0.0,-0.42606155385726474,-0.43119812651824163,-0.5930545619009917,-0.3625785605691245,,-1.246703958065575,-0.05187131786682228,-1.3837387641422987,0.0,-1.0094161236029984,-0.2444419024455632,-0.6687686324936462,-0.48065666463555196,384.0,0.8637277188700394,384.0,0.8637277188700394
CEATLTD,0.3758897909605348,0.10989321491756009,0.051783261051522915,0.4927047352523528,0.3856628226183624,0.026007065869801786,-0.16096270221120543,0.2452601490497033,0.12399183383166551,0.5802866930904497,0.7081274199033695,0.45873040474588056,1.2044506691173693,0.5919524133638127,0.6164032090211172,0.1239080642429343,0.6779426624634047,0.5025515872728172,385.0,0.8572727634764743,385.0,0.8572727634764743
PNB,0.5424060066685419,-0.11254596931147358,-0.4308678353668833,1.0339099532567633,0.5328274659359492,-0.15881318117347976,-0.49953970997923114,0.5075052342763869,0.09549495226490631,0.3339329469953347,-0.2175857509303651,-1.139912333895624,0.15647718047492085,0.37398200608082666,-0.15350584122647207,-1.029358706014446,0.13265114869933664,-0.1690578481151887,386.0,0.855915433139762,386.0,0.855915433139762
RENUKA,-1.2390487082835975,-1.2680092880060263,-0.6183953129451677,0.9779156127284963,-1.0415966620545971,-1.1188644273185526,-0.6310891723214859,0.4803727527046227,-0.5777943772475032,-1.9627331958592251,-2.449704739205908,-1.9541767185051482,-4.234492427291959,-1.6580766189086782,-2.009943304199001,-1.6167720375085342,-2.1520998400044764,-1.8592229501551725,387.0,0.8541921835980051,387.0,0.8541921835980051
SUNDARMFIN,-0.38102759865939984,-0.17515104748786425,-0.863247293093552,1.7583018212276607,-0.2832899108477043,-0.2108304822386139,-0.8028514482178811,0.8585147974399049,-0.1096142609660736,-0.41011262602169035,-0.3776938124271197,-1.3915164560496485,-0.11432318005247721,-0.2843392866061838,-0.28666657550977953,-1.2108668480941411,-0.008254265531252976,-0.44753174393533934,388.0,0.8509907960452786,388.0,0.8509907960452786
DEEPAKNTR,-0.2404995827643909,-0.07198609855864489,0.15911623601706862,-0.6402467039143015,-0.15909326580995198,-0.12511279983750595,-0.08566922879252782,-0.3037200470716355,-0.16839883537790531,0.06917136594243088,0.049436097489607735,1.1778377768327561,-0.06165248929140505,0.13972459952729543,0.0685743280847425,0.6426747757970401,0.019151848275413424,0.21753138792112287,389.0,0.8489850567892088,389.0,0.8489850567892088
JBMA,0.17929800027183052,0.38910126188139793,0.6869365769331454,-1.5685445717303588,0.21191781746762586,0.25799541987848906,0.2845937479055385,-0.7535338059980818,0.00024329481339288583,0.24131272559018113,0.193823089298835,0.6674270950551733,0.5942970292253152,0.2920329076712288,0.18865996069147,0.27446262667189225,0.3604617285168877,0.2789043058878697,390.0,0.8475188109529188,390.0,0.8475188109529188
COCHINSHIP,-0.394584181579881,-0.48778719896258693,-0.033441584300854754,0.5912387804595147,-0.2952710244084178,-0.4705935763647124,-0.22074744804732896,0.29300556654283527,-0.17340162056940597,-0.5147551972098197,-0.6785122964349397,-0.16958857981004685,-1.907975851530141,-0.3769255948014287,-0.5368551659030538,-0.3293635695593614,-0.9415446502565478,-0.5461722451300979,391.0,0.8460134852600464,391.0,0.8460134852600464
NHPC,-0.7601959344193194,-0.5803794957236817,-0.3951878092975032,-0.6948834089153536,-0.6183934480748497,-0.5475266545946258,-0.47451037397792334,-0.3301946760715897,-0.4926562881797471,-0.7211952378341177,-1.107966090562131,-0.8856398999798393,-2.0303017885689405,-0.5595809042807542,-0.8940288274421906,-0.8459256339843981,-1.0051944430264994,-0.8261824521834606,392.0,0.8449569746237456,392.0,0.8449569746237456
SAMMAANCAP,0.7319219700836139,-0.15419374881563883,0.2637824800297813,-2.3397261910392255,0.7003189564216219,-0.1934174840234596,-0.012246452018346954,-1.1272156973638403,-0.15814016924600624,0.8174496125151441,0.10287991779794699,0.9010762195961499,0.1321135071326371,0.8017909035788706,0.11302317275024266,0.4430179672239772,0.11997401090754282,0.3694515136151583,393.0,0.8445462087354628,393.0,0.8445462087354628
APLLTD,-0.5488356301625156,-0.4090004945968885,0.26442065866238235,0.2531527410718719,-0.43159624243817707,-0.4051312873572086,-0.01179877332570342,0.12918341689674337,-0.17983572155608643,-0.6142613515604081,-0.4163072251194029,0.4785406851848012,0.31559770129270837,-0.46496727200242133,-0.31878107579927956,0.1381992736466698,0.21544624858307215,-0.10752570639298972,394.0,0.8421467388919525,394.0,0.8421467388919525
LICHSGFIN,-0.42630643381537725,-0.19899095596963534,0.24608094693779603,-0.9046350624918624,-0.3233066959832123,-0.23063858300270154,-0.02466397712429944,-0.43183142760076865,-0.2526101709277455,-1.2415465589554906,-1.258138366298845,-1.0189585998106268,-2.8905002646993307,-1.0199805985938035,-1.018926039482332,-0.9421022359557809,-1.452781079778453,-1.1084474884525926,395.0,0.8402769428285829,395.0,0.8402769428285829
MAZDOCK,-0.6252541521710357,-0.5440331730993115,0.20203771774796622,-0.3686176445099577,-0.49913383621800156,-0.5173272257042815,-0.055560052699784784,-0.17210013014586123,-0.3110303111919822,-0.5798318964484359,-0.8353982029024198,-0.16142275982490334,-1.7240447793685647,-0.43450456351009586,-0.6673360568002021,-0.3234727168921968,-0.8458398887771729,-0.567788306494917,396.0,0.8349774579876661,396.0,0.8349774579876661
ICICIAMC,,,0.2796951121077488,-1.4954651182389298,0.0,0.0,-0.0010838308316310987,-0.7181226036082647,-0.17980160860997396,,,0.7257373416014211,-1.9948535705639787,0.0,0.0,0.31652785368092884,-0.9867496897329747,-0.16755545901301147,397.0,0.8330792183566308,397.0,0.8330792183566308
RITES,-0.7555194898115883,-0.589087952614016,-0.1170418200853535,0.06701227603823162,-0.6142604733986898,-0.5547623363807096,-0.279392539482239,0.038987645509181226,-0.3523569259381143,-0.6082493848748234,-0.6310382539205639,0.034844389366455376,0.070188567683411,-0.4596479665410679,-0.49737134290555046,-0.18188487128768852,0.08775263857515785,-0.26278788553978727,398.0,0.8329677951129258,398.0,0.8329677951129258
AADHARHFC,-0.3390053701306055,-0.3801158310385383,-0.33152150369669975,-0.38293158715501635,-0.2461512679440344,-0.3811316010019502,-0.4298488215523219,-0.1790360594089318,-0.3090419374768096,-0.1880498752424343,-0.33521425695499474,-0.06051031416126101,-0.5275372607070363,-0.08786121798754527,-0.2513366318091539,-0.2506741062481584,-0.22326173851669653,-0.2032834236403885,399.0,0.8327389671970056,399.0,0.8327389671970056
GPPL,0.3795088919013258,0.3899764170175995,-0.3240663896786227,0.21753790330255782,0.3888613321257835,0.2587225686901275,-0.42461910133508685,0.111925977656621,0.08372269428436128,0.049043602174167714,-0.11097323651747924,-0.8296243848993169,-2.0162151750893647,0.12191583089355132,-0.06483697239941834,-0.8055158347217346,-0.9978647625800621,-0.43657543470191595,400.0,0.8119581177489839,400.0,0.8119581177489839
TRENT,-1.4120293561298947,-0.60533190299589,-0.5861566947750747,-0.43556169757547103,-1.1944744777850762,-0.5682591082419368,-0.608473964450615,-0.2045383778152363,-0.6439364820732161,-1.290109292086837,-0.8775694955090151,-0.14011525612510692,-0.12831670280868937,-1.0629482371509522,-0.7024096204713498,-0.30810140510367723,-0.015535508128822428,-0.5222486927137004,401.0,0.8062741293329206,401.0,0.8062741293329206
AXISBANK,0.25422300804747994,-0.0028844991787391966,-0.7745392834949393,-0.7038165760462174,0.2781354647879682,-0.06769766988751456,-0.7406232824106727,-0.3345233098275903,-0.21617719933445234,0.012682684388527002,-0.3445854551319704,-1.252028471955941,-1.1238553143972931,0.08974419078437565,-0.259130590581091,-1.1102397016923349,-0.5335436089128901,-0.45329242760048505,402.0,0.8048680145140708,402.0,0.8048680145140708
SBIN,0.9708891459427847,0.27818104627909457,-1.7794633675230482,-0.4653415123062638,0.9115147192510724,0.1658340422832372,-1.4455718299828226,-0.21896841247179047,-0.14679787023007587,1.465293755172288,1.1093793727590178,0.24641866673125154,-0.5853795556758172,1.37499449341328,0.9501216000588619,-0.0292544069392967,-0.25335879051748006,0.5106257240038413,403.0,0.8034243392351457,403.0,0.8034243392351457
AMBER,-0.3494153328517832,0.33577493087222554,-0.014917816386909,-1.015900791295318,-0.25535144370047774,0.21368764332739779,-0.20775312987539588,-0.4857460787574275,-0.18379075225147584,-0.5022343823779681,-0.4094667881269459,1.0746258623116767,-1.7500684700017313,-0.36584734999422436,-0.31309193307767635,0.5682173198347679,-0.8593807825238933,-0.24252568644025654,404.0,0.8006863425131256,404.0,0.8006863425131256
TIMETECHNO,-0.506658605360209,-0.022583353687993787,0.022538449034824538,0.48698019285481287,-0.39432079280801835,-0.0840650521429782,-0.18147777203872428,0.24248627869704462,-0.10434433457316905,-0.26445049248039443,-0.09264429871344666,0.9209499683284539,0.9461644642193253,-0.1554594336428497,-0.049592925386410656,0.45735496288874194,0.5435487324836709,0.1989628340857881,405.0,0.7955169464006643,405.0,0.7955169464006643
ASTRAL,0.2925485033805717,0.6698817386381958,0.38968635702038285,0.5983480625411265,0.31200698791070436,0.49129027419556554,0.07607440388398268,0.2964504229916835,0.29395552224548405,0.0912618038554181,0.24075513879643987,0.8250508029625402,-0.4006048170690053,0.15926991525833487,0.227693011957588,0.38817295114926526,-0.1572150445046028,0.15448020846514632,406.0,0.7948390730861652,406.0,0.7948390730861652
BIOCON,0.1655129317003846,-0.051692950064982576,0.31365164096752673,-1.2961612517866716,0.19973477156546177,-0.1082516306559876,0.022736481648433515,-0.6215484064183292,-0.12683219596510537,0.3666786170969421,1.0368120045563218,1.0778771898505064,1.598282226350669,0.40295492474732797,0.8897678368283077,0.5705628395178844,0.8828648368687886,0.6865376094905772,407.0,0.7924528667254251,407.0,0.7924528667254251
BAJAJHLDNG,-1.5559412893467575,-0.47572233825841354,-0.016243550231335942,0.7694448993391703,-1.3216617804207653,-0.46056912611501105,-0.20868312465107078,0.3793566904396691,-0.40288933518679454,-1.6861477581866824,-1.121606589276243,0.660740103121249,0.47451534008244345,-1.4133576265912215,-0.9053735330602678,0.26963860601739165,0.2981357829640624,-0.4377391926675088,408.0,0.7916706167629426,408.0,0.7916706167629426
3MINDIA,0.6983976275920429,0.513126016306625,0.2175109044122705,0.26614456615886145,0.6706906233235413,0.36104509537429086,-0.04470569997933694,0.13547870408881915,0.2806271807018286,1.071945547072852,1.480196109594863,1.4809836436291752,1.8260730665905525,1.02696540726184,1.2585272387256072,0.8613653226382126,1.0013911292246196,1.03706227446257,409.0,0.7899709660255857,409.0,0.7899709660255857
POLYCAB,0.45545039293403805,0.4342527438600141,0.008933662987972992,-2.6764027669294452,0.4559773416084794,0.29551087868841625,-0.19102145231884543,-1.2903548808028276,-0.18247202820619435,0.8950707666820787,0.686785337265625,0.9992412229120834,0.8156023294907779,0.8704690335270544,0.5986531509128021,0.5138345628209869,0.47561340314759815,0.6146425376021104,410.0,0.7806420939704399,410.0,0.7806420939704399
GRSE,-0.5902497028282908,-0.8493974891729851,-0.04123854947607943,-1.5403664511946096,-0.46819740591209796,-0.771048297962973,-0.2262169749131927,-0.7398798843883219,-0.5513356407941464,-0.592195095669547,-0.655068767198014,-0.17676502894071933,-2.7914221677467,-0.4454433521920663,-0.5173573496269852,-0.3345406864415737,-1.4012278238481437,-0.6746423030271922,411.0,0.7806360883234823,411.0,0.7806360883234823
PRAJIND,-0.8968350429325472,0.11639464274416321,0.17242393326741737,-1.3683491394000051,-0.7391531325421162,0.03140897156915751,-0.07633395461882135,-0.6565275938128946,-0.3601514273511687,-1.1499873303569055,-0.22191079462337862,0.33834306428879324,-2.1948907722897313,-0.9389702520312457,-0.1571029492582918,0.03706019263729764,-1.0908349454386939,-0.5374619885227334,412.0,0.7790843242129942,412.0,0.7790843242129942
MANKIND,-0.4067017287956364,0.3221907679973071,0.7988988711220951,-0.8732918667345821,-0.30598033885150905,0.2024008354427153,0.3631346625137092,-0.4166438448332691,-0.039272171432088415,-0.25955455036178515,0.09621529710292746,0.9245384735092992,0.30714134412418087,-0.15112757137348048,0.10748025519086346,0.4599437237669117,0.21104615654703282,0.15683564103283187,413.0,0.7733741521608867,413.0,0.7733741521608867
SCHAEFFLER,-0.162242665785588,0.22567940069158193,0.721402675178565,-0.41665240643423956,-0.08993092492109558,0.12221148027243671,0.3087715204206492,-0.1953757376522436,0.03641908452993668,-0.13488541443351304,-0.023577807439144643,0.7157659140540462,-0.9343969965898817,-0.04082203405312771,0.007849183439846849,0.3093344290561194,-0.4349628585102957,-0.03965032001686429,414.0,0.7700358884082866,414.0,0.7700358884082866
TATACOMM,0.3089363905460137,-0.22065463981173933,0.38180417309394804,-1.8763462095488177,0.326490367557406,-0.2486385024568325,0.07054509654728904,-0.9026814196154301,-0.1885711144918919,0.33359097358055806,-0.06430575576138552,-0.03589472584140623,0.7476449708453646,0.37367943270542514,-0.02602396107106916,-0.23291633000870413,0.44025318519478673,0.13874808170510966,415.0,0.7687066750186395,415.0,0.7687066750186395
KFINTECH,-0.6239282562793597,-0.5329898601641948,-0.5318214222047383,0.46281755722325707,-0.4979620284445358,-0.5081515589622968,-0.5703580787939985,0.2307780906942323,-0.3364233938766497,-0.7510424116096753,-0.7410177705855231,-0.6868184875004274,-0.5295156907965091,-0.5859892732510906,-0.5888405235222058,-0.7024951334192803,-0.22429117404159946,-0.5254040260585441,416.0,0.7667792536931862,416.0,0.7667792536931862
BANKINDIA,1.095163079338958,0.38198482114451254,-0.6436968053802876,-0.6197831005342891,1.0213462392874837,0.25208251231402967,-0.648838025819007,-0.2938042531474301,0.08269661815876911,1.0642104863294397,0.6818718541316146,-0.4631397314260685,0.4473530019482718,1.0201215318699501,0.5945666419894102,-0.5411324534672388,0.28400241734071946,0.33938953443321024,417.0,0.7609679718887465,417.0,0.7609679718887465
HEROMOTOCO,0.6947681998099144,0.4886714194828875,0.472584758239822,1.2480660295867623,0.6674829871018506,0.3407262624223892,0.13422716235052407,0.6112761821915919,0.43842814851658896,1.0615077186846014,0.7095601003645783,0.49038579993929693,2.1101228836929473,1.0177301602197328,0.617594759155598,0.1467443831361445,1.149190626474132,0.7328149822464018,418.0,0.7575887136154013,418.0,0.7575887136154013
VAIBHAVGBL,-0.18063093344230977,-0.501789334826087,-0.5705169496898649,-0.9160696598943912,-0.10618221215713892,-0.4822276696041529,-0.5975027719421977,-0.437372148330358,-0.40582120050846193,-0.06981499544150764,0.20237160059946607,0.42344699521070955,0.5899852886265687,0.016751377979689,0.19576969664842092,0.09845448241709515,0.35821820271825877,0.16729843994086596,419.0,0.7574226177931338,419.0,0.7574226177931338
HDBFS,-0.6645937671849851,-0.5192254252212377,-0.7347360621546781,0.4890267356446486,-0.5339016237704822,-0.49671496663983467,-0.7127015483031187,0.24347794649788268,-0.3749600480538882,-1.0090950223742734,-1.0372442032565554,-1.544885271763749,-1.2082166941948715,-0.8143106751390916,-0.8352099375282518,-1.3215076776437784,-0.5774393228709194,-0.8871169032955103,420.0,0.7553823548439667,420.0,0.7553823548439667
ATUL,-0.2996888745262783,0.2956416881321022,-0.6057964369531711,-1.3347933219373587,-0.21140391299420622,0.18034173863175634,-0.622251132241882,-0.6402678684488441,-0.323395293763294,0.013497436678961286,0.5722399757733208,0.7477537757371413,-0.9310106429289945,0.09046507240844538,0.5033865896761507,0.332410590501704,-0.43320083882764354,0.12326535343966412,421.0,0.7464627018438699,421.0,0.7464627018438699
JUBLPHARMA,-0.450533080993815,-0.6435710959179877,0.6173345799416625,-0.47728694112081654,-0.3447178593082768,-0.6000312850150763,0.23576834162152055,-0.2247566604289935,-0.2334343657827065,-0.7623832882349066,-0.7488485164365157,-0.47561430648968817,-0.9651326022747864,-0.5960235249567389,-0.5953532990673978,-0.5501316579462703,-0.4509555006257828,-0.5481159956490474,422.0,0.7459501654577203,422.0,0.7459501654577203
BPCL,0.24690832933829024,-0.6140474822312316,-0.7797108346085659,1.2732367678861711,0.27167085664969376,-0.5755007078413247,-0.7442510961969966,0.6234728539732989,-0.10615202335383214,0.19690813271129243,-0.10537188023154352,-0.8145713918169728,0.3920891406329166,0.2527443344367483,-0.06017836427534996,-0.7946565499702624,0.2552470004149206,-0.08671089484848586,423.0,0.7412959684587043,423.0,0.7412959684587043
LICI,-0.6529481361274497,-0.7465080010125561,-0.9475740948929223,-0.46256921650506616,-0.5236093820599473,-0.6855594903777615,-0.862006221592989,-0.2176250755554551,-0.5722000423965382,-1.0853038063019824,-1.3276903102014939,-0.9179115986460551,-1.2461272112767767,-0.8817391593191144,-1.0767718958016648,-0.869206556476895,-0.5971652829941566,-0.8562207236479576,424.0,0.7395595896297209,424.0,0.7395595896297209
CENTURYPLY,-0.10796166282485756,-0.04443377736775428,-0.12961888989477166,-0.5663308851697161,-0.04195815298611194,-0.10222012997465905,-0.2882152826483933,-0.2679035775672415,-0.17507428579410145,0.039545239933576073,0.23587309954580676,0.526530958955171,-0.8203624725557944,0.11351181058162252,0.22363265468802346,0.17281963421700802,-0.37562733246329283,0.03358419175584029,425.0,0.739425368322064,425.0,0.739425368322064
FACT,-0.3270463068140237,-0.1904897646195509,0.3048418759639882,-1.3623632964222847,-0.23558201929810468,-0.22357511398787616,0.01655648144503235,-0.653627108286103,-0.2740569400317629,-0.1693176522883505,-0.06234818440201876,0.1848785172600829,-0.7500036205695266,-0.07128720467807885,-0.024395862915433608,-0.07364969783592436,-0.3390175466985846,-0.12708757803200535,426.0,0.7390800407292926,426.0,0.7390800407292926
ENRIN,-0.18018199627057396,-0.1289505839757229,0.6423658992342681,-1.3717551607784562,-0.10578544792327982,-0.1724434457575047,0.2533276701913028,-0.6581780072548961,-0.17076980768609445,0.2409547059162767,0.3306225887299394,2.000438031225245,0.6882279267637089,0.2917161367863804,0.3024351299336759,1.2361016345098834,0.40933674478688764,0.5598974115042068,427.0,0.7358626663499281,427.0,0.7358626663499281
CANFINHOME,0.28934418288042285,-0.18927644987418163,-0.7128541696218769,-0.14379921056844655,0.3091750554080673,-0.22256699515414805,-0.6973515247498006,-0.06316265613754397,-0.16847653015835634,0.25426169515621716,0.055202717312182466,-1.1093084766059327,-1.492440325448535,0.3034899779002893,0.0733703847150471,-1.007280970444901,-0.7253292607495948,-0.3389374671447899,428.0,0.7312811207764212,428.0,0.7312811207764212
CASTROLIND,-1.560029134549078,-0.5481762248900149,-0.27521725599359453,0.2825619647082601,-1.325274559383938,-0.5207696041598798,-0.3903517110030872,0.1434338788331846,-0.52324049892843,-1.541409664509131,-0.8159544584838422,0.2712833555108187,0.9716049072421845,-1.2852953513941632,-0.6511648330667411,-0.01131692870908602,0.5567861452971705,-0.3477477419682049,429.0,0.7309386441876659,429.0,0.7309386441876659
ONESOURCE,-0.3578662670518462,-0.20071132127741884,-0.0574997680440946,-2.267755842711434,-0.26282025814575377,-0.23206799995678395,-0.23762412754638101,-1.092341920276824,-0.4562135764814357,-0.3647448717051452,-0.3513671434319215,-0.13523585054464582,-2.294771558599483,-0.24419852137473566,-0.2647708724336091,-0.3045813839141173,-1.1428058643150323,-0.48908916050937357,430.0,0.7299031512461024,430.0,0.7299031512461024
TATASTEEL,0.8006397694985679,1.0506750578824513,-0.24160155890009907,-3.2111210400047443,0.7610507620146845,0.8076837890301178,-0.36677049007473883,-1.5494566677589063,-0.08687315169721072,0.7879779526379141,0.7764764330193185,0.33926716273977,-3.111546134977995,0.775714784142614,0.6732485963737314,0.03772684066952992,-1.5677977653357278,-0.020276886037463138,431.0,0.7294550614682553,431.0,0.7294550614682553
M&M,0.2731680937200258,0.055373360333249806,0.0159165710632337,0.7717037224356872,0.2948788598006815,-0.01929238542948419,-0.18612298189334492,0.38045122027003975,0.11747867818697304,0.6811664834678631,0.6441853446612246,0.5466248684370165,1.1988115387944729,0.6812094648344137,0.5632230405071471,0.18731545465883145,0.6750084566429232,0.5266891041608288,432.0,0.7260856944722208,432.0,0.7260856944722208
AAVAS,-1.0667702006748303,-1.1626933779115198,0.005297429440739564,-0.33679773478484587,-0.8893393877961645,-1.0313595545205425,-0.19357224953676105,-0.15668155201659545,-0.5677381859675159,-1.017848334739957,-0.9192678890991557,-0.42482730038809025,-0.983725546310628,-0.8220554855658289,-0.7370898773990125,-0.5134937243529246,-0.4606299577647399,-0.6333172612706265,433.0,0.7227070195657032,433.0,0.7227070195657032
ORKLAINDIA,,-0.7298527409498727,-0.36167027543853214,-1.2681670129478817,0.0,-0.6717209695702685,-0.45099801400206163,-0.6079835860767877,-0.43267564241227946,,-1.447287587309197,-0.8226289145058883,-2.806598698366725,0.0,-1.1762400992704125,-0.8004692765683374,-1.409124620327414,-0.8464584990415409,434.0,0.7207598437034105,434.0,0.7207598437034105
GPIL,0.5159086564911832,-0.628438356561143,-0.8702575387067765,-2.0714663451681052,0.5094094878661732,-0.5874577960586796,-0.8077690957712743,-0.9972283583600325,-0.4707614405809533,0.5035763940365215,-0.3001062537753905,-0.9336585682905844,-4.275079703610869,0.5240801954957365,-0.2221375556420144,-0.8805664784809318,-2.1732185969037268,-0.6879606088827341,435.0,0.718748255780897,435.0,0.718748255780897
ARE&M,-0.43326352450353084,-0.35220080012715027,0.09890468203315601,-0.4145323892956475,-0.3294552729569142,-0.3579375629229786,-0.12790729254544514,-0.1943484672995258,-0.25241214893121594,-0.19252365005259153,-0.3737270974080495,0.527254221088433,0.5578609693380828,-0.09181955242702174,-0.28336748688367236,0.17334139818860392,0.34150297195784085,0.03491433270893767,436.0,0.7186338171004483,436.0,0.7186338171004483
DOMS,-0.3207413106389537,-0.5541081788288977,-0.04788176917518446,0.3674747678958115,-0.23000975410292404,-0.5256983454526228,-0.23087715586866853,0.18457902039494717,-0.20050155875731707,-0.19363547596293249,-0.42475770085516057,-0.5315631468008404,-0.9641517777996644,-0.09280328070534564,-0.3258092762752411,-0.5904933577842963,-0.45044514872416275,-0.36488776587226146,437.0,0.7160709417031026,437.0,0.7160709417031026
ANURAS,0.3387267945109157,0.8365571068714548,-0.9247403674715922,-2.3522715006937287,0.3528186993366323,0.629777487406987,-0.8459884912617546,-1.1332946221230495,-0.24917173166029621,0.33464939459126736,0.5113048920433936,-0.5573889801656439,-2.1870276618264044,0.37461590906285025,0.4527073145838319,-0.6091242092646854,-1.086743537159849,-0.21713613069446308,438.0,0.714732390476203,438.0,0.714732390476203
LINDEINDIA,-0.33413709527527713,0.41077610783472396,-0.6381562543830234,-3.4763970741119747,-0.24184875644621923,0.2760046137064707,-0.6449513607063401,-1.677998178185512,-0.5721984204079001,0.01367524654295549,0.4925674959493338,0.7985638681367747,-2.719504053174133,0.09062239613129545,0.4371235557204923,0.3690651786356353,-1.3638067077728373,-0.11674889432135355,439.0,0.7143770658993887,439.0,0.7143770658993887
MGL,-0.27576418909449135,0.07766175328850838,0.5842825342913502,-0.021081410319483303,-0.19025961913018777,-0.0007734077301811888,0.21258251898496774,-0.003698817071494455,0.004462668763276081,-0.3143537510301344,-0.060412378218097036,1.2166997839169535,-0.6781138973725738,-0.19961315065852395,-0.022785866701180466,0.6707099710988982,-0.30161120349335013,0.03667493756146091,440.0,0.7126995504791269,440.0,0.7126995504791269
BANDHANBNK,-0.43148682958077667,0.08167868160135593,-0.6912832071241108,-3.166218287201312,-0.3278850554650047,0.002564177262808246,-0.6822196168532553,-1.5276986989808727,-0.6338097985090811,-0.41350644981900686,-0.367550110531725,0.3592763356335828,-2.526489102107221,-0.28734209523837795,-0.27823013089784404,0.05216153182408925,-1.2633753361904183,-0.4441965076256378,441.0,0.7094882717374112,441.0,0.7094882717374112
STYRENIX,-1.297482302283675,-0.14945266214716546,0.36254412737950525,-0.830997712859516,-1.0932394343949523,-0.1894782104087055,0.057034283672602396,-0.39614989241267956,-0.4054583133859338,-1.0416136323539094,-0.00876174077705461,1.174208731997962,-0.7937562637866662,-0.8430826941316552,0.020171600546585303,0.6400567694629302,-0.3617833373503681,-0.13615941536812692,442.0,0.7093896088211618,442.0,0.7093896088211618
GMRAIRPORT,-0.4166564336264145,-0.5486391896721585,-1.6049243589519882,-2.088567439297311,-0.31477816421358806,-0.5211542722915523,-1.3231337050115732,-1.0055148229730668,-0.7911452411224451,0.003970565062188152,-0.013698534603408561,-0.9867437357668011,-0.19949713772850142,0.0820358273924633,0.016065704286415315,-0.9188623141695819,-0.05257278772459643,-0.21833339255382492,443.0,0.708182504089284,443.0,0.708182504089284
BERGEPAINT,-0.6173382125151459,-0.2869892093038685,0.836852390728139,-0.15116419365986244,-0.49213784227813595,-0.3037545628916775,0.3897588413415134,-0.06673141444631125,-0.11821624456865285,-0.3152252034216429,0.33710921787860215,0.6217671003151338,1.8566674719254113,-0.20038419975242122,0.3078300131917993,0.24152333799219503,1.0173103006335906,0.34156986301629094,444.0,0.7013805048692272,444.0,0.7013805048692272
JSWCEMENT,-0.4923113874448296,0.07023188666259302,-0.08871108758580419,-1.8269894272152356,-0.38164092737786154,-0.0069467345658272475,-0.259518691253666,-0.8787652171122244,-0.3817178925773948,,0.11786717264270977,0.8778419954118296,0.6253483051844,0.0,0.12548796584912186,0.4262567121687939,0.37661862318601613,0.232090825300983,445.0,0.6977701241815066,445.0,0.6977701241815066
BDL,-0.7898414656126536,-1.1048230045868015,-0.26657850283117274,0.18113999202875727,-0.6445937433762857,-0.9832762245468599,-0.3842916746366852,0.0942890942221503,-0.47946813708442015,-0.8273378368441326,-0.8256839009152969,-1.2812853597852332,-0.6783448748729988,-0.6534944164680422,-0.6592567410333237,-1.1313457285231594,-0.3017313878989837,-0.6864570684808772,446.0,0.695475491975401,446.0,0.695475491975401
SUPREMEIND,-0.19788129722609907,0.8326272780763283,0.5003343391801107,1.1017209495398521,-0.12142783626975738,0.6265122716525307,0.1536933360550894,0.5403635658444689,0.29978533432058285,-0.5177225695700121,-0.29431423533483125,1.074634547701098,-0.32271381557563533,-0.379551085065586,-0.2173203751620486,0.5682235855067433,-0.1166860592075232,-0.036333483482103614,447.0,0.6915627195376,447.0,0.6915627195376
SARDAEN,-0.22700721978673,0.2539500882410741,0.4055254759854126,-0.9571062511462007,-0.14716890891368004,0.14570102630314266,0.08718545603875212,-0.45725673926228744,-0.09288479145851818,-0.3005541822682913,-0.32184395070584987,0.27172193840586556,-2.5530728475486013,-0.1874034819564,-0.2402166433395857,-0.01100053339033543,-1.2772076429714103,-0.42895707541443284,448.0,0.6907182584038747,448.0,0.6907182584038747
NAVA,-0.1460246062837146,0.43692941390309503,0.22901882105431015,-2.150404367835758,-0.07559763652783895,0.2977348700248806,-0.036632961698581094,-1.0354783747926821,-0.2124935257485554,-0.1411491309966764,-0.14470399543971027,0.2841256321075573,-2.408364013373853,-0.04636408434470626,-0.09289060432793027,-0.0020524629873335865,-1.2019113686883647,-0.3358046300870837,449.0,0.6893839971116522,449.0,0.6893839971116522
COALINDIA,-0.04080302789851012,-0.07683296108361563,-0.7383417507734651,-3.393080667810927,0.017395685392985298,-0.12913996048527907,-0.7152309184269023,-1.6376265828195908,-0.6161504440846968,-0.03178301774258394,-0.10956447735862519,-1.00022822206658,-3.239844410849139,0.05040154892375577,-0.06366531744171253,-0.9285900723407046,-1.6345551421408628,-0.6441022457498811,450.0,0.6872138869402208,450.0,0.6872138869402208
TENNIND,,0.2798328382465356,-0.36090887596579363,-2.311286190245208,0.0,0.16720648302718555,-0.45046389658865693,-1.1134348796925417,-0.3491730733135033,,,0.4553689736719311,-2.009445923688836,0.0,0.0,0.12148311546332716,-0.9943425214325065,-0.21821485149229483,451.0,0.6870129677325828,451.0,0.6870129677325828
APOLLOTYRE,-0.14493326222874756,-0.5563928050355521,-0.34630916020478253,0.912818745971778,-0.07463312230378509,-0.5275965954456665,-0.4402222787547638,0.44882957314409877,-0.14840560584002915,-0.01992446870673355,-0.012751999490694376,-1.0348004186673954,0.94912557898524,0.06089383006053864,0.016852930797408388,-0.9535305825314976,0.5450894878278031,-0.08267358346143686,452.0,0.683159708949183,452.0,0.683159708949183
BEL,0.05277082709998775,-0.3369206050348347,-1.1285041858094373,-1.8750830334394455,0.10009491643276049,-0.34524155595990913,-0.9889276545956104,-0.9020693380695795,-0.5340359080480847,-0.11032736888074612,-0.383677806673452,-0.743951871818995,-2.5584227780365576,-0.019093413010994213,-0.29164342089994655,-0.7437113676749341,-1.2799913695884733,-0.5836098927935871,453.0,0.6791538232027271,453.0,0.6791538232027271
CIPLA,-0.3294100972917342,-0.4293703778775573,0.4918817021179633,-0.7196071866177289,-0.23767110342153788,-0.4220562139308452,0.14776385907785267,-0.34217476971257926,-0.21353455699677742,-0.1992224126182938,-0.32463571371695676,0.4461947599055258,0.6466837500230508,-0.09774652543994437,-0.24253853274995438,0.11486480380163348,0.387720084376574,0.040574957497077194,454.0,0.6770482860559582,454.0,0.6770482860559582
CHOLAHLDNG,-0.541782449444365,-1.000029155110811,-1.093720262792956,0.12925892447450707,-0.425362742474058,-0.89620512142311,-0.9645269298054937,0.06914973020680779,-0.5542362658739635,-0.4862497698332576,-0.6574366373676107,-0.9712371104973107,-1.3764938095478612,-0.35170438459646625,-0.5193266903804952,-0.9076757774845103,-0.6649988689445028,-0.6109264303514936,455.0,0.6748164924914143,455.0,0.6748164924914143
COROMANDEL,-0.46640634708162587,0.38417090662436415,-0.06582038861240046,1.8865269746544309,-0.35874642422710773,0.2538988867978881,-0.24346099570164964,0.9206472661781016,0.14308468326180807,-0.27339379157021704,0.4076653242569852,0.26194054071092393,1.0849587960614768,-0.16337234171086645,0.366511024289464,-0.018056869778435698,0.6157675167681091,0.20021233239206776,456.0,0.6733761116575019,456.0,0.6733761116575019
MPHASIS,-1.075610845894779,-1.2672127791725079,-0.5725301710541163,-0.3299590550335921,-0.8971526232516981,-1.1182026241389855,-0.5989150353153487,-0.15336781797534135,-0.6919095251703434,-1.1159629422288737,-1.3816511816188228,-1.7686532743919776,0.9057613836840974,-0.9088659412368074,-1.121650768191512,-1.4829347403890796,0.5225258180831114,-0.7477314079335718,457.0,0.6727600873849402,457.0,0.6727600873849402
FIEMIND,0.26887783525102155,0.16518738893498414,-0.66826576501779,-1.755373575959951,0.29108719089536356,0.07194988362187581,-0.6660730117120625,-0.8440632142651813,-0.2867747878650011,0.8992137899575011,1.6834124346734,1.0746621289594491,1.7828537685336574,0.8741347235562941,1.4275408087660004,0.568243482728286,0.9789028537895285,0.9622054672100273,458.0,0.6708595068478119,458.0,0.6708595068478119
HDFCAMC,-0.8097528711300633,-0.4408874987946783,-0.9816751782296812,-1.0708018127326244,-0.6621911580092232,-0.43162555820131315,-0.8859279382191104,-0.5123487842874046,-0.6230233596792628,-0.8391475613587251,-0.6293773026400613,-0.36320954045074844,-2.224203664479655,-0.663943498339733,-0.4959899415566558,-0.46904244497963604,-1.1060873077630045,-0.6837657981597574,459.0,0.6659228625250158,459.0,0.6659228625250158
FORTIS,0.4399751070686704,-0.006731548040086802,-0.11022927660326026,-2.137246639829015,0.442300505902532,-0.07089410545890987,-0.2746135788529708,-1.0291026980849796,-0.23307746912358204,0.666347944057391,-0.39118931185003086,0.4637278688598521,0.2326287756362618,0.6680982249128071,-0.29789068625020737,0.12751325329417584,0.17227506958198,0.1674989653846889,460.0,0.665498024271549,460.0,0.665498024271549
BHARTIARTL,-0.061427100213869476,-0.5340124616016498,-0.4327079685853413,-0.2296828004762169,-0.0008315739351284633,-0.5090012179419066,-0.5008305529994238,-0.10477819975329906,-0.27886038615743947,0.26004140626128086,0.4027261944867432,-0.05365070170619915,0.9739503933131032,0.30860378681741585,0.36240318524140147,-0.24572555651278155,0.5580065708747112,0.24582199660518672,461.0,0.6627131552932446,461.0,0.6627131552932446
PAGEIND,-1.335917297115896,-0.7014073763934785,0.413663668321417,-1.2836700681836468,-1.1272077316046103,-0.648086287925618,0.09289435182333022,-0.6154957088470897,-0.5744738441384969,-1.0684557811533022,-0.48348780436817757,0.9157877841033342,0.6501543870908796,-0.8668322583209297,-0.37465468502742016,0.45363094414154115,0.3895259592016076,-0.09958251000130025,462.0,0.6589815255693787,462.0,0.6589815255693787
BHARTIHEXA,0.002490561785190942,-0.044907413202961335,0.12981214353266518,0.7024201827195276,0.055657939051884965,-0.1026136644698287,-0.10622588353205373,0.34687935663452957,0.048424436921133025,-0.020879590085488602,0.20933055265146852,0.6885521185122127,0.6462400106938285,0.06004875179713952,0.20155740750085516,0.28970229653997936,0.38748919371648516,0.2346994123886148,463.0,0.653052264205085,463.0,0.653052264205085
TRIDENT,-0.7453859679344023,-0.5852200624248577,-0.38934806413923545,-0.7727148244182388,-0.6053046120955354,-0.5515485841689569,-0.47041382585758085,-0.3679084776257004,-0.49879387493694344,-0.7009593432645621,-0.6419210332601144,-0.0010291986622908518,-1.161474646832733,-0.5416764630007803,-0.5064224729632779,-0.20776421005640738,-0.5531180570767346,-0.45224530077430003,464.0,0.6523643854316983,464.0,0.6523643854316983
ARVINDFASN,-0.40763662389786026,-0.031286215328646,0.040460393878290625,-1.3497143658211972,-0.306806585734872,-0.09129608494856829,-0.16890562933872288,-0.6474979732128312,-0.30362656830874857,-0.39203296828256695,0.049347255122344065,0.6298518579787993,-0.8943624199312311,-0.268342654026413,0.06850043852072116,0.24735571200154519,-0.4141316875449132,-0.09165454776226496,465.0,0.6495395444431449,465.0,0.6495395444431449
ULTRACEMCO,-0.885488396154978,-0.24004893791619972,-1.2044538326333276,-0.16266086575241503,-0.7291251288502731,-0.2647528349172802,-1.0422059012493363,-0.0723022139368478,-0.5270965197384344,-0.5590314151200453,-0.3484670110211185,-0.32115345319831284,-0.4353998467911279,-0.41610058362873875,-0.26235885296543776,-0.43870302845903497,-0.17531992467024543,-0.32312059743086424,466.0,0.6489574080017051,466.0,0.6489574080017051
LUPIN,0.47876065725910827,-0.09981489790924791,-1.0510625272397351,-2.720912498665339,0.47657861891022313,-0.14823518984591633,-0.9346027701610934,-1.3119224082474747,-0.47954543733606536,1.0656125193850388,1.0777637058617782,0.25041504523300523,-1.7347942638827403,1.0213620314401703,0.9238270751015523,-0.026371404742470628,-0.8514331626017917,0.2668461347993651,467.0,0.6438485097453034,467.0,0.6438485097453034
TIMKEN,0.36652702555720457,0.5271389533197547,-0.05247116209120264,-2.2951215834878638,0.3773881448328458,0.37268816307185043,-0.2340965889798909,-1.1056021971246124,-0.1474056195499518,0.539695503243928,0.8236823510102735,0.9119435007715215,-0.06750212206070708,0.5560378866996583,0.7125094221149799,0.45085766396150456,0.01610811182377033,0.43387827114997823,468.0,0.6374979439811613,468.0,0.6374979439811613
SRF,-0.8186756710715636,-0.41162446335539316,-0.5142392235016116,-1.1195752580401759,-0.670077000629426,-0.40731149025563923,-0.558024266085269,-0.5359823264188731,-0.5428487708473019,-0.8773149695773778,-0.7055695911394244,-0.9801831443312872,-0.7907411253602397,-0.6977134963455424,-0.5593585251773279,-0.9141294793010215,-0.36021447190236505,-0.6328539931815642,469.0,0.6362934127411176,469.0,0.6362934127411176
MRF,-0.5328240284749972,-0.5005401252044013,-0.5814126339881909,1.0314451259304982,-0.41744541850029193,-0.48118972643919744,-0.6051460327048631,0.5063108835370705,-0.2493675735268205,-0.38739721346807193,-0.42062583186173813,0.03597385977984288,1.4632286887274841,-0.2642410019062564,-0.3223728302650712,-0.18107006716400068,0.812592498142799,0.011227149701867695,470.0,0.6348120005731228,470.0,0.6348120005731228
ALKEM,0.33703107029566814,-0.4186025775751862,-0.2422957961488477,-1.0049724766041035,0.3513200425947598,-0.4131094650974749,-0.367257493568788,-0.4804506811480899,-0.22737439930489828,0.674524082198597,0.14115609110261856,-0.2624068322778985,-0.41008096142903705,0.6753323595216334,0.1448571934432514,-0.39632299936635973,-0.16214576189271368,0.06543019792645285,471.0,0.6323413028312368,471.0,0.6323413028312368
ASIANPAINT,-0.2157213550044854,-0.6528234379332829,0.2049985405981956,-3.114012557569506,-0.13719462347758796,-0.6077188700191423,-0.053483052256605774,-1.5024020174982071,-0.5751996408128858,0.12783225438724619,0.7938735439688848,-0.21583024767135514,0.8812256494316997,0.19162694706034863,0.6877176496293627,-0.3627224793749738,0.5097591519252352,0.2565953173099932,472.0,0.6317604074533836,472.0,0.6317604074533836
RELIANCE,-0.16837070866933035,-0.5513848735444014,-0.21618189446933542,-0.008124955636392511,-0.09534680133521141,-0.5234356058314568,-0.3489387395922446,0.0025793311236235014,-0.24128545390882233,-0.2515083303256232,0.0018264875498987042,-0.08739824518155369,-2.188708012890044,-0.14400838651767722,0.028977754625247976,-0.27007115889609834,-1.08761787337644,-0.3681799160412419,473.0,0.6257165085945787,473.0,0.6257165085945787
IGIL,-0.8072475856783398,-0.14269720523890173,-0.21553192323803175,-2.994592454298708,-0.6599770226570354,-0.18386523705150246,-0.34848278845846886,-1.444536102466001,-0.659215287658252,-0.6480777374536059,-0.511310327208706,0.9205195044111402,-0.6392122280810781,-0.49488754527942314,-0.39779447909165566,0.45704442463048506,-0.28136951764365564,-0.17925177934606235,474.0,0.6228670372199586,474.0,0.6228670372199586
RHIM,-0.8250487671375225,-0.6016832633993509,-1.069581198387628,-0.834734895885848,-0.6757094515315062,-0.5652275269405509,-0.9475935129805362,-0.39796077273800595,-0.6466228160476498,-0.6630507684550477,-0.14046643638128484,-0.25042935114558956,-0.2826506322123645,-0.5081354772365243,-0.08936625664353683,-0.38768240028353096,-0.0958400033300363,-0.2702560343734071,475.0,0.6209501968856274,475.0,0.6209501968856274
ITI,-0.21011897938001844,-0.5614234856261896,-0.256629829590386,-3.702557565766163,-0.13224332424825905,-0.5317764868293722,-0.37731273676184535,-1.7875859564176835,-0.7072296260642901,-0.1872459933991377,-0.7152461177813806,-0.3969537605472363,-2.5810066186986407,-0.08714995438563881,-0.5674064234587082,-0.49338564986517586,-1.2917424079445927,-0.6099211089135288,476.0,0.6173211814690842,476.0,0.6173211814690842
TIINDIA,0.019557182938891166,0.010616299355201394,1.0063696601085628,-2.536479186631028,0.07074117406321186,-0.056480127758087945,0.5086742447410643,-1.2225538507686307,-0.17490463993061062,0.035338408176129,-0.3367606522514816,1.3666194454958036,-0.9455852204477377,0.10978966368482758,-0.25262275776213483,0.7788625681288291,-0.4407844213550626,0.04881126317411483,477.0,0.6170781863603179,477.0,0.6170781863603179
ADVENZYMES,0.010516360769434305,0.28161586757902535,0.30248614769917437,-2.393136114622719,0.06275102509058017,0.16868796625981988,0.014903951422964808,-1.1530958801413644,-0.2266882343419999,0.13850083419092352,0.7692998068355944,1.2422233179269544,-0.22932579194397382,0.20106635978208884,0.667279847496456,0.6891227427093217,-0.06809351624204212,0.3723438584364561,478.0,0.6111766177675318,478.0,0.6111766177675318
PFIZER,-0.8280564761103387,-0.49896260753521543,-0.7716291814653983,0.012335821815825614,-0.6783676215860297,-0.4798789987167209,-0.738581862335647,0.012493755723124358,-0.4710836817288183,-0.57394193995095,-0.5273200684977808,0.2294532230045026,0.22673342919130995,-0.4292932109855826,-0.41110966688301,-0.04149334064211864,0.16920754695667412,-0.17817216788850926,479.0,0.6084102323207828,479.0,0.6084102323207828
IEX,-1.0370772499972416,-0.9058023577155069,-1.3077828610486002,-1.124083995424554,-0.8630971838346201,-0.8179139694704665,-1.1146906288631988,-0.538167069248942,-0.8334672128543068,-0.8888010832738442,-1.0957462094166162,-1.541529335985948,-1.3782639851875556,-0.70787625181487,-0.8838656393367343,-1.3190866931910892,-0.665919943537189,-0.8941871319699707,480.0,0.6019232314343586,480.0,0.6019232314343586
MAXHEALTH,-0.7739357827777925,-0.44886110268719975,-0.772943785854938,-1.366368561732889,-0.6305365290013232,-0.4382506654024063,-0.7395040498618164,-0.6555678899116163,-0.6159647835442905,-0.4721483472541896,-0.4528757474877301,0.4555667823332736,0.3881189688424643,-0.3392276397872267,-0.34919485537227574,0.12162581536148531,0.2531812029410517,-0.07840386921424135,481.0,0.590192928887508,481.0,0.590192928887508
TATAPOWER,-0.21365641147103082,-0.23533628366374504,-0.05057587942064657,-3.0563014101847554,-0.13536965599751577,-0.26083718522549104,-0.23276705893171887,-1.4744376441681624,-0.525852886080722,-0.11850509524185232,-0.11078685326410814,0.3626564265491685,-4.196845858710692,-0.026328952854950637,-0.06468195877521359,0.05459994188230303,-2.1325112200706893,-0.5422305474546376,482.0,0.5890542869798778,482.0,0.5890542869798778
IOB,-0.448700134921688,-0.7186148420088119,-0.5499259933035809,-0.6480050776945426,-0.34309792785728854,-0.6623836252272155,-0.5830583327767548,-0.30747942581658183,-0.4740048279194602,-0.4481696736757011,-0.8419106020836339,-0.31864225111685995,-1.1059264150364183,-0.3180116391018101,-0.6727523728108363,-0.43689143801175223,-0.5242146738028238,-0.48796753093180567,483.0,0.5845235553405094,483.0,0.5845235553405094
INDUSTOWER,0.5250869679849751,-0.09629644107611103,-1.5590664653406887,-2.613976117445064,0.5175211479318219,-0.14531177478590637,-1.2909646526325882,-1.2601055752347603,-0.5447152136803582,0.5791418821960267,0.6401437852104649,-0.8558101702791644,-2.1057110024287624,0.5909395004251028,0.5598617043003271,-0.8244063569139115,-1.0444320810230938,-0.17950930830289386,484.0,0.5837784878991004,484.0,0.5837784878991004
CIEINDIA,-0.045373024548244954,-0.07497346987817625,-0.8718922378503562,-2.525188371883559,0.013356787895457953,-0.12759494661933063,-0.8089158279526394,-1.2170828010129637,-0.5350591969223689,0.13654138920716458,0.0893652136851938,0.3401078788763144,-2.1337157962741653,0.19933266980201586,0.1017830896060699,0.038333336392470344,-1.0590038011993288,-0.1798886763496932,485.0,0.5790025954981167,485.0,0.5790025954981167
TEGA,-0.714197704464928,-0.9379894136960557,-0.6124134275919724,-1.8235239312094644,-0.577740872133846,-0.8446575473096829,-0.6268929136602592,-0.877085984789341,-0.7315943294732823,-0.910330353419347,-1.1668170318837754,-1.2577450719226495,-2.144560499942374,-0.7269250540210636,-0.942974736139067,-1.1143636780011767,-1.064646620358066,-0.9622275221298433,486.0,0.5765723446034833,486.0,0.5765723446034833
SUZLON,-1.3186895889245993,-1.0661645171136405,-0.17816365615842178,-3.1286919495119703,-1.1119821301797173,-0.9511556643592605,-0.3222691609598941,-1.5095150279847322,-0.9737304958709011,-1.290007105068949,-0.8379977575742155,-0.3404809155672928,-2.091660694451452,-1.062857823482554,-0.6694980879038822,-0.4526459311256344,-1.0371212914002346,-0.8055307834780763,487.0,0.5759370595678676,487.0,0.5759370595678676
IRB,-0.3529506223075423,-0.19091230625136735,-0.11530861037268367,-3.244641120294539,-0.25847588181942666,-0.22392619533646616,-0.2781767026951585,-1.5656990764053265,-0.5815694640640945,-0.35771649495856006,-0.3391224471509695,-0.0189565375461211,-2.0422719605597126,-0.23797991026662638,-0.25458704575676994,-0.22069705847470605,-1.0114228765466258,-0.43117172276118204,488.0,0.5715157261723874,488.0,0.5715157261723874
RECLTD,-0.9471632473779626,-0.5985563984958411,-0.9431734268311284,-2.1393903845751496,-0.783632477839104,-0.5626294777436855,-0.8589191778970376,-1.0301414658295467,-0.8088306498273434,-0.42246518276154255,-0.19968925593985745,-0.30298894381444513,-0.3743527521534164,-0.2952686589670662,-0.13862145382114557,-0.4255990843669079,-0.1435553208833518,-0.2507611295096179,489.0,0.5713553957166164,489.0,0.5713553957166164
NTPC,-0.046154303613463336,0.13516336830780956,-0.8136791820060201,-3.1800943312237244,0.012666304662485754,0.04700352837974621,-0.7680796993142364,-1.534422441151513,-0.5607080768558794,0.11969042443113496,-0.012564651636472059,-0.14483568724281742,-3.3342473338400347,0.18442316786197105,0.01700874667327015,-0.3115067415292319,-1.68367576717513,-0.44843764854228013,490.0,0.5702061165480345,490.0,0.5702061165480345
MFSL,0.16997209853745612,-0.2439627338721873,-1.5609189164590187,-1.636369571579573,0.20367571926404487,-0.26800472930796376,-1.2922641365897054,-0.7863989231001347,-0.5357480174334397,-0.014823486847650773,-0.2681030955357668,-0.7752552080918793,-2.297150976050014,0.06540710867306729,-0.1955207568953781,-0.7662937099638609,-1.144043945390115,-0.5101128258940717,491.0,0.569176289568035,491.0,0.569176289568035
KANSAINER,-1.0298707813822265,-1.0415722935506682,-0.4168399311151697,-1.447497521694163,-0.8567282102256608,-0.930722480116091,-0.48969921467724964,-0.6948795415949583,-0.74300736165349,-0.8284388965915523,-0.7838297891405063,-0.9288308556575801,0.7100256119000709,-0.6544686189934437,-0.6244469744006815,-0.8770837487744015,0.4206787232370836,-0.4338301547328608,492.0,0.5632638867596104,492.0,0.5632638867596104
CANBK,0.7971331364993145,-0.5648811575405682,-1.063843751247304,-2.0528205255560383,0.7579516500610131,-0.5346493969221915,-0.943568726339807,-0.9881933853209366,-0.4271149646304805,0.9984759299769616,0.3066877943868554,-1.2486937091246073,-0.8746736043827075,0.9619605002322007,0.2825287319681392,-1.1078339914813502,-0.40388701613763967,-0.06680794385466246,493.0,0.5627563213414551,493.0,0.5627563213414551
GICRE,-0.898848034467095,-1.198358267140716,-1.6466080046646954,-2.432865190856704,-0.7409321855906343,-1.06099279409997,-1.3523745461554133,-1.1723469047737134,-1.0816616076549326,-0.9198941441411824,-1.1216264287944815,-1.1325951322004715,-2.341318703975353,-0.7353869645535823,-0.9053900334462681,-1.0240800497128753,-1.1670257168575655,-0.9579706911425728,494.0,0.5580102764359411,494.0,0.5580102764359411
SBILIFE,-0.8000408778236942,-1.2310301679291988,-1.903937943766885,-1.4893235700915834,-0.6536078376115216,-1.0881392197444888,-1.5328900395146554,-0.7151466699628661,-0.997445941708383,-0.4152739667361022,-0.2535277962575636,-1.6488652288534236,-0.6526925062509947,-0.28890596990399836,-0.1833985843068115,-1.3965192023489248,-0.2883837039459796,-0.5393018651264286,495.0,0.5494825337752463,495.0,0.5494825337752463
POWERGRID,-0.5729711891395267,-0.26613337622390304,-1.6015807825053843,-2.703311731434671,-0.45292690331718016,-0.28642587039762574,-1.3207882050905424,-1.3033938232506759,-0.8408837005140061,-0.572281960530503,-0.4951769892198146,0.13570775582703995,-3.1871866041967287,-0.42782448401840056,-0.38437649680545394,-0.10912166656182624,-1.6071557323159211,-0.6321195949254005,496.0,0.5449257866063221,496.0,0.5449257866063221
CENTRALBK,-0.7696360001459501,-1.1400834578068821,-1.9992093460634834,-1.7942211343514287,-0.6267364427774814,-1.0125734263756678,-1.5997223880886302,-0.8628870927539852,-1.0254798374989413,-0.9333574451936947,-1.2907943230370025,-1.9769181266908913,-3.788851041491853,-0.7472991082100321,-1.0460857660902587,-1.6331777732839734,-1.9202194837812991,-1.3366955328413908,497.0,0.5445364757571508,497.0,0.5445364757571508
SHREECEM,-1.8313830942842262,-1.0301738711171717,-1.1703671022870787,-0.6877034896973718,-1.5650932973215288,-0.9212517600297714,-1.0182942531646841,-0.3267155918636008,-0.9578387255948964,-1.5802271657367373,-1.3662424014229764,-0.8851882864957307,0.4709854386701182,-1.3196405427557851,-1.108835395460698,-0.8455998383506185,0.2962990711527186,-0.7444441763535956,498.0,0.5412725155061275,498.0,0.5412725155061275
DMART,-1.1091577300913393,-0.871864961793822,-0.9865929177863624,-2.320358349469553,-0.9268008783853618,-0.7897160693568193,-0.8893777046372108,-1.1178308631195881,-0.9309313788747451,-0.9174408829059145,-0.9846095052015441,-0.44927040425314935,-2.6724661727746417,-0.7332163527439431,-0.7914340340773969,-0.5311270696702638,-1.339331511324387,-0.8487772419539978,499.0,0.5380510151116861,499.0,0.5380510151116861
TATACONSUM,-0.48318213362888335,-0.9790253856171032,-1.1001280555221142,-2.114747831924834,-0.3735726237843224,-0.8787535115364715,-0.9690219600762948,-1.0182007304023941,-0.8098872064498708,-0.28282291152355626,-0.5709908701123027,-0.9758128443843728,-0.7469902743896195,-0.1717150973990871,-0.44743036151491805,-0.9109767287939777,-0.3374496138093039,-0.4668929503793217,500.0,0.5268963311086455,500.0,0.5268963311086455
DRREDDY,-0.025944987972060976,-0.013978495548588774,-0.3430638917903205,-2.7181407793436696,0.030527007990470964,-0.07691544847665777,-0.43794574136092745,-1.3105793506686585,-0.4487283831289432,-9.548745272851154e-05,-0.10055864624704193,0.5163542102161227,-2.6821116635960216,0.07843824003380301,-0.05617523185552116,0.16547809012694037,-1.3443503446708307,-0.2891523115914021,501.0,0.5092569801162679,501.0,0.5092569801162679
ONGC,-0.2715986613554736,-0.45054798333295293,-1.6203200620495353,-2.894474691046319,-0.1865781854551815,-0.4396522606238653,-1.3339337034492307,-1.3960232824055454,-0.8390468579834558,-0.1770719680436782,-0.3747344827326239,-0.21904091532520445,-2.405119807965532,-0.07814811663976291,-0.28420532208242827,-0.3650386668670404,-1.200223312933866,-0.4819038546307744,502.0,0.508134227417728,502.0,0.508134227417728
ABBOTINDIA,-1.4584395562204033,-1.0849747452215615,-0.38513308441758604,-0.4471843069994282,-1.2354911470240295,-0.966784704799666,-0.46745704147948874,-0.2101702011930317,-0.719975773624054,-1.2962833857781448,-0.8756219821638278,-0.19993692740069113,1.4885720093409394,-1.0684109903577905,-0.7007898874944631,-0.3512569794892453,0.8257793753022784,-0.3236696205098052,503.0,0.5075940598937578,503.0,0.5075940598937578
CAMPUS,-0.9717614050258008,-1.0118589107693992,-1.635655796205844,-1.7935346743047549,-0.8053719767889338,-0.906034227616157,-1.3446916340146007,-0.8625544633419694,-0.9796630754404152,-0.9682238382033039,-1.079983664384918,-0.6661232997441036,-1.6750710732984897,-0.7781484133464718,-0.87075604291184,-0.6875655486116781,-0.8203574251394892,-0.7892068575023699,504.0,0.48737347696409433,504.0,0.48737347696409433
BRITANNIA,-0.8522438724469531,-0.8555301070435583,-1.873041087618913,-0.653383093694167,-0.6997440955800145,-0.7761437668831177,-1.5112160700952406,-0.3100853841799775,-0.8242973291845876,-0.6182888581574835,-0.650201829188048,-0.723730328692217,-0.8296094600923137,-0.4685307544629661,-0.5133095519517161,-0.7291234718507192,-0.38043881279766456,-0.5228506477657665,505.0,0.47803698796512284,505.0,0.47803698796512284
STLTECH,3.193387229854405,4.149931116084704,5.076624806394156,1.677978285476199,2.8757266514175437,3.3827933512803576,3.3639351537251496,0.8195934201543685,2.610512144144355,3.0586748666316725,3.741600154217595,5.4375398124680085,3.5611698663252946,2.784796192502222,3.139320874462109,3.715639541564822,1.9042131669082019,2.885992443859339,,3.940838270535778,,3.940838270535778
DIACABS,1.7273840529930045,2.5213864462905686,3.570507173094805,3.497969998202603,1.5800940686811422,2.029668319665153,2.3074021728343426,1.701484181621314,1.904662185700488,2.0097004665803326,2.8726212388141197,3.954851290891173,4.6074505005994535,1.8566780663003235,2.416597300332867,2.6460225713406444,2.4486238386175128,2.341980444147837,,3.0315841336139853,,3.0315841336139853
MTARTECH,2.7700099817234305,2.5768230310027294,2.3806155837853686,0.18159913815230347,2.5015519114676965,2.0757294636009616,1.4726999689726012,0.09451157695198216,1.5361232302483103,2.8981413134165948,2.8812598787457895,2.9248093746557196,0.4493716235982031,2.6427583118873867,2.423781995630259,1.9029465323652008,0.28505276571988875,1.8136349014006838,,2.55863328194496,,2.55863328194496
LOTUSDEV,0.11975519780654906,0.402115211912072,1.134110466047439,2.840657150330806,0.15929474259365542,0.26880844937243625,0.5982836958862194,1.382978265424976,0.6023412883193218,-0.16509062467888205,-0.17404520157767614,0.570925508322101,1.903684370924901,-0.06754718876910001,-0.1172934764729323,0.2048460259353596,1.041774579840821,0.26544498513353704,,1.8017650805397745,,1.8017650805397745
THANGAMAYL,1.667755628723207,1.189874275092105,1.1412466611047147,-0.23398221241414094,1.5273953224843024,0.9233416206396335,0.6032896962605496,-0.10686151235372622,0.7367912817576897,1.6648809464028322,1.8801147802243539,0.8473073822901196,0.6623803691196406,1.5515864959728531,1.591136748432941,0.4042289295975249,0.3958874982290419,0.9857099180580904,,1.7854239247540322,,1.7854239247540322
SPARC,0.97948735412983,1.5950022576260408,2.038783527149269,-0.7790178998845971,0.9191136923338844,1.2599543180633601,1.2329067192444172,-0.37096268055626397,0.7602530122713494,0.9803332816749677,1.4315613235670326,2.110536481367304,1.6336095726647168,0.9459081344684963,1.21807803361604,1.3155270626787654,0.9012466970566918,1.0951899819549984,,1.5455333203505057,,1.5455333203505057
BBOX,0.5252613115976534,0.8373751531194645,1.3825955171927975,-2.4401206305985683,0.5176752303163238,0.6304571855913426,0.7725945504894535,-1.1758625830232288,0.18621609584347276,0.4337241985632816,0.43221165648318416,1.2668830470512933,-0.018727289936385838,0.46227593337976947,0.38692603395635033,0.7069123622879996,0.041487095482138164,0.3994003562765644,,1.453265722410555,,1.453265722410555
KIRLPNU,0.0062682523084912675,0.8127742054762185,1.2592740255093426,-0.9454292949111643,0.05899660775788407,0.6100167526852318,0.6860852232393656,-0.4515985817257863,0.22587500048917375,-0.22680948922448707,0.28801060088273406,0.8106741669202561,-0.739925835529581,-0.12215519151022712,0.2669950431700231,0.37780159286208453,-0.3337737779206744,0.04721691665030153,,1.4186690031122857,,1.4186690031122857
HINDCOPPER,1.2023548685119854,0.7479924933938766,-1.0493459349806045,-0.5816647639071986,1.1160808052464193,0.556190930259012,-0.9333985904234586,-0.2753337245846598,0.11588485512432821,1.372999561159483,0.8145393308585658,-0.6928379323833732,-0.6423503993767034,1.2933338595576906,0.7049052373813264,-0.7068375831681193,-0.28300240072208077,0.25209977826220425,,1.3279408990358723,,1.3279408990358723
PARADEEP,-0.5237870932947425,0.32764679947421915,1.6028887026871892,2.0569777167459504,-0.4094587047929711,0.2069341423280729,0.9271289711710956,1.0032404635452004,0.43196121806284943,-0.7940794408237531,-0.2239982183937473,0.4168070822075563,1.5863326339935917,-0.6240678449583804,-0.15883904473920774,0.09366442467696254,0.8766471115390235,0.046851161629599486,,1.283479011148994,,1.283479011148994
DEVYANI,-0.04476971039278342,0.532437282586926,0.5559042075859015,2.2007148488769896,0.013889988293505903,0.37709043836102335,0.1926752836907896,1.072889378987912,0.4141362723333077,-0.27442544711123235,-0.3198198232590687,0.5306416507902696,1.218541705103576,-0.1642851363487204,-0.23853319096013234,0.1757851024742974,0.6852746440704741,0.11456035480897969,,1.1582555202674414,,1.1582555202674414
LXCHEM,-0.6793616952408579,0.09110878077042421,1.106600296509058,0.7543587698764961,-0.5469533067891097,0.010399457112941582,0.5789854679227598,0.37204659220878405,0.10361955261384394,-0.7882696188967181,-0.45287041883984847,0.8350548730467353,0.8978515080637158,-0.6189273943999849,-0.349190423573789,0.3953899242205798,0.5184100765138178,-0.013579454309844086,,1.1477415729339455,,1.1477415729339455
ELECTCAST,-1.1868539608179396,-0.27428128002280144,0.15846818788559816,0.9150655102464356,-0.995467692805714,-0.2931957998874172,-0.08612383088267353,0.449918259781054,-0.2312172659486877,-1.6645930225295713,-1.2504293345861701,-0.7461158819205922,-3.3599354322141597,-1.3942862928504973,-1.0125144927189988,-0.7452724925468952,-1.6970420423719312,-1.2122788301220806,,1.0704740872574345,,1.0704740872574345
GREAVESCOT,-0.08179572777070623,-0.13325160202491043,0.7038538802078219,-0.23735647731264414,-0.01883307484917134,-0.1760170752020812,0.2964611402408059,-0.10849653795297713,-0.0017213869408559505,-0.16970419613103113,0.017053822485489645,0.6207089363263325,0.8308239974012711,-0.07162921335526494,0.041642220625557724,0.240759974586307,0.48353368589032186,0.1735766669367304,,1.0486402568815192,,1.0486402568815192
HERITGFOOD,-0.8497462922755961,-0.8904995072731052,0.5777475922011774,2.5272808985348094,-0.6975367700441076,-0.8051991386323937,0.20799829415828266,1.231129430405817,-0.015902046028100414,-1.3504416279500886,-1.5943542197578908,-1.4848560392357086,0.13426897032120494,-1.1163294583781282,-1.2985543699096727,-1.2782023678048382,0.12109556197509841,-0.8929976585293852,,1.0437369426367789,,1.0437369426367789
SAPPHIRE,-0.5163468666286575,0.15178065367954569,0.43030524289592004,1.88880576610351,-0.4028831391709633,0.060810496779840316,0.10456832203865786,0.9217514718248636,0.1710617878680996,-0.7291934182289098,-0.39341627612390817,0.3646761333186711,1.3817972672248884,-0.5666575843223987,-0.29974283657393236,0.05605696579804706,0.7702213278981859,-0.0100305318000245,,1.025857976190721,,1.025857976190721
JLHL,0.18860561118269897,-0.15182437663299442,1.059669186326845,0.7789272127057147,0.2201437505037138,-0.19144882030239987,0.546063560203834,0.3839514171611238,0.23967747689156793,0.5980364953168417,0.40398012122493787,1.2242470311544156,4.093202027524132,0.6076571943212955,0.3634460671777296,0.676154583103503,2.1810451914731517,0.95707575901892,,1.0055933727666713,,1.0055933727666713
GSPL,,,,,0.0,0.0,0.0,0.0,0.0,,,,,0.0,0.0,0.0,0.0,0.0,,1.0,,1.0
CIGNITITEC,,,,,0.0,0.0,0.0,0.0,0.0,,,,,0.0,0.0,0.0,0.0,0.0,,1.0,,1.0
JBCHEPHARM,,,,,0.0,0.0,0.0,0.0,0.0,,,,,0.0,0.0,0.0,0.0,0.0,,1.0,,1.0
AKZOINDIA,,,,,0.0,0.0,0.0,0.0,0.0,,,,,0.0,0.0,0.0,0.0,0.0,,1.0,,1.0
EIEL,-0.5729132433091318,-0.24414716895527555,0.8219237991459188,0.16970294013553866,-0.45287569162331875,-0.2681579727112695,0.37928651898358934,0.08874718415051704,-0.06324999030012048,-0.510058928098384,-0.36425623954927305,0.6403184851108733,0.10467385907171943,-0.37277040046338555,-0.2754906418642661,0.2549063754339221,0.10569635275068075,-0.07191457853576219,,0.9651044243883201,,0.9651044243883201
ELLEN,-1.25328792206804,-0.6892471997931354,1.0496685038090567,1.5263749757146616,-1.0541810749827945,-0.6379826416136838,0.5390481381160418,0.7461328887950095,-0.10174567242135676,-1.605246685682637,-1.273131695085345,0.3545813636077765,0.21033948168115302,-1.3417774699958809,-1.031395884235289,0.04877456168137207,0.16067729256449248,-0.5409303749963265,,0.9581549914299357,,0.9581549914299357
WAKEFIT,,,-0.850508631546434,2.2394143483448308,0.0,0.0,-0.7939153493638678,1.0916415144044838,0.074431541260154,,,-1.176453118908809,-0.3934300306470915,0.0,0.0,-1.055719363149533,-0.15348179152507624,-0.30230028866865233,,0.897061007291806,,0.897061007291806
WESTLIFE,-0.5718882403252542,0.2497071059079419,0.7377821182135411,1.5722645979708572,-0.45196980868645015,0.14217561756849123,0.32026160684714206,0.7683690526368337,0.19470911709150424,-0.3277557303242571,-0.0001700791862081813,1.279249136831921,1.8371384351105313,-0.21147103766629938,0.027317224292545093,0.7158333050835965,1.0071487668137467,0.3847070646308972,,0.8965864114801678,,0.8965864114801678
THERMAX,-0.485556030361294,0.09863786472191849,-0.09754461939585236,-4.454175601637444,-0.37567063967071873,0.01665522163009607,-0.26571536373708876,-2.1517881653353554,-0.6941297367782667,-0.16091711896773195,0.1775447366674678,0.7112389506588741,-1.7501784835895202,-0.0638545282998493,0.17512137076007292,0.30606866095945257,-0.8594380258382234,-0.1105256306046368,,0.8677205136543126,,0.8677205136543126
INOXGREEN,0.36223543933753366,-1.1691677657395927,-0.12346690850074736,-0.30449287727847274,0.37359530248053086,-1.036738993228636,-0.2838997025788773,-0.1410279887689372,-0.2720178455239799,0.33149994356343054,-0.6641052677842739,-0.16051803997688718,-1.1106703909505526,0.3718293180970674,-0.5248729427968039,-0.3228200486556426,-0.5266831043838586,-0.2506366944348094,,0.8513340454714905,,0.8513340454714905
TANLA,-0.986881871361044,-0.620079553819735,0.03456033112211629,-0.4594306629774322,-0.8187352280828716,-0.5805126348767253,-0.17304448991202892,-0.21610426568525873,-0.4470991546392212,-0.3761081420502792,-0.6974987253585659,0.6151961108208889,0.08691341291704419,-0.2542525867358496,-0.5526460435968615,0.2367830019256998,0.09645506881194904,-0.11841513989876558,,0.8478317409782742,,0.8478317409782742
BORORENEW,-1.1023469663894512,-1.3645113577146841,0.12064553395589397,-0.5661083629677519,-0.9207816231035441,-1.1990460573023138,-0.11265620818046276,-0.26779575274981987,-0.6250699103340351,-1.1013602766838255,-1.1713756724616926,-0.14350126534996896,-0.12156311194294266,-0.8959457035431517,-0.9467661250361304,-0.3105440846520401,-0.012021415619386171,-0.5413193322126771,,0.8373836134845205,,0.8373836134845205
MAHSCOOTER,0.17246123661535676,0.46001097701373156,0.4217259196141943,0.9682549516536141,0.20587558379882878,0.3169128768631925,0.09854997539662902,0.4756916062510275,0.2742575105774195,0.1594143293523795,-0.17825671842193533,0.5835426458741263,0.69214987688897,0.21957033274904877,-0.12079616503330462,0.21394807551954775,0.41137745110616786,0.18102492358536493,,0.8359168698340432,,0.8359168698340432
GMDCLTD,0.7058956558280114,0.1265091964650846,0.3355471416055507,-2.1063304599691954,0.6773172731440394,0.03981295094856595,0.03809605121041482,-1.0141220291030413,-0.06472393845000526,0.7811082556488904,-0.034785680982929376,0.5056113250238381,-2.415856936243223,0.769636570702214,-0.0014723251518681457,0.15772813311060277,-1.2058101574442224,-0.06997944469581843,,0.8325398847325113,,0.8325398847325113
NUVOCO,-0.6348972331455478,-0.06617860447150806,0.1152072724177177,0.667659258327592,-0.5076562528851276,-0.12028746973387697,-0.11647111781750519,0.3300356875854127,-0.10359478821277426,-0.7130113663995133,-0.7999142654714602,-0.057525868301629396,0.22872874068996818,-0.5523399273602588,-0.6378243187940225,-0.2485211159931436,0.17024576637665548,-0.3171098989426923,,0.832464607608551,,0.832464607608551
JAIBALAJI,-1.3714225872379526,-0.8706698106677739,0.24029062611551527,0.1055022292778422,-1.1585867978083628,-0.7887230423092878,-0.028725854353156284,0.057638243714630326,-0.4795993626890442,-1.7910087864982722,-1.594568346548554,-0.7182715694223784,-2.752347646690074,-1.5061372226456093,-1.2987324576362236,-0.7251855027719687,-1.3808961981271775,-1.2277378452952448,,0.8317083181293822,,0.8317083181293822
IFBIND,-0.40921397754246996,-0.6778349213551109,0.010086927807564676,0.3728249688630909,-0.30820062826404965,-0.6285004088517139,-0.1902124435862868,0.1871715007738644,-0.23493549498204652,-0.3362280691877739,-0.6001560734285503,0.3179485187145575,0.646838561879918,-0.21896724660158884,-0.4716868533667803,0.022347492209150097,0.3878006375515299,-0.07012649255192228,,0.829744324152687,,0.829744324152687
OLECTRA,-0.05303944171819944,-0.028582577133387136,1.2073459736899006,-0.8555468691417647,0.006581318350086087,-0.08904968631653189,0.6496579892918677,-0.4080453719226887,0.03978606235068331,0.22360192568469495,-0.09325236114841375,1.370140586938901,0.9152026465311454,0.2763626354310177,-0.05009864658229156,0.7814027325580317,0.527438385591265,0.3837762767495057,,0.8082839944944888,,0.8082839944944888
ABREL,-0.9030132737573263,-0.5602910644673519,0.26474824133526886,1.1458073929008281,-0.74461336433874,-0.5308355808506939,-0.011568975937889303,0.5617259857028197,-0.1813229838561259,-1.124069365552821,-0.5962600088960347,-0.33662959195986303,-1.9746625690701791,-0.9160383931338729,-0.46844652424709105,-0.4498675720647907,-0.9762437161675281,-0.7026490514033207,,0.8055121602458342,,0.8055121602458342
CRAMC,,-0.6980288565419365,-0.2611570015117458,-0.22119244020129003,0.0,-0.6452791436908158,-0.38048852219807416,-0.1006641314113244,-0.28160794932505356,,-0.9395422710915682,-0.7292970297877268,-0.17019652497859358,0.0,-0.753951936485929,-0.733139310560788,-0.03732681475508057,-0.3811045154504493,,0.7969827979460445,,0.7969827979460445
CLEAN,-1.6197642253331388,-0.5553328225069368,0.4080593294121912,0.6615648580557586,-1.3780675759163048,-0.5267158772687893,0.08896293985206505,0.32708259979999627,-0.3721844783832582,-2.0698071113693937,-1.9115045346536614,-1.1358147808347625,-2.601099839939769,-1.7528141471300858,-1.5623260277194142,-1.02640271611737,-1.3021975035607656,-1.4109350986319087,,0.7947443399027718,,0.7947443399027718
GALLANTT,-0.3216136776724483,-0.18469709273438373,-0.3628160300192158,-1.1139422343959278,-0.23078073957590267,-0.2187620993539305,-0.4518017543446053,-0.5332528021709053,-0.3586493488613359,-0.2782767799611178,0.024349933856852295,-0.09104067295729101,-2.87311386419478,-0.1676927427000676,0.047710344482288905,-0.27269881973318444,-1.4437344228231173,-0.4591039101935201,,0.7914602125252307,,0.7914602125252307
NLCINDIA,0.29759615218110375,0.16963082714504915,-0.24237430613196856,-4.054877680238302,0.31646802752876374,0.07564184711541294,-0.3673125678768383,-1.9583053348957897,-0.48337700703211284,0.5918077495466079,0.3056340703818602,0.5513908430958887,-1.3349916362546344,0.6021460857064671,0.2816523572189517,0.19075364636302475,-0.6434040641666849,0.10778700628043969,,0.7889453264720055,,0.7889453264720055
BANCOINDIA,0.07107165935610171,-0.9338969795285572,-0.6179321448332111,-0.6836655022507729,0.1162689295157187,-0.8412572260197674,-0.6307642625168598,-0.32475895447938957,-0.42012787837507454,0.2247190303742728,-0.6498587832567086,0.23434510981382328,-0.36717054107903546,0.2773510343006294,-0.5130242430941669,-0.03796431544800673,-0.13981820463817315,-0.10336393221992934,,0.7847014975589808,,0.7847014975589808
SONATSOFTW,-0.5791475561038721,-0.782915099112581,-0.10965627624461036,0.26123535497865386,-0.45838548786068356,-0.7158094163892116,-0.2742116223499786,0.13309990864945434,-0.32882665448760484,-0.4454785180244187,-0.6490312953430845,-0.2949195090654476,0.9198995880941682,-0.31563054158383097,-0.5123360272906735,-0.41977776436473707,0.5298823428122437,-0.17946549760674946,,0.7734889137213635,,0.7734889137213635
COHANCE,-1.2493208626094403,-0.46182221043034966,1.4667869948102892,0.44284738486274317,-1.0506750447276498,-0.4490197893018047,0.8316543947181881,0.221101392505724,-0.11173476170138558,-1.3975350221088096,-1.5197877078807016,0.44473328766461506,-0.9833639261991407,-1.1579970460151006,-1.2365379331251154,0.11381049233456471,-0.46044179615556036,-0.685291570740303,,0.7723730968767747,,0.7723730968767747
JMFINANCIL,-0.39289289509709746,-0.23864093397228447,-0.36227506017286926,0.8763513608833906,-0.29377628967085234,-0.263582952741825,-0.4514222670643983,0.4311590256468636,-0.14440562095755305,-0.6611490408599614,-1.1068840693927917,-0.40619399245041443,-1.8329016981221564,-0.5064528548083587,-0.8931289181429815,-0.5000515872543283,-0.9024813540948995,-0.700528678575142,,0.7657658785272862,,0.7657658785272862
REFEX,-0.8551594998516113,-0.5062311639874485,0.5811237345535494,-1.7611897970076036,-0.7023208852652059,-0.485918296171465,0.21036663887757873,-0.8468815082017458,-0.4561885126902095,-0.8867014035538385,-0.5176149817738018,0.6027751362926713,0.5528270735126124,-0.7060184840683355,-0.4030380153848472,0.2278224650706802,0.33888368749640163,-0.1355875867215252,,0.7633481996321919,,0.7633481996321919
POWERMECH,-0.7696748824130787,0.01748578223820063,0.3486136727773172,-1.283222789952856,-0.626770806367532,-0.05077241251045309,0.047262148747276474,-0.6152789767945307,-0.3113900117313098,-0.6308711249131136,-0.11508698116238048,0.5702488916233263,-0.39802416777479055,-0.4796633710873912,-0.06825834451802446,0.20435791215231308,-0.15587225656637027,-0.12485901500486822,,0.7583018930730915,,0.7583018930730915
APTUS,-0.9327031456573047,-0.3571040723618433,0.5873828986832259,-0.8362466241469493,-0.7708528473207872,-0.36201159326469823,0.2147574070284869,-0.39869329211047966,-0.32920008141686957,-1.1161476854063617,-0.9199078875005018,-0.2380193151106023,-0.9555800729958808,-0.9090293994601065,-0.7376221595106482,-0.37872975449788804,-0.4459850379115803,-0.6178415878450558,,0.7544964829020148,,0.7544964829020148
TARC,-0.7842345766158634,-0.13155682440834196,-1.1070441192750047,0.5711891460074396,-0.639638455293227,-0.17460891854630473,-0.9738735395886237,0.2832903643963448,-0.3762076372579527,-1.0518013263504173,-0.6430957573112033,-1.4720745561392932,-1.0816804944259986,-0.8520966257031926,-0.5073994825889078,-1.268981758738532,-0.5115988062302712,-0.7850191683152259,,0.7505588445340319,,0.7505588445340319
OLAELEC,-0.43819857479363494,-0.5680564544751417,0.4288285205947114,-1.4837530007430553,-0.3338167996263111,-0.5372876873201611,0.10353240971657311,-0.7124474084166591,-0.3700048714116395,-0.38873018645768187,-0.8592075515580018,-0.25687073476433026,0.8373760308832469,-0.2654203980796368,-0.6871381224810038,-0.39232923819322335,0.48694290214849995,-0.214486214151341,,0.7461979940622743,,0.7461979940622743
FSL,-0.6943998940218985,-0.8776140616375011,-0.05133559091795268,-0.12413940164231749,-0.5602438511984995,-0.7944928808573111,-0.2332999922399277,-0.05363634690057166,-0.4104182677990775,-0.5378601928472497,-0.598376391372488,-0.6246371847985239,0.7712281534222879,-0.3973685772573066,-0.47020670447758217,-0.6576373122163016,0.452524210622542,-0.26817209583216206,,0.7424299954763064,,0.7424299954763064
SANDUMA,0.6250377689884998,-0.1261090047624656,-0.01215974552439403,-2.6911150823487997,0.6058562323946111,-0.17008243470629297,-0.20581835880210494,-1.2974838446093055,-0.2668821014307731,0.7867181994381058,0.5282432638145275,-0.6070311925058887,-0.4996917670548906,0.7746001718325083,0.4667948377323996,-0.6449362844145814,-0.20877290692921466,0.09692145455527792,,0.7409949492569176,,0.7409949492569176
TARIL,-0.9362829513316769,0.18125158736878566,-0.12549741264853523,-1.0468881036281001,-0.7740166282353084,0.08529730320254864,-0.2853240897266952,-0.5007612155176021,-0.36870115756926425,-1.1456123061251229,-0.9938932045263321,0.5890518070344639,-1.118079537375709,-0.9350992907457355,-0.7991552206772314,0.21792240470807495,-0.530538301784994,-0.5117176021249715,,0.734460219227037,,0.734460219227037
JPPOWER,-0.40596452391968885,0.05998599974718329,0.5346956452250978,-2.571771863736645,-0.3053288077549157,-0.015459836056676828,0.1777975974357115,-1.2396551846204504,-0.34566155774908286,-0.35997447778142483,-0.02248440389338812,0.41973353156953835,-0.6521158074539821,-0.23997774242196848,0.008758559380444704,0.09577557604458005,-0.2880836305534587,-0.10588180938760061,,0.7259823786117433,,0.7259823786117433
TSFINV,-0.5100290425318165,-1.343583104940685,-1.2134916270702922,-2.2040704358637626,-0.3972995368424956,-1.1816571927401596,-1.0485458628074829,-1.0614826742997694,-0.9222463166724768,-0.4313590712147542,-1.9344992158541348,-0.38406954044798597,-1.8139393150488612,-0.3031378491831853,-1.5814505402807486,-0.48409092594595016,-0.892614666928981,-0.8153234955847163,,0.7227598992867905,,0.7227598992867905
PINELABS,,-1.0811910658145276,-0.7980907905012254,0.7178248090620175,0.0,-0.9636409216341043,-0.7571445310513335,0.35434378493950314,-0.34161041693648364,,-1.518694189901072,-1.6142523325838314,-2.1424541250906146,0.0,-1.2356284620106803,-1.3715493312669043,-1.063550611399902,-0.9176821011693717,,0.7194179795807749,,0.7194179795807749
FORCEMOT,0.7040237212346124,1.002924768752831,-0.7573128883934973,-0.06756092431997203,0.6756628841971126,0.7680090335956722,-0.728539063911312,-0.026220817423408416,0.1722280091145161,0.8505400913797146,1.3965787634009565,0.17467829003602237,-1.2170337017895099,0.831068904297864,1.1889832875097104,-0.0810081793917097,-0.5820270719602382,0.3392542351139066,,0.7178410412541516,,0.7178410412541516
ANUP,-0.962898812334882,-0.6517493945738235,0.23869972345366916,-1.612254465879471,-0.7975393444733209,-0.6068264689805462,-0.029841863550887596,-0.7747137660854029,-0.5522303607725394,-0.9659301732752432,-0.5786811517289165,0.035773332897788966,-1.3146002147263256,-0.7761190101550663,-0.45382631395691597,-0.18121472799660965,-0.6327938061463445,-0.5109884645637341,,0.7143012943523365,,0.7143012943523365
LTM,-0.6825628522832592,-1.1531853165040793,-0.6421608861935272,0.8355195826530455,-0.5497824434731589,-1.0234594974136233,-0.6477605872173219,0.41137367841488875,-0.4524072124223038,-0.6218725345979559,-1.0209062617553082,-1.9201009155019768,0.328579604191635,-0.47170154210342935,-0.8216217879582323,-1.5921896274906526,0.2222011155334412,-0.6658279605047183,,0.696424281339751,,0.696424281339751
DATAMATICS,-0.5514953082176672,-0.18233530857396804,-0.4977778825689249,-1.0128770910564104,-0.4339468277590227,-0.21679974036801783,-0.5464767287478488,-0.4842809219177057,-0.42037605469814876,-0.1976065949803407,-0.017016372726081832,1.1291803757217223,0.9225373535618158,-0.09631687221070674,0.013306281953035314,0.6075731471016098,0.5312548499800265,0.26395435170599124,,0.6918730488696235,,0.6918730488696235
KAYNES,-0.9876586339925495,-1.102348563973217,-0.2793175843581068,1.3663593197360213,-0.8194217197565016,-0.9812202615784571,-0.39322806810415845,0.6685960913959492,-0.381318489510792,-0.9924724219287474,-1.2972893577563962,0.24660645509712872,-0.5871634991059063,-0.7996032268187614,-1.0514876402016855,-0.029118935719259678,-0.2542870288975586,-0.5336242079093163,,0.6911542894705743,,0.6911542894705743
JKTYRE,0.7087828792480245,-0.09809654192704058,-2.134154644447471,-0.7804865869117612,0.6798689597949629,-0.14680744240006677,-1.6943857498384733,-0.3716743439730177,-0.38324964410414875,0.8243148039260474,0.7027181229715662,-1.039086810496346,-1.2324440149095572,0.8078651305456994,0.6119043352938255,-0.9566228014126419,-0.5900455123691595,-0.03172471198556914,,0.6789735952581977,,0.6789735952581977
NCC,-1.1150693507119227,-0.7043757680823328,0.11127899581670252,0.09755431250142188,-0.9320254839071603,-0.6505526649138126,-0.11922678158192328,0.05378702047607325,-0.4120044774817057,-1.6212263568138343,-1.8963520504205407,-0.1915393358459493,-3.989781703032632,-1.3559160632989047,-1.5497238145151808,-0.34519892595659196,-2.0247696329793663,-1.318902109187511,,0.6766112677501661,,0.6766112677501661
MASTEK,-1.284954749446877,-1.0299069534115024,-0.24446039005094478,-0.025405083499347624,-1.0821677628641602,-0.9210299834733024,-0.3687759439190377,-0.0057938856403577455,-0.5944418939742145,-1.4324273805813323,-1.1698486876902605,-1.319690734343396,0.5239805546177637,-1.1888693250361115,-0.9454961426785747,-1.1590515074358736,0.323873992952151,-0.7423857455496022,,0.6752891688904525,,0.6752891688904525
HCLTECH,-0.7854443823821747,-1.1539480988998938,-0.9402456668026902,0.8259756127582051,-0.6407076642788251,-1.0240932779740195,-0.8568653708358968,0.40674907555591755,-0.528729309383206,-0.6535728029506618,-0.8875740279509652,-1.69711557383685,0.9419768333680776,-0.4997495036763436,-0.7107303188401715,-1.4313271792519613,0.5413697846470038,-0.5251093042803681,,0.6737832140842576,,0.6737832140842576
NATCOPHARM,0.05805164215251945,0.8020078942489339,0.053400440017769946,-1.4883563439589693,0.1047620250403374,0.6010712410944198,-0.15982826033490927,-0.7146779932185506,-0.042168246854675684,0.28325922425452643,0.9390533621936421,1.0004121202361493,-1.9193172604602955,0.3291465929424587,0.8084626703185155,0.5146792524708934,-0.947445919812281,0.17621064897989666,,0.6644513360307197,,0.6644513360307197
RELAXO,-1.5473534167495555,-1.4313857983732339,-1.3097488691569235,-0.18151376226958296,-1.314071941784027,-1.2546106858376727,-1.11606977240499,-0.08143752765785162,-0.9415474819211354,-1.1142072911976828,-1.0166571347948372,-0.6224932772051105,0.9670477033156654,-0.9073125653438842,-0.8180878193321067,-0.6560906893679176,0.5544148976897122,-0.456769044088549,,0.6636642469719447,,0.6636642469719447
THOMASCOOK,-0.6846945276146165,-0.8074204558178074,0.15420004810864632,0.25932967834571585,-0.5516663875591703,-0.7361704247063449,-0.08911790673817165,0.1321764986112768,-0.3111945550981025,-1.2594185600717624,-1.071092927737625,-1.1240035746168346,0.6935303566256001,-1.0357934994488678,-0.863361680571771,-1.0178820683712897,0.4120957554272846,-0.626235373241161,,0.6600707172533975,,0.6600707172533975
BLUEDART,-0.468398694867508,-0.9965127457565796,-1.015223546306466,0.7464491112216235,-0.36050723262662165,-0.8932834075721673,-0.9094619282239552,0.3682139072326312,-0.4487596652975283,-0.5002369464626502,-0.3962769713230238,-0.5806439016106125,-1.987259211534981,-0.36408004616026757,-0.302122056394058,-0.6259003954000683,-0.9827981207516311,-0.5687251546765062,,0.6541211683933532,,0.6541211683933532
JUBLFOOD,-1.2206944899880736,-1.0873004074124717,-0.7821828089483186,1.119539345860101,-1.025375467155655,-0.9687170507671855,-0.7459851721815817,0.5489976046640437,-0.5477700213600946,-1.3696197205704832,-1.1373262556674761,-0.6341464112893073,-0.28680256301129015,-1.1332979710378233,-0.9184474676253157,-0.6644973032934768,-0.09800037537658741,-0.7035607793333009,,0.6534104590201244,,0.6534104590201244
HBLENGINE,0.5932024805949533,-1.0541280933732209,-0.22386029498100188,-1.8291549596725925,0.577720661084462,-0.9411548418111456,-0.3543250940188195,-0.8798145422571938,-0.39939345425067424,0.6301490796099818,-0.2908731508387107,-0.4440610457302009,-3.0937248125777512,0.6360699673691325,-0.21445844969776703,-0.5273690192105477,-1.5585248056910186,-0.4160705768075502,,0.6533163223358199,,0.6533163223358199
CAPILLARY,,-1.0588230862857686,-1.3470432095588265,-0.9446107974738387,0.0,-0.9450558170506075,-1.1422315407582773,-0.45120197259662687,-0.6346223326013779,,,-1.1762416746561049,-0.5018976595283097,0.0,0.0,-1.0555668264854545,-0.20992069784097678,-0.31637188108160785,,0.6469966696247272,,0.6469966696247272
ATGL,0.0661898182372817,-0.12102189177790043,0.48951267394705184,-5.710830344973543,0.11195442834879284,-0.16585565478079053,0.1461019992470609,-2.7607097339075306,-0.6671272402731169,0.1842533181276027,0.021530258603406453,0.5525446692103072,-0.23055690648368565,0.2415475284915586,0.04536524065878823,0.1915860207793029,-0.0687341014460114,0.1024411721209096,,0.6446440240821053,,0.6446440240821053
LTTS,-0.39933183208245315,-0.16511525117678952,-0.019814796037374394,1.1232946499901617,-0.299466929833225,-0.2024919408079859,-0.21118833333698334,0.5508172657073558,-0.04058248456770963,-0.32892200960406215,-0.35493132322489146,-0.36016223756626825,-0.3188048246946195,-0.21250294553721386,-0.2677351753794619,-0.46684410943496835,-0.11465209596522757,-0.2654335815792179,,0.6422729854781842,,0.6422729854781842
SBICARD,-0.4607762227631778,-0.7086815600688955,-0.6185254058859762,2.1236331205394436,-0.3537706011000017,-0.6541302609269958,-0.6311804317819066,1.0355388440247861,-0.15088561244602955,-0.7982620361019584,-1.5869419861651033,-1.5927603164270547,-0.04915153849765354,-0.6277685477515837,-1.292389668028531,-1.3560449115111133,0.025656461660858162,-0.8126366664075925,,0.641015889764415,,0.641015889764415
PTC,-0.8393418517215205,-0.6238981338364693,-0.9117697216130498,-2.6956582224204677,-0.6883414746997519,-0.5836854162573686,-0.836889656728502,-1.299685257521924,-0.8521504513018866,0.06886715691735161,0.35391711544505283,0.6892666593390427,-0.932030127147412,0.1394554395646534,0.3218090218737111,0.2902177689289358,-0.43373130653388253,0.07943773095835445,,0.6398935752057818,,0.6398935752057818
HEXT,-1.2552534561560051,-1.3044097160530663,-0.7715891821907854,-1.0743956182050436,-1.0559181858206435,-1.149108811317049,-0.7385538030712802,-0.5140901899336359,-0.8644177475356521,-1.0834605448032317,-1.3817841441117127,-1.6513880409680097,1.2670655088130334,-0.8801082668891019,-1.1217613521497452,-1.398339168316948,0.710523010241069,-0.6724214442786814,,0.639147536688745,,0.639147536688745
SUBROS,-0.42213119819124534,-0.5145542261336837,-0.5617410861600907,-0.41651075139129834,-0.3196166826185697,-0.49283376121129313,-0.5913465534304392,-0.1953070976288789,-0.3997760237222952,-0.1565647164461302,-0.9376052849211931,0.32628260707877155,0.5019606264039108,-0.060003582392468044,-0.7523409588853477,0.02835973430584543,0.31241637487417634,-0.11789210802444851,,0.6385059220104412,,0.6385059220104412
ASHAPURMIN,0.06599858274871231,-0.7823500126208263,-0.9225477879284253,-2.5980597387964948,0.11178541716663669,-0.7153398973817179,-0.8444504091429578,-1.2523931734759877,-0.6750995157085067,0.7416964878033825,0.30345338670735933,-1.033674616707026,-0.6962009229802957,0.7347655804079926,0.27983869814006745,-0.9527184248433528,-0.3110224163532292,-0.06228414066213049,,0.6370601243852237,,0.6370601243852237
IXIGO,-1.0203812752288564,-1.5631881449289386,-0.9364435964783748,-0.2478381822276021,-0.8483415207829363,-1.3641226063014142,-0.8541982400590626,-0.1135755274144603,-0.7950594736394684,-1.0755502374217576,-1.9942892430492927,-1.5940676087502426,-0.77406490994424,-0.8731093356814238,-1.6311774800094363,-1.3569879970166505,-0.35153734519391583,-1.0532030394753567,,0.6358870768335197,,0.6358870768335197
NEWGEN,-1.2029234370008086,-1.3236243307748468,-0.9207742542075493,0.041321156204958444,-1.0096696653925716,-1.1650738484665486,-0.8432062852927359,0.026538818916029713,-0.7478527450589566,-0.9374731120197433,-1.1789591388615932,-1.0626183482624834,0.3193930726843625,-0.7509405936290057,-0.9530732400232419,-0.9735985395827625,0.21742109225410133,-0.6150478202452272,,0.6354511407732378,,0.6354511407732378
TATAINVEST,-0.006818771164647876,-0.8959583539608921,-0.7859666805875601,-1.5597587287782455,0.04743048410245202,-0.80973478461988,-0.7486395366840133,-0.7492765592881168,-0.5650550991223895,0.26165651812747787,-0.9176331804613896,0.32439702099338047,-1.927280490854338,0.3100328155895078,-0.7357303018691533,0.026999465546492015,-0.9515894234438896,-0.3375718610442608,,0.6341505643136998,,0.6341505643136998
VIPIND,-1.0989758159088683,-0.6173033374054924,-0.8001078479582941,-0.35890131623636934,-0.9178022486568244,-0.5782059324613917,-0.7585594854218471,-0.16739200972974055,-0.605489919067451,-1.437987720905566,-1.0766886619703602,-0.9269726176715487,0.09697871477861474,-1.1937890377026172,-0.8680156128742388,-0.8757432090348342,0.10169234222398733,-0.7089638793469257,,0.6288322273359671,,0.6288322273359671
REDTAPE,-0.30270714635072393,-0.5266057315201976,-0.6895468132160217,-2.243237063275469,-0.2140714183455106,-0.5028471147959994,-0.681001546371141,-1.08046116009763,-0.6195953099025702,0.05337307608141708,-0.02728924531081602,0.3912928248636026,1.1238511017855126,0.12574648987821255,0.004762406998870114,0.07525834528765402,0.6360043304774969,0.21044289316055842,,0.6285339327691661,,0.6285339327691661
MUTHOOTFIN,0.15209969451260416,-1.0337723821768747,-1.2646615221879356,-1.0053256197535747,0.18788034490748803,-0.9242416905375072,-1.0844412541270056,-0.4806217993344071,-0.575356099772858,0.054122509730593654,-0.5173890496384718,-2.0280259346791736,-3.271969246649359,0.1264095784666017,-0.40285010923722725,-1.6700471345420536,-1.6512706416575695,-0.8994395767425621,,0.6284961521419805,,0.6284961521419805
ACI,-0.8535713380493101,-1.118031788705634,-0.40610000662530976,-0.716512534108055,-0.7009172906412677,-0.9942511377684009,-0.48216521853714955,-0.3406752324129596,-0.6295022198399445,-0.9619918997111426,-1.265447337819554,-0.42233305380224495,-2.5944708486353694,-0.7726344798551805,-1.0250048590336707,-0.5116943656627349,-1.2987482438778823,-0.9020204871073672,,0.6242175800670596,,0.6242175800670596
ZEEL,-0.6426284525169618,-0.24347227305846136,-0.3028513954215058,-1.5825038397877214,-0.5144889936867759,-0.2675972152763328,-0.40973690314121036,-0.7602978750048506,-0.4880302467772924,-0.6035073613690027,-0.4557367398409529,0.2591208893374355,-0.04086219986661908,-0.45545228934397686,-0.35157432233335567,-0.020090976683095414,0.029969649026003367,-0.19928698483360616,,0.6227650688405634,,0.6227650688405634
GSFC,-0.9100634062713471,-0.6752196207859036,-0.28879641209504725,-0.6434710682686856,-0.7508441703437655,-0.6263274081775356,-0.39987741202181887,-0.3052824372275088,-0.5205828569426573,-1.0088590978632281,-0.9806527188321457,-0.3526443399921727,-2.230432815258186,-0.814101932375583,-0.7881432030384992,-0.46142067038580925,-1.1093285186278803,-0.7932485811069429,,0.6146454432889383,,0.6146454432889383
INDIACEM,-0.3018309481744509,-0.518473202782576,-1.024382409928017,-1.0712684330081845,-0.21329704696348945,-0.4960899601355768,-0.9158868191286926,-0.5125748886741731,-0.534462178725483,0.13711852133317076,-0.12679246562928512,-1.4989541137072904,0.3936189591687443,0.19984330837177844,-0.07799371256997271,-1.28837277074709,0.25604301011767217,-0.22762004120690302,,0.6141442380924251,,0.6141442380924251
NESCO,-0.5993582675762202,-0.4814481940461422,-0.38448439695467934,-0.919676231010436,-0.47624742480404014,-0.4653266245966301,-0.46700199090196515,-0.4391197396658421,-0.4619239449921194,-0.8268385032558714,-0.8951754950446827,-0.507766460080772,-3.399934524044881,-0.6530526129747787,-0.71705240487611,-0.573326340180475,-1.7178547495347967,-0.91532152689154,,0.6129459255265517,,0.6129459255265517
JKCEMENT,-1.0668504890834434,0.007319590681720441,-0.4476249996553076,0.9136069854142279,-0.8894103455402247,-0.059219296729482465,-0.5112947657235437,0.4492115205327927,-0.2526782218651145,-0.8989397208951112,-0.6747605458273709,-0.025621412048185663,-0.0027156281056597,-0.7168467789800991,-0.5337348616467823,-0.22550512353225516,0.04981843536065478,-0.3565670821996204,,0.6101433640334328,,0.6101433640334328
ESCORTS,-0.28769851325404056,-0.4138213776641508,-0.8254229942511238,0.6904969754442116,-0.2008070036639336,-0.4091368621957711,-0.7763179170231417,0.3411018762923775,-0.2612899766476172,-0.21405308925046176,-0.4102290122713303,-0.7605925909403106,-1.577087219180436,-0.11086850420842562,-0.3137258694691724,-0.7557160438492418,-0.7693735360282442,-0.487420988388771,,0.6093165056855612,,0.6093165056855612
SAMHI,-1.0337529528377216,-0.6865373193087552,-0.890712411561889,-0.6896765643803043,-0.8601592176810997,-0.6357310563890893,-0.82211807311112,-0.3276716601370963,-0.6614200018296013,-0.7821485949106946,-0.5836974327723018,-0.7431637860475636,0.5927297644787811,-0.6135115965386959,-0.4579983191692966,-0.7431428396915792,0.3596462344463137,-0.3637516302383146,,0.6073071203772362,,0.6073071203772362
SWSOLAR,-1.2414867584803517,-0.7753625676530959,-0.8563224326762248,-1.4814861186929074,-1.0437513758527108,-0.7095341698089734,-0.7979936978953224,-0.7113489735593014,-0.815657054279077,-1.1560312595045352,-0.9397273176694595,-0.06394520237776984,-0.9891051314763087,-0.944317837439546,-0.7541058384066583,-0.25315204728144675,-0.4634291145852209,-0.603751209428218,,0.6060721089933343,,0.6060721089933343
TORNTPOWER,-0.12286715717411276,-0.15233945765853474,-0.9537685635147822,-2.650762393413456,-0.055131415121896635,-0.19187679077314954,-0.8663516062119523,-1.277930643721858,-0.5978226139572141,0.020941918364371356,0.1954244853848861,-0.1113046873589238,-3.327554411984662,0.09705184744515645,0.18999183040935616,-0.287317354491788,-1.6801932425410875,-0.4201167297945907,,0.5991359746010709,,0.5991359746010709
DCMSHRIRAM,-1.2295797701696494,-1.1486802272954877,-0.9029732057872526,0.05070722980401404,-1.0332281503501335,-1.0197163093446246,-0.8307189507481707,0.03108691192962701,-0.7131441246283254,-1.3177942248464045,-0.9609216044154767,-1.4783719615734239,-3.8224960746648855,-1.087443485000259,-0.7717329757245868,-1.2735247302546024,-1.9377259868258858,-1.2676067944513334,,0.5944898064774358,,0.5944898064774358
SWIGGY,-0.7176497021382365,-1.079498656299076,-0.9818094638171245,0.8224173073751688,-0.5807916981700105,-0.9622347325859459,-0.8860221387973757,0.4050248717467272,-0.5060059244516513,-0.9011958707122566,-1.4635833861740544,-1.03413081344977,-0.05423700794023394,-0.7188429893171838,-1.1897931991099322,-0.9530475268568228,0.023010341925388686,-0.7096683433396376,,0.5910920045321328,,0.5910920045321328
HINDPETRO,-0.05187275285114907,-0.8577532751055611,-0.5657518861877997,-1.2568618152221116,0.007612421238486706,-0.7779909525391082,-0.59416010691082,-0.6025055669401079,-0.4917610512878874,0.12673084372784693,-0.22785853373688633,-0.43962874060133683,-0.1182968161854007,0.19065243405285254,-0.16204964151273704,-0.5241715379364613,-0.010321865604682616,-0.1264726527502571,,0.5909998320529734,,0.5909998320529734
ELECON,-0.5407570174913149,-0.3681103853743807,0.11487134473604131,-3.3788937252872127,-0.42445648042038686,-0.37115651751472756,-0.11670676918167372,-1.6307521924266897,-0.6357679898858695,-0.6158453765537634,-0.6506043449803539,0.7572303071917319,-3.1236745001365747,-0.46636879553685456,-0.5136443214690222,0.3392469952591331,-1.5741085114266162,-0.55371865829334,,0.5863550116471021,,0.5863550116471021
EMBDL,-1.242943278842235,-1.2040652176558717,-0.5429906821736736,0.01712949754174388,-1.0450386276595691,-1.0657345845706128,-0.5781932513385709,0.014816567583527143,-0.6685374739963065,,-1.1930823441894234,-0.12993062785237247,0.2869604850955781,0.0,-0.9648194092935876,-0.30075417668893484,0.20054546040535723,-0.2662570313942913,,0.5859625830573358,,0.5859625830573358
CSBBANK,-0.611382597737756,-0.6856938416215432,-1.1634974310277595,-2.0435543709621844,-0.4868743553515028,-0.6350302277330847,-1.0134752177235753,-0.9837033999690787,-0.7797708001943104,-0.7310038428742994,-0.622077846190457,-2.242040015782648,-2.1730286059551625,-0.5682594231560504,-0.48991903562217837,-1.824437682309808,-1.0794594155193429,-0.9905188891518449,,0.5841964089310006,,0.5841964089310006
BBTC,-0.9373728078404253,-0.6771901396724437,-1.4686144263989975,-0.6152365123216192,-0.774979827787348,-0.6279646727120018,-1.2275130601289088,-0.2916011694119874,-0.7305146825100615,-1.249109897189098,-1.1137606102964996,-1.924518168599863,-1.3578175830762556,-1.0266725362701312,-0.8988480882304009,-1.5953762501740534,-0.6552810774979894,-1.0440444880431436,,0.5813194458784058,,0.5813194458784058
WAAREERTL,-0.6278394856423349,-1.4376784556719509,-0.5757891747074269,-2.8375580113986407,-0.501418716861866,-1.2598391283017938,-0.601201207901366,-1.368443874431501,-0.9327257318741317,-0.5733718879776267,-0.88827682763955,-0.5597696853392163,-2.951503391753727,-0.4287888368375647,-0.7113148323350645,-0.6108416587611214,-1.4845228059350226,-0.8088670334671932,,0.5748521168166061,,0.5748521168166061
MAPMYINDIA,-1.3150515792745938,-1.350350815886483,-0.504166934024068,0.8485082412849848,-1.1087669094262753,-1.187280347730838,-0.5509586121211811,0.41766743127720035,-0.6073346095002734,-1.3801438358201286,-1.326451492609215,-1.3627808025452015,0.479995534607809,-1.1426095635084836,-1.075741580034371,-1.1901368416284874,0.3009872898016344,-0.7768751738424269,,0.5738232781606069,,0.5738232781606069
DBREALTY,-1.8705714522496142,-1.4668328960779444,-2.1759405510453753,-1.591720269640048,-1.5997274060637736,-1.284062966817117,-1.7236983264135155,-0.7647637658567926,-1.3430631162877997,-1.6423486424146325,-1.4673142877644603,-0.34060420104525974,-2.1576567126116912,-1.3746047711758125,-1.1928961633871387,-0.452734869724333,-1.071460966053279,-1.022924192585141,,0.5729663871799435,,0.5729663871799435
SOBHA,-0.967010053257624,-1.1981071083935886,-2.2110560161940214,-1.9820085114982449,-0.8011728002386677,-1.060784111345391,-1.748331626129682,-0.9538808878728654,-1.1410423563966516,-0.7930719204166314,-0.8001777673245688,-1.383683336671038,-2.84388274096768,-0.6231764047551475,-0.6380434714083064,-1.2052160068721134,-1.4285246073017555,-0.9737401225843306,,0.5713639865930357,,0.5713639865930357
DBL,-0.5884938940768818,-0.7987893992204977,-1.059749620879872,-1.5557356898870083,-0.4666456473188801,-0.7289990532679528,-0.9406967170985483,-0.7473271653395644,-0.7209171457562364,-0.31911797406870285,-0.5797491271536808,-0.5698376613846063,-1.2836189937141798,-0.2038284696969558,-0.45471454151041124,-0.6181047338286393,-0.6166733631322218,-0.473330277042057,,0.569868310086933,,0.569868310086933
ROUTE,-1.751789276682619,-1.0190083254668216,-0.39358255651883617,-0.35173486161724526,-1.494749422835662,-0.9119745325816344,-0.4733842982545996,-0.16391944989505314,-0.7610069258917372,-1.83731822983626,-1.4164672938375917,-1.18385651186023,-0.8865735081476731,-1.547111181375396,-1.1506070807256892,-1.0610601981414005,-0.41007888702747547,-1.0422143368174903,,0.5683399448701467,,0.5683399448701467
WHIRLPOOL,-1.6876480609341995,-1.6526522830881785,-1.079423480392743,0.05310258210157771,-1.4380623362511051,-1.4384565604265114,-0.9544978180067328,0.03224759801787052,-0.9496922791666197,-1.9821472444634773,-1.4618823515432502,-0.13178504809779742,-3.2388009651446326,-1.6752539021785933,-1.1883784607241088,-0.3020919622963424,-1.6340122065667217,-1.1999341329414417,,0.5660774711344301,,0.5660774711344301
JWL,-1.0300019485952563,-0.6855852605511906,-1.2196092897075328,-4.341418742848413,-0.856844133927376,-0.6349400099042595,-1.0528373684636838,-2.0971509758565547,-1.1604431220379685,-0.9870716572736166,-0.9949529945736981,-1.570625439759586,-3.3594916693807675,-0.7948247045101787,-0.8000366405106497,-1.3400767298109106,-1.6968111394819296,-1.157937303578417,,0.5641139433720005,,0.5641139433720005
JSLL,-0.13636444926082686,-0.5870457806339479,-1.0569585248431252,-1.7626193376348795,-0.067060128294058,-0.5530655367310919,-0.9387387790527685,-0.8475742029341014,-0.6016096617530049,0.1579355563623649,-0.49298370418475557,-0.6014703715841003,-1.164087437794691,0.21826193473999997,-0.38255235726475395,-0.6409246876835318,-0.55447756927264,-0.33992316987023147,,0.5637072108542865,,0.5637072108542865
HEMIPROP,-0.2592830021415126,-1.0895537105845234,-1.1771690023052126,-3.2736461486689943,-0.17569378246933845,-0.9705892750803856,-1.0230657474643274,-1.5797536824679004,-0.9372756218704879,-0.09870805408767773,-0.9616235580237511,-0.2247024040772994,-0.6104753563170308,-0.008812803042853104,-0.7723167855405125,-0.36912288574231295,-0.2664168757353567,-0.3541673375152588,,0.5632244431567803,,0.5632244431567803
KNRCON,-1.7020449502038417,-1.1263721927335912,-0.7260466697571617,-1.2596778977775105,-1.450786100511788,-1.001181011829172,-0.7066059888003948,-0.6038701210596508,-0.9406108055502513,-1.4909717900021167,-1.3996092029025302,0.07092602245603497,0.6984991869256014,-1.2406686135302405,-1.1365863265766356,-0.15585544804444898,0.41468118437686075,-0.5296073009436161,,0.5625708082361732,,0.5625708082361732
SUNTECK,-0.4198370770075306,-1.0874802306748792,-1.6849272928790389,-0.2030584175819616,-0.317589171217994,-0.9688664623013873,-1.3792553095882305,-0.09187715347928672,-0.6893970241467247,-0.5448660139037358,-1.217649633346591,-1.6908197199878217,-2.4311002150200833,-0.4035672314009477,-0.9852518486906824,-1.4267853270551085,-1.2137416849580809,-1.0073365230262048,,0.5617468223909857,,0.5617468223909857
MSUMI,-0.37890086440302195,-0.8678030320039397,-0.9933257130464789,-0.4022114104693394,-0.2814103336128963,-0.7863410935411126,-0.8941007223408916,-0.18837824374126919,-0.5375575983090424,0.040212293860101674,-0.4259573029199118,-0.489508490898742,-0.23447954726883585,0.11410201072409715,-0.32680697676762566,-0.5601549738451099,-0.07077516713600139,-0.21090877675615996,,0.5606612030989455,,0.5606612030989455
DALBHARAT,-1.6068781867690682,-1.0491646285585878,-1.827964652091763,-0.442677837816868,-1.3666790798410429,-0.9370307986646531,-1.4795952061318438,-0.20798655743732367,-0.997822910518716,-1.523465633822802,-1.4659209713465895,-1.7671209938372114,-1.5064880398324056,-1.269418719765889,-1.1917373520471086,-1.4818293475431301,-0.7326387008492954,-1.1689060300513558,,0.5590083097936748,,0.5590083097936748
NTPCGREEN,-1.0053097833124627,-0.8301941685167965,-0.6358936943297425,-2.7061183345254696,-0.8350215523780016,-0.7550926448255575,-0.6433641876564498,-1.3047537840238885,-0.8845580422209742,-0.9356686612324222,-0.7659637422333696,-0.48607192466832555,-2.844637532171051,-0.749344040382835,-0.6095879104494103,-0.5576758222863972,-1.42891734742574,-0.8363812801360956,,0.5560772816671793,,0.5560772816671793
AWL,-1.3620178663755946,-2.0898603461887864,-0.9175945819161866,-0.8046909858448561,-1.15027504038987,-1.8017239519683206,-0.8409757632073592,-0.3834027686997327,-1.0440943810663208,-1.4064436998366228,-1.8942892191057314,-1.1164284227180776,-1.776910774843045,-1.1658793215780408,-1.5480081724043795,-1.0124173258410654,-0.8733476253862993,-1.1499131113024461,,0.5548171529603091,,0.5548171529603091
HAPPSTMNDS,-1.5840036511889652,-1.138705347468583,-0.5304826591323281,-0.7985563496893606,-1.3464628933550113,-1.0114283821962438,-0.5694189440887619,-0.3804301843123082,-0.8269351009880813,-1.3789616435509542,-0.9198095060122626,-0.24818599442743805,0.38610488317721814,-1.1415635760433722,-0.7375403363276596,-0.3860640344696179,0.2521332147684928,-0.5032586830180392,,0.5540994169425906,,0.5540994169425906
EIHOTEL,-0.7792368740573742,-0.919302766157141,-0.6803050529071005,-0.28873963050734075,-0.6352215574475714,-0.8291311874800367,-0.6745185039101925,-0.13339463379626063,-0.5680664706585153,-0.8319590776734076,-0.9915656773554753,-0.4362336094812309,-1.1447806122138626,-0.6575832268136373,-0.7972194329084068,-0.521722277819212,-0.5444316585114941,-0.6302391490131876,,0.5517884458526292,,0.5517884458526292
CHAMBLFERT,-1.298769861006215,-0.1608809588305239,-0.3786347446536046,-2.46969524226716,-1.094377360328156,-0.19897375240874907,-0.4628984929771116,-1.1901931849826368,-0.7366106976741633,-0.8008573886036837,-0.5208534957828708,0.38699479230765316,-0.49105338671031823,-0.6300648799600884,-0.405731464417975,0.07215772874310131,-0.2042781028663146,-0.29197917962531916,,0.5514952514770752,,0.5514952514770752
ERIS,-1.3029189241224244,-0.7581121031216055,-0.6684673015522942,-0.6134143228613904,-1.0980442428056547,-0.6952011055722397,-0.6662143884484143,-0.2907182137153315,-0.6875444876354101,-1.2527819382126597,-0.8240756178479571,-0.7065183523629227,-0.3443918071535422,-1.0299215076787354,-0.6579191434621563,-0.716706688618776,-0.1279657575691624,-0.6331282743322075,,0.548971304326985,,0.548971304326985
WEBELSOLAR,-1.4031815049190672,-1.5731762544143892,0.1607649951700313,-4.400690691805481,-1.1866548737781502,-1.372421525707159,-0.08451263359429312,-2.125871647403501,-1.1923651701207758,-1.0751857900299018,-1.1035570053612003,0.043199772155541834,-2.785082224592717,-0.8727868776401104,-0.8903618226868711,-0.17585726731431903,-1.397928964442748,-0.8342337330210121,,0.5477756654521413,,0.5477756654521413
JIOFIN,-1.8382908196424381,-1.5896828927652902,-1.0145423621355403,-1.0116531425931294,-1.5711982459246108,-1.3861365597216984,-0.908984081389995,-0.4836878484247159,-1.087501683865255,-1.6580073073934458,-1.239992728882645,-1.0345000892433946,-0.5855556952776771,-1.3884593426489087,-1.0038344420962202,-0.9533139237768812,-0.2534504411471696,-0.8997645374172949,,0.5475151351289923,,0.5475151351289923
ITCHOTELS,-1.5750832474941048,-1.385727950990994,-1.128440753598778,-0.40254909787650117,-1.3385791685032227,-1.2166744981920583,-0.988883157259459,-0.18854187273065265,-0.9331696741713481,-1.3814671984599358,-1.2663396433727987,-0.8246996457503093,-0.645289942763395,-1.143780456576497,-1.0257469832063348,-0.8019631097285554,-0.2845319318414039,-0.8140056203381978,,0.5447416457763811,,0.5447416457763811
RAILTEL,-1.881974391019611,-2.2281927240538035,-2.891884805720662,-3.2734613830258352,-1.6098051598112013,-1.9166615441902577,-2.2259291620532866,-1.5796641528768594,-1.8330150047329012,-1.9368025914902236,-2.6170738255152997,-2.7669248908103103,-4.664476306710063,-1.6351335766980555,-2.149142981098072,-2.2030915678518026,-2.375833133874128,-2.0908003148805143,,0.5433579933083386,,0.5433579933083386
TECHNOE,-1.1405953003801221,-0.8478948095097674,-1.2013880920418263,-1.285761988811599,-0.9545849521384733,-0.7697997516353761,-1.0400553016054817,-0.6165093648228905,-0.8452373425505555,-1.0478270743217304,-1.0329654798640164,0.10552229880740781,-2.127206423715512,-0.8485802621525297,-0.8316513537603933,-0.1308975666327555,-1.0556167826777436,-0.7166864913058555,,0.5409981813664332,,0.5409981813664332
BLS,-1.067622605356759,-0.6794962785636891,-0.57466216924798,-1.6961063986056168,-0.8900927308291232,-0.6298807971622572,-0.6004106199610727,-0.8153448548344604,-0.7339322506967283,-1.0004473152193911,-0.7096277591002766,-0.6386125285285008,-2.2400879920917123,-0.8066593027508433,-0.562733674563688,-0.6677191767487133,-1.114352391892111,-0.7878661364888389,,0.5374520341294013,,0.5374520341294013
SURYAROSNI,-1.1866753903753502,-1.0298998104875872,-0.5661314164326976,-2.9510792788403903,-0.9953098748095567,-0.9210240485613975,-0.5944263452258856,-1.4234514639094358,-0.9835529331265689,-0.8953233568268857,-0.5351276089278298,-0.5776434311963704,-0.7880522386130546,-0.7136470697760412,-0.4176031426448973,-0.6237358449722308,-0.3588153648251316,-0.5284503555545752,,0.5370681712804908,,0.5370681712804908
IREDA,-1.4384807678556606,-1.6148798522142216,-1.0784901774027615,-3.4982142939361736,-1.2178518561101699,-1.4070722068570345,-0.9538431112505817,-1.6885698772044222,-1.316834262855552,-1.466520528888061,-1.6951474060125626,-1.4442543944114556,-5.310832403293881,-1.2190344738912369,-1.3823833449591165,-1.2489121914184655,-2.7121512737474887,-1.6406203210040768,,0.5361196898764238,,0.5361196898764238
GODFRYPHLP,-0.6442682226957993,-0.7073737138951639,-0.6163846287637816,-1.5909989922341203,-0.515938199053745,-0.6530435978295678,-0.6296786887677305,-0.7644142654297882,-0.6407686877702079,-0.27157293665533666,-0.7185295305009721,0.5141868628219599,-0.33977629917047547,-0.16176127431818121,-0.5701372144295602,0.16391455771980862,-0.12556417264153522,-0.17338702591736702,,0.5355457372252227,,0.5355457372252227
RCF,-1.0240698492621065,-1.1050412286607805,-0.8547077010574485,-2.1408665802588223,-0.8516014296131109,-0.9834575425435224,-0.7968609728194018,-1.030856767622651,-0.9156941781496715,-0.7041336505301445,-0.6147442934358065,-0.5579913434198793,-0.6987678454547052,-0.5444850464239575,-0.48381977203366483,-0.6095587563388642,-0.3123580618222753,-0.4875554091546904,,0.5345675125605249,,0.5345675125605249
BAJAJELEC,-1.7911323075369208,-1.3133375680332284,-0.3932387468323299,0.990777058738592,-1.529520229258857,-1.1565267840733255,-0.4731431177087296,0.4866048637280394,-0.6681463168282182,-1.7640658094379456,-1.4159430796399135,-0.4417310228509678,-1.0859306322858964,-1.4822984469974074,-1.1501710955115032,-0.5256881321082534,-0.5138102783070427,-0.9179919882310517,,0.5338731681711377,,0.5338731681711377
IOC,0.2541725883157451,-0.7828943717554028,-1.3652586221118104,-0.9972258269535647,0.27809090455216545,-0.7157921944447618,-1.1550095493927028,-0.4766969834189408,-0.5173519556760601,0.40833868519419914,0.09410590894293808,-0.39009050884251695,-0.7056397865713858,0.4398151801910997,0.10572589208355426,-0.4884344747616682,-0.3159337354577473,-0.06470678448619037,,0.5324484343572323,,0.5324484343572323
PFC,-0.5716661584024322,-0.24910219401531636,-1.1410032867156445,-3.2487808610887217,-0.4517735358680917,-0.2722750034353143,-0.9976957030182035,-1.567705019144367,-0.8223623153664942,0.07916731397888371,0.13084443885013688,0.820843446633147,-2.4318044689308627,0.1485688769098036,0.13628106571565154,0.3851377487691234,-1.214108129038246,-0.13603010941091687,,0.531631784262316,,0.531631784262316
RAMCOCEM,-1.5279323127606586,-0.6316856976848708,-2.043593294136548,-0.950868816181285,-1.296907848610233,-0.5901559465252953,-1.630857476029014,-0.45423434293358667,-0.9930389035245324,-1.510287754796241,-0.8778625359100851,-1.2878402920829544,-0.7325478020460694,-1.2577591135935664,-0.7026533400855677,-1.1360744808688354,-0.3299347695006831,-0.8566054260121632,,0.531468839035687,,0.531468839035687
SIGNATURE,-1.0402562690739041,-1.024750637143697,-1.8379822389121794,-0.8156191044000475,-0.8659067553020453,-0.9167457039307745,-1.4866224864920912,-0.38869807126987554,-0.9144932542486967,-1.2433235154692706,-0.8977180825895358,-0.5116055694430122,-2.756594259009842,-1.0215528252847799,-0.7191670568260937,-0.5760958878397713,-1.3831058357614414,-0.9249804014280215,,0.5298785811173813,,0.5298785811173813
SHARDACROP,-0.6852834390932664,0.3114990889764493,-1.3859464424257755,-2.719541486085489,-0.552186859078011,0.19351733425208067,-1.1695219380542483,-1.311258073723548,-0.7098623841509317,-0.5778861133996677,0.2543385363172362,0.18669363867358776,-2.2898403992584013,-0.4327829614222567,0.23899022691992117,-0.07234026255086709,-1.1402400366764023,-0.3515932584324012,,0.526217115630649,,0.526217115630649
AVANTIFEED,0.5301381369022643,0.8232248300647159,-1.674061967651489,-3.796038648186609,0.5219852985785868,0.618699966593326,-1.371633345541595,-1.8328829225423389,-0.5159577507280053,0.7867160809863984,1.1536271542606176,1.1279701123538155,-3.5602314074584114,0.7745982974555654,0.9869221647529752,0.6067000586424256,-1.801261945571269,0.14173964381992432,,0.5248753788884637,,0.5248753788884637
AFCONS,-1.8096824272259,-2.2297736154661316,-1.663449219621879,-1.368924729854633,-1.5459145589997767,-1.9179750750880973,-1.364188562967339,-0.6568065005248183,-1.3712211743950078,-2.260588042035469,-3.2772336075094874,-2.804733079201261,-3.5914803100822827,-1.9216144914246525,-2.6981931694075225,-2.2303665344600185,-1.8175216712226403,-2.1669239666287083,,0.5242547604458773,,0.5242547604458773
INDIASHLTR,-0.8959704435237581,-0.7501281815052122,-0.29770324007887283,-1.7048112837661524,-0.7383890119844512,-0.6885674255817724,-0.40612550135559705,-0.8195628728336781,-0.6631612029388747,-0.9129127992929649,-0.6418177578879158,-0.3455469617886956,-2.778679044356567,-0.7292099666224795,-0.5063365795718597,-0.4563005955622281,-1.3945972009184653,-0.7716110856687581,,0.5231443068415691,,0.5231443068415691
UPL,-0.9782715575541536,-1.1080211214771527,-1.6259145905388952,-1.8165669415149444,-0.8111255562268556,-0.9859334755873935,-1.3378582334665796,-0.8737149227694886,-1.0021580470125793,-1.1048453694170108,-0.8977561963100772,-1.9129161836362991,-2.102843650284948,-0.8990292656748925,-0.7191987557359807,-1.5870065354128466,-1.0429401131365583,-1.0620436674900695,,0.5230684976312077,,0.5230684976312077
BLUESTARCO,-0.3558437982767821,-0.12348794680356256,-1.3710406416225398,-1.3846607755937383,-0.26103282924798693,-0.1679046503327429,-1.1590656032985704,-0.6644315206072171,-0.5631086508716294,-0.40901631311513326,-0.5211004274942229,-0.4966149512956414,-2.7265593165126143,-0.2833692840203105,-0.4059368357633907,-0.5652816005965371,-1.3674777693669893,-0.6555163724368069,,0.522592250015372,,0.522592250015372
SKFINDIA,-1.4022614381658387,-1.2437213282475756,-0.9099624762914255,-1.0444959854244698,-1.1858417319769656,-1.0986840497547141,-0.8356218843814817,-0.4996020965340556,-0.9049374406618043,-1.6387656013545298,-1.868408786529877,-1.3519873926287618,-1.8320306369190587,-1.371434545711164,-1.5264836009795968,-1.1823504358897203,-0.9020281152609347,-1.245574174460354,,0.5219724545226081,,0.5219724545226081
BIRLACORPN,-1.6243737613361586,-1.3495486363810951,-1.2615180814734839,-1.9739269118801936,-1.382141417727204,-1.186613832903998,-1.0822361482874188,-0.9499648876014369,-1.1502390716300144,-1.6207198566293102,-1.366814452475687,-1.3074471816577102,-0.8691254500453984,-1.3554679188998056,-1.1093111662464683,-1.1502189633526998,-0.4010001478055915,-1.0039995490761413,,0.519775482971061,,0.519775482971061
TCS,-1.3460179113258444,-1.543581125721996,-1.3233488859568108,0.055228590039340775,-1.136134509583412,-1.347831528152709,-1.1256101070854045,0.033277771257676086,-0.8940745933909623,-1.2121338959359629,-1.402611960717085,-1.8643719130719736,-0.2785168002795511,-0.9939566787660594,-1.1390836988620976,-1.5519865195112357,-0.09368904865730875,-0.9446789864491754,,0.5178988636406178,,0.5178988636406178
EIDPARRY,-2.227316957174588,-1.7632458299955829,-1.7503218159053688,0.16608637219031436,-1.9150139669804453,-1.5303465155693667,-1.425129196739785,0.08699474877577955,-1.1958737326284543,-2.3723734041909825,-1.9457905472498331,-1.9659336872946023,-2.30549502468899,-2.0205206428574214,-1.5908414601734227,-1.6252535581735907,-1.148385599985941,-1.596250315297594,,0.516919033189611,,0.516919033189611
PRSMJOHNSN,-0.8715663571434392,-0.8453386345882633,-1.009286764391645,-1.5937585339276197,-0.7168210304375436,-0.7676758772734211,-0.9052973093690362,-0.7657514222466916,-0.7888864098316731,-1.015405806110313,-1.1961634891943853,-1.0955762356145045,-3.108107782441451,-0.819894369818077,-0.9673819756469526,-0.9973744811250682,-1.5660086891044813,-1.0876648789236447,,0.5161212951909887,,0.5161212951909887
NFL,-1.4808532516179111,-1.327658012402661,-1.0568032299723422,-2.0281643286051336,-1.2553000495659137,-1.168425353452194,-0.9386298405813517,-0.9762460384446484,-1.084650320511027,-1.5177037653373902,-1.5045037561410888,-1.3050878651939413,-2.7610087498339135,-1.2643206977533017,-1.223826379332187,-1.148516943750435,-1.3854028255326942,-1.2555167115921546,,0.5156353290016467,,0.5156353290016467
UCOBANK,-0.6194806498545183,-0.9831111433114637,-1.2164606906545408,-1.3914853096614344,-0.49403129767248577,-0.882148285479057,-1.050628644078856,-0.6677384002504225,-0.7736366568702052,-0.4074485825437883,-0.9365573896654141,-0.8278308849129108,-0.8892148852746389,-0.28198217756643046,-0.7514694318653646,-0.8042219972139643,-0.4114532734481193,-0.5622817200234698,,0.5154173937535025,,0.5154173937535025
GHCL,-1.4066321011898426,-2.005287344008905,-1.5930362972860181,-0.9194063262006372,-1.1897044612748544,-1.73145394441433,-1.314794297151746,-0.43898895524711495,-1.1687354145220115,-1.5845451742619374,-2.2018355122161473,-2.2369773153142343,-3.444700098141203,-1.3234610573280534,-1.8037922337055177,-1.8207854315117658,-1.7411475979971394,-1.672296580135619,,0.515301589629191,,0.515301589629191
BAJAJHFL,-2.2331774245117058,-2.0282401099908274,-1.121195927567464,-0.6347854784292853,-1.9201933639639417,-1.7505249363072766,-0.9838009528727196,-0.3010737689222099,-1.238898255516537,-2.3624018532026705,-2.365736171723781,-1.497236651710381,-0.908403097812129,-2.0116979516476587,-1.9401072447394703,-1.287133787325504,-0.42143746634459106,-1.4150941125143062,,0.5147107278633511,,0.5147107278633511
JAINREC,,-0.9966759739241584,-0.9081288142038042,-2.1380849996996996,0.0,-0.8934190305756454,-0.8343355808228831,-1.0295089317065789,-0.6893158857762769,,-0.37498459338017637,-0.8172740655737532,-2.0424195260914733,0.0,-0.2844133373264379,-0.7966062687906099,-1.0114996592449146,-0.5231298163404906,,0.5131543523665081,,0.5131543523665081
ASHOKA,-2.0267144367001713,-2.635517361415188,-2.4233302386020092,-1.531124360702927,-1.7377243363657682,-2.2550993979563123,-1.8972407896693757,-0.7354015594793327,-1.6563665208676972,-2.312037620055979,-2.6305886721831464,-2.3470588218096844,-3.6006649490584444,-1.9671363706468117,-2.1603831828043005,-1.900198636471466,-1.8223007097622272,-1.9625047249212013,,0.5122328926856579,,0.5122328926856579
CROMPTON,-1.444011980841604,-0.5657266046605202,-1.0581773166752868,-2.461830995523953,-1.2227402628201647,-0.5353518619402733,-0.9395937546131423,-1.1863825046920429,-0.9710170960164057,-1.3700523270135496,-0.6859588542100576,0.19418693794478117,-2.135122974932148,-1.133680735270489,-0.5430484149621455,-0.06693456880818333,-1.0597359977566498,-0.7008499291993668,,0.5114302958352124,,0.5114302958352124
GMRP&UI,-0.6226554794396731,-1.0099030047598938,-1.284900965448372,-2.3460773889494067,-0.4968371665274009,-0.9044091046274934,-1.0986391088275549,-1.130293218388838,-0.9075446495928217,-0.7176531198304906,-0.8335174403273132,-0.7176423639199406,-2.0384558019770402,-0.5564468869738004,-0.6657718399633201,-0.7247315916008954,-1.0094372166870382,-0.7390968838062635,,0.5108795592406695,,0.5108795592406695
MARUTI,-0.07983474302355342,-0.7230538695598155,-1.1766121777440375,-0.6311723299080779,-0.017099984653487204,-0.6660719239927949,-1.0226751381915558,-0.29932299045526434,-0.5012925093232756,0.4172502410619072,-0.745842750357461,-1.0709661463821984,0.4803876992838112,0.4477000022926457,-0.5928534248297792,-0.979620671947662,0.30119134464857433,-0.2058956874590553,,0.5106384794126692,,0.5106384794126692
IGL,-1.166596474369983,-1.3169875971952245,-0.21842576476553294,-1.2046175159226855,-0.9775644168097474,-1.1595595199367188,-0.3505128018835017,-0.5771901962330305,-0.7662067337157495,-1.4630038619030905,-1.9680546940509067,-1.060461170669575,-1.5356316986268992,-1.2159229752956495,-1.609358392478436,-0.9720423437077799,-0.7478030060468049,-1.1362816793821675,,0.5105652414432109,,0.5105652414432109
HUDCO,-0.694981539687632,-0.9284727452568473,-0.3526273143085531,-3.7828447077071656,-0.5607579012960888,-0.8367503387930733,-0.4446544280380579,-1.8264896988068662,-0.9171630917335215,-0.39103546452898175,-0.710121816420714,-0.3456185502085787,-2.2377030190975757,-0.26746007642050423,-0.5631445785178828,-0.4563522397124755,-1.1131114201038421,-0.6000170786886762,,0.5073067669711587,,0.5073067669711587
CESC,-0.48552414984788284,-0.9917177513125753,-0.7289130132924228,-3.6687082489343603,-0.37564246413018665,-0.8892993430702963,-0.70861671253977,-1.7711840137125618,-0.9361856333632037,-0.07448833270298892,-0.3108142695064505,0.12120312642359031,-2.297166228444082,0.012616473427182064,-0.23104333605141658,-0.119585359732016,-1.1440518816605838,-0.3705160260042086,,0.5068324407030165,,0.5068324407030165
SAFARI,-0.8384008132246139,-1.2972023603702247,-1.0176460318628457,-1.1303807256508842,-0.6875097983722751,-1.1431203643514278,-0.9111612881075787,-0.5412181975454174,-0.8207524120941748,-1.0479076331691923,-1.4221228950449194,-1.5736356879392754,-0.22621468387357785,-0.8486515395131132,-1.155310803964488,-1.3422483339548195,-0.06647471495787277,-0.8531713480975733,,0.503782038730493,,0.503782038730493
SHAKTIPUMP,-1.4983801197143456,-1.4437891451283753,-1.861210090701955,-2.8176727224509093,-1.2707900442245068,-1.2649163773433938,-1.5029166928333193,-1.3588083071432113,-1.3493578553861079,-1.4155431954433724,-1.593649247729568,-2.036240464076796,-2.543316992503636,-1.1739304301765972,-1.2979680496952932,-1.6759731263591062,-1.2721313838644903,-1.3550007475238717,,0.5012276288296349,,0.5012276288296349
TTML,-1.4323126012836898,-1.3055580623145708,-1.368359030603798,-3.1851301633070874,-1.2124005189558396,-1.1500629491434309,-1.1571844683722006,-1.5368625917080032,-1.2641276320448687,-1.5050601752395492,-1.5538453765198432,-1.4227421414555168,-2.1879441844519514,-1.2531338230788591,-1.2648634535365757,-1.2333931727610898,-1.0872204309126967,-1.2096527200723053,,0.4994959063876663,,0.4994959063876663
WAAREEENER,-0.8197423382959462,-0.8207050616018744,-0.4329466902246537,-2.90948186428071,-0.671019705824517,-0.7472083366254778,-0.5009980148759795,-1.403295121798329,-0.8306302947810758,-0.8087617220961241,-0.8525412801335837,0.254986148460238,-3.1604322139054113,-0.637058525552888,-0.6815938320217422,-0.02307379400809004,-1.5932346339867203,-0.7337401963923601,,0.49843183235603344,,0.49843183235603344
VOLTAS,-0.23141756363591867,-0.13156690530300616,-1.3957435008053118,-2.137913614288278,-0.1510667075557768,-0.17461729455905045,-1.1763945189634948,-1.0294258856081127,-0.6328761016716087,-0.035779364343968736,0.12540191666082426,-0.3488238994288982,-1.5482591394502092,0.046865636398961026,0.1317545587783556,-0.45866459046697006,-0.7543734359251681,-0.2586044578037054,,0.49810199082931206,,0.49810199082931206
ZAGGLE,-1.679445033895687,-1.8040701979973837,-0.950782684260486,-0.6796913267908874,-1.4308126185997978,-1.564266662352992,-0.8642570288433765,-0.32283323767638755,-1.0455423868681384,-1.8444119605516074,-1.6545349273564909,-1.5917433639111935,-1.1480019392429175,-1.553387616776476,-1.348606235747053,-1.3553112782138645,-0.5461078099705142,-1.200853235176977,,0.49483426993316176,,0.49483426993316176
NBCC,-1.2197013284978089,-1.4724779775413948,-0.7710336440887321,-4.579498246232985,-1.0244977252741803,-1.2887533515362952,-0.7381640962422891,-2.212514201447822,-1.3159823436251465,-1.0313624205661207,-1.055866250844236,-0.8034959714376052,-0.5696413043720803,-0.8340125628917359,-0.8506977618604733,-0.7866667008429895,-0.2451697141997851,-0.6791366849487459,,0.4928101124802621,,0.4928101124802621
INTELLECT,-0.9147762053615034,-1.824159053599057,-0.2745485143858183,-1.5064854896392046,-0.755009274590108,-1.58095808867694,-0.38988259255663377,-0.723462607992833,-0.8623281409541287,-0.9696510380981567,-1.1205999356367824,-1.487345258723706,-1.6671770984147432,-0.7794111801900301,-0.9045363063988092,-1.2799980999280915,-0.8162499571924232,-0.9450488859273385,,0.489304920670086,,0.489304920670086
FINPIPE,-1.345567571759972,-1.0149109621568142,-1.6561992078015635,-2.1217621026320788,-1.1357365059337274,-0.9085701157662864,-1.3591027207790156,-1.0215995483705709,-1.1062522227124,-1.3414745523443379,-0.9675712205292328,-0.7343002674316137,-1.325918695110027,-1.1083955131757355,-0.7772634140806082,-0.7367486646578134,-0.6386831453031323,-0.8152726843043223,,0.48759412144892367,,0.48759412144892367
UTIAMC,-1.5192447126145385,-1.2097598487689167,-1.3990958034825913,-1.288769696869696,-1.2892298721960231,-1.070466139097668,-1.1787461402858717,-0.6179667725303422,-1.0391022310274762,-1.7228854793809507,-1.8840753217866741,-1.5019787847470014,-1.8796770199927486,-1.44586265717546,-1.539513346758592,-1.290554779595435,-0.9268199335971898,-1.3006876792816693,,0.48647243599699425,,0.48647243599699425
VMM,-1.2867767337589666,-1.265782859213047,-1.0179393147974682,-2.1115501389346605,-1.0837780064688376,-1.1170145323867358,-0.9113670244234614,-1.0166512640579473,-1.0322027068342454,-1.2298864573048156,-1.6259056470860174,-1.381051801130742,-3.201618604266424,-1.0096639009748545,-1.324795467274935,-1.2033176074236203,-1.614665127591599,-1.2881105258162522,,0.4809302239674268,,0.4809302239674268
MOIL,-1.302631803452807,-1.4074128983478524,-0.9832414015588034,-3.3361070884227355,-1.0977904896756445,-1.234692085073192,-0.8870266350048542,-1.6100196036455583,-1.2073822033498123,-1.2043782097630373,-1.4081415660918037,-1.3212269121898919,-3.0518216635510154,-0.9870945542777274,-1.1436826322643947,-1.160159711802457,-1.5367213614131776,-1.2069145649394393,,0.480712549637885,,0.480712549637885
KITEX,-1.3590926296372488,-1.6128540219261918,-2.3310962599605594,-2.6508027002145242,-1.1476897581133796,-1.4053889851908556,-1.8325391765689456,-1.2779501746874322,-1.4158920236401533,-1.378419461872398,-1.4874909638510159,-0.6122360664651261,-2.013234075509763,-1.1410838611489593,-1.2096769611681215,-0.6486910996934895,-0.9963136085479614,-0.998941382639633,,0.4800867025252777,,0.4800867025252777
BATAINDIA,-2.043743590797415,-1.4112107508275131,-0.6910623503195117,-0.1376563947081063,-1.75277445852994,-1.237847644359914,-0.6820646870569671,-0.060186108212217766,-0.9332182245397598,-2.008181157001137,-1.8835105796965965,-0.8271088924771017,0.09076776722978917,-1.6982883500364,-1.539043654784981,-0.8037011492067957,0.09846060303639055,-0.9856431377479465,,0.4796745244557631,,0.4796745244557631
LEMONTREE,-1.3531088244021565,-1.5962894162121044,-1.0072265109105112,-0.5850447107677982,-1.1424013568645282,-1.391625787259416,-0.9038520532325387,-0.27697150342165616,-0.9287126751945347,-1.4712820051481659,-1.8647921921488038,-1.8619842125578274,-1.579961405670698,-1.2232473626178513,-1.523475705194172,-1.5502640235502987,-0.7708690600268002,-1.2669640378472806,,0.4792806572696522,,0.4792806572696522
HAVELLS,-1.2929527693358782,-0.9192763024793034,-1.242826858126287,-0.25354559324191994,-1.0892362981368797,-0.8291091993420537,-1.0691243610784413,-0.11634109662569672,-0.7759527387957679,-0.9054136115303353,-0.5261717173171944,-0.6139347402019365,0.678783497468808,-0.7225747884008306,-0.4101545913859208,-0.6499165291949158,0.40442252968252884,-0.3445558448247846,,0.47908272915870165,,0.47908272915870165
KSCL,-1.121178718760684,-1.276122894477909,-0.6893977564203907,-2.2334932906240916,-0.9374248557699488,-1.1256058598487193,-0.6808969838740768,-1.0757397413005017,-0.9549168601983116,-1.12207867136526,-1.2935946548372919,-0.6351507583706334,-3.3104067279624902,-0.9142770542879394,-1.0484147821015544,-0.665221842983741,-1.6712707968119396,-1.0747961190462936,,0.47590041533859706,,0.47590041533859706
PNCINFRA,-1.782051516854429,-1.3851124748752557,-0.9675531780559717,-1.6846795463543442,-1.5214947566876216,-1.2161631114588516,-0.8760214351613216,-0.8098078870765418,-1.1058717975960843,-1.314687757198915,-0.9611604552789154,-0.21213327789641725,0.5173159544427147,-1.084694925138404,-0.7719316262863535,-0.36005547173841773,0.3204062049236653,-0.4740689545598774,,0.47369151204319737,,0.47369151204319737
IRCON,-1.5246195913793588,-1.5881924869732247,-1.937145410931377,-4.710206202635974,-1.2939801129634874,-1.3848982115069315,-1.5561848894622499,-2.275849731162593,-1.6277282362738155,-1.4086338324311936,-1.711118326632782,-1.8292255458517264,-5.89099771405144,-1.1678171207843009,-1.3956662458767068,-1.5266318005170352,-3.0140283956069394,-1.7760358906962455,,0.4719720847374113,,0.4719720847374113
BANKBARODA,0.17100721310691847,-0.604872041684406,-1.774641611164369,-2.131306961117931,0.20459053867523594,-0.5678770187216542,-1.4421893952339477,-1.0262245818030433,-0.7079251142708523,0.317535436298065,-0.10070712760773878,-1.5431278398179495,-1.5890399839944362,0.35947371407486284,-0.05629872274556717,-1.3202398597535838,-0.7755929120809105,-0.4481644451262997,,0.4710644961654007,,0.4710644961654007
SJVN,-1.3098046198219901,-1.008952952334259,-1.6256293528911905,-4.843845068216486,-1.104129721912368,-0.9036197251635355,-1.3376581408738573,-2.3406054551058775,-1.4215032607639095,-1.3302851965430178,-1.4458713703999566,-1.2911964302844012,-4.569699315048598,-1.0984953250117353,-1.1750622417548324,-1.1384956113506897,-2.326517869878249,-1.4346427619988766,,0.46811934089420715,,0.46811934089420715
ZENSARTECH,-1.3398335393511525,-1.4324624573242524,-1.1280758842806797,-0.7567055977688961,-1.1306688503265696,-1.2555052601187207,-0.9886272035014239,-0.3601510856653074,-0.9337380999030054,-1.190089385361757,-1.515103729152833,-1.5968693320327247,-0.6427578546427909,-0.9744519989128918,-1.232642301381532,-1.359009170530308,-0.28321441171400374,-0.9623294706346839,,0.4671484565050739,,0.4671484565050739
VBL,-0.7873553809204619,-0.3524836336127179,-0.5692859467375186,-4.058245372415387,-0.6423965773800007,-0.35817256358105015,-0.5966392303502447,-1.9599371756331228,-0.8892863867361046,-0.600816428806614,-0.07166196916757506,-0.6994835756788941,-2.323006592257888,-0.4530713892119835,-0.03214207136205389,-0.7116317747623093,-1.1574973850563781,-0.5885856550981812,,0.4663430475420302,,0.4663430475420302
BSOFT,-1.3040123044814935,-1.065417990686563,-1.7973784206473002,-2.6853563466534927,-1.09901055668607,-0.9505353905565356,-1.4581391381808677,-1.2946934056353758,-1.2005946227647122,-1.175051214412945,-0.8503256127134049,-1.434985939934653,-2.0589525290607216,-0.9611464320260049,-0.6797510772107698,-1.242225894160566,-1.0201022682935899,-0.9758064179227326,,0.46583507888250913,,0.46583507888250913
VIKRAMSOLR,-2.1045378083422728,-2.0593987559519227,-1.2179390303954032,-2.6780294319473366,-1.8065035161038239,-1.776414028932856,-1.0516656910256876,-1.291143093650858,-1.4814315824283062,,-2.525633491080941,-1.8008733571636635,-4.107558686834168,0.0,-2.0730927062864115,-1.5061784269848129,-2.086052471218815,-1.4163309011225098,,0.465214705345226,,0.465214705345226
ABFRL,-0.9419772673260569,-1.6604151448744928,-2.4962259543649687,-2.607090426648677,-0.7790491830449854,-1.444906566247573,-1.9483767209979885,-1.2567690616357206,-1.357275382981567,-0.559596484632182,-1.148697288002612,-1.309761698843607,-1.4406883428710677,-0.41660054936360563,-0.9279046742216034,-1.151888664590609,-0.6984011779060917,-0.7986987665204774,,0.45741049544188633,,0.45741049544188633
GILLETTE,-1.649915302800997,-0.646880030302663,-1.253171291680444,-1.42477527715314,-1.4047146657647736,-0.6027806120841596,-1.0763809225693646,-0.683869305998609,-0.9419363766042268,-1.5026290740064359,-1.135873155696783,-0.05497593033841899,-0.23199302858085166,-1.2509828181344353,-0.9172389347302468,-0.24668158133783505,-0.06948135812836137,-0.6210961730827196,,0.4574056713875759,,0.4574056713875759
EUREKAFORB,-1.1714134515350494,-1.367415622150477,-1.396423769882793,-1.1313606622240617,-0.9818215921446048,-1.2014591522449278,-1.1768717238645918,-0.541693033229924,-0.9754613753710122,-0.9371854329804397,-0.8939480248028843,-1.2108648529988477,-1.7067385875029972,-0.7506860591704975,-0.7160315266193827,-1.080544115092984,-0.8368349667422736,-0.8460241669062845,,0.45683917431231885,,0.45683917431231885
INFY,-1.5235265572032952,-1.8461732719617523,-1.7045505832411425,-1.8552641344908514,-1.2930141050346475,-1.5992492602183208,-1.3930209365238515,-0.8924659405579339,-1.2944375605836884,-1.4428868410042401,-1.8709580769173475,-2.4679537347080047,-0.3420238944270396,-1.1981237118050518,-1.5286038276360405,-1.9874126727090267,-0.1267336627412976,-1.210218468722854,,0.45524165742868183,,0.45524165742868183
ICICIPRULI,-1.5744461264845926,-1.6270227224984393,-2.615655261150323,-1.0867443936033625,-1.3380160900924125,-1.4171614736987652,-2.0321557026086325,-0.5200738825312762,-1.3268517872327719,-1.511306647008046,-1.4147868553263607,-2.586842815248288,-1.740447030681186,-1.2586606154132256,-1.149209471985807,-2.0731796940824676,-0.8543744638826787,-1.3338560613410448,,0.45138371460783433,,0.45138371460783433
TMPV,-0.8455770677218022,-0.627076609076013,-0.8802181470195346,-4.263387294206658,-0.6938520691772209,-0.5863263474450525,-0.8147564060314367,-2.059340246730784,-1.0385687673461235,-0.4948635158363684,-0.7033459212924187,0.6658361739232543,-0.5944274497051568,-0.3593257086245789,-0.5575091148049655,0.2733149302972154,-0.2580666766282505,-0.22539664244014485,,0.4505257025162801,,0.4505257025162801
LATENTVIEW,-0.9726304785267255,-1.5950093363785032,-1.3907687812438896,-1.7203067950519781,-0.806140051485062,-1.3905621946558857,-1.1729047813951141,-0.8270713401259304,-1.049169591915498,-0.7795644306685255,-1.0571222701717684,-1.2410296260747975,-0.321677959939543,-0.6112251635484127,-0.8517423841884478,-1.1023050936906222,-0.11614707296982979,-0.6703549285993282,,0.4502180182647891,,0.4502180182647891
AMBUJACEM,-2.84033166762078,-2.6355198076429467,-2.834101065221736,-3.029939578944042,-2.4567875764014135,-2.2551014304777866,-2.185394195695704,-1.4616638192853508,-2.0897367554650637,-2.759948213950981,-2.54363972226968,-3.0714685807868563,-1.463634698671121,-2.363441505539963,-2.0880683605061465,-2.422790509492745,-0.7103408435800667,-1.8961603047797302,,0.4468588579276689,,0.4468588579276689
COLPAL,-1.2546533215068274,-1.0900024878638293,-1.630350755212557,-2.537236607093275,-1.0553877954246496,-0.9709621551011256,-1.3409701778345098,-1.222920864587172,-1.1475602482368643,-0.934381143283041,-0.8645152668278768,-0.8339594271777993,-1.4397373027540208,-0.748204862204061,-0.6915525114636448,-0.8086431502166794,-0.6979063236844009,-0.7365767118921965,,0.44417288590840387,,0.44417288590840387
STARCEMENT,-1.5580589678267949,-1.732512694473476,-1.7862944997472785,-2.297453713055885,-1.3235333542903187,-1.5048109710145818,-1.4503638305093118,-1.1067322481606696,-1.3463601009937207,-1.5435335721752472,-2.1885761163741093,-1.5097454378454664,-4.201361299344426,-1.2871745556942922,-1.792764488631516,-1.2961576717977215,-2.1348607370051975,-1.6277393632821817,,0.4394946715687454,,0.4394946715687454
AURIONPRO,-1.6709233728345445,-1.344105894630106,-1.839546138730946,-1.7639188606760028,-1.423281296769043,-1.18209156818478,-1.4877195533484937,-0.8482038966608729,-1.2353240787407973,-1.5690904057960646,-1.2573118577190727,-1.5731022507542944,-2.006496288821852,-1.3097868906861143,-1.0182386381838275,-1.3418635104013212,-0.9928077394183618,-1.1656741946724063,,0.4393263754114279,,0.4393263754114279
ORIENTCEM,-3.0189185181463154,-2.2456665160212466,-2.7641990134411647,-2.687341803442879,-2.614620073657342,-1.9311801667045378,-2.136358302678288,-1.295655473752284,-1.994453504198113,-3.0385530384887156,-3.0803477872945266,-3.112962139545598,-2.1699219687062135,-2.6099472235900083,-2.534444635169433,-2.4527241158824022,-1.0778429405354293,-2.168739728794318,,0.43837148962508427,,0.43837148962508427
MEDPLUS,-0.7002927671671552,-0.36329985457639075,-1.0054375042412897,-2.8809110826275472,-0.565451887970475,-0.36715954416861796,-0.9025970751967757,-1.3894509332717402,-0.8061648601519023,-0.7444095866089745,-0.08861802693190396,-0.5496603161569487,-2.3807900651905465,-0.580120640889067,-0.046244303825183054,-0.6035487225319295,-1.1875638302169433,-0.6043693743657808,,0.43566243799844634,,0.43566243799844634
SUNTV,0.10458283990909534,0.008585415748303477,-0.7735683985677496,-3.9149310864708893,0.1458856302812491,-0.05816754812534009,-0.7399422121386391,-1.8904931535109826,-0.6356793208734282,0.29534088338775544,0.1688911666335975,0.4703311579451109,-2.7136518865023924,0.3398362788257307,0.16792425820302936,0.13227689040480603,-1.3607616528570239,-0.18018105635586443,,0.43454324461375454,,0.43454324461375454
BAYERCROP,-2.0185864106846987,-0.5749296808017939,-1.478366196591466,-1.7609500226119386,-1.7305409035429817,-0.5429985129198821,-1.2343538716316869,-0.84676532370327,-1.088664652949455,-1.9061282198875131,-0.9839741936882653,-0.2209972957151191,-1.741229431723557,-1.6079933144638818,-0.7909056500171817,-0.3664500068988909,-0.8547815702201851,-0.9050326354000349,,0.4285932740913533,,0.4285932740913533
RTNINDIA,-2.039300135839224,-1.7759915269061055,-0.864101607225488,-4.275569918424482,-1.7488473967645766,-1.5409366589377942,-0.8034507447379373,-2.0652434295161757,-1.5396195574891212,-2.0386886461836733,-2.0763677740520996,-1.1375942183799757,-2.043507198996286,-1.7252809569997678,-1.699441609592009,-1.027686408928177,-1.0120656075357573,-1.3661186457639278,,0.4278559950115889,,0.4278559950115889
INOXWIND,-2.5291471124886327,-2.899063674971401,-1.727450865611359,-2.204504823262367,-2.1817671294902947,-2.47407473248484,-1.4090853547743993,-1.061693160002011,-1.7816550941878861,-3.011879167121562,-3.525801711242708,-2.8897895444085533,-4.93663081075152,-2.586346548959034,-2.9049254907103816,-2.2917265822981494,-2.517443148912503,-2.5751104427200167,,0.4270055766281754,,0.4270055766281754
NETWORK18,-2.5286738214643893,-1.9371266897757247,-1.6552768722100497,-2.23194086446724,-2.1813488416708653,-1.674820626873311,-1.3584557075907104,-1.0749875014545651,-1.572403169397363,-2.892918817812041,-2.702812604482113,-1.950822101009295,-2.1970385053101924,-2.481092067545501,-2.2204513128400465,-1.6143520040693062,-1.0919524742717996,-1.8519619646816634,,0.4220671497993149,,0.4220671497993149
HINDUNILVR,-1.3980850528938695,-1.079472033597614,-1.1873729812831197,-2.0979673264658993,-1.1821507025700524,-0.9622126123184299,-1.0302237808663124,-1.010069609456348,-1.0461641763027856,-1.1965273663476463,-1.1151681450415305,-1.1126026931043813,-1.7955279407213456,-0.9801482359696347,-0.9000187248518515,-1.0096574303817365,-0.8830346858642565,-0.9432147692668698,,0.4219531812897717,,0.4219531812897717
RPOWER,-1.9883983810673571,-2.1308077487129524,-1.933734216429063,-3.119045989717938,-1.703861155914756,-1.835746325663527,-1.553791955858496,-1.5048410051480594,-1.6495601106462097,-2.06608607626741,-2.5968712695021337,-2.061426373056404,-2.5754441667327943,-1.7495218264345422,-2.132340659166472,-1.6941423340268507,-1.28884810013474,-1.7162132299406514,,0.41903886440740046,,0.41903886440740046
KPIGREEN,-1.6467658141757149,-1.5355289512913048,-1.9337251444692984,-5.051127104268736,-1.4019311928867615,-1.3411411382707552,-1.553785591930154,-2.441045534769041,-1.684475864464178,-1.2999517253186823,-0.7400612142156565,-1.5643687748791824,-5.871537082238422,-1.0716566867451087,-0.5880449624030214,-1.3355631486806216,-3.003902454927016,-1.499791813188942,,0.4182148853175879,,0.4182148853175879
RAYMONDLSL,-1.612873804210595,-1.7558567113488082,-1.9626170310455122,-2.163151179777261,-1.371977920548534,-1.5242070454105348,-1.5740530865620685,-1.0416549390103997,-1.3779732478828843,-1.6358919866792565,-1.9931635798589022,-1.577366128019687,-1.8252836723558223,-1.368892010957494,-1.6302412739521848,-1.3449394871932414,-0.8985174706121224,-1.3106475606787606,,0.4178313811465766,,0.4178313811465766
SYNGENE,-1.669430714550994,-1.8313069305450664,-0.82179312665671,-3.085722577628177,-1.421962106785294,-1.586897115955678,-0.7737715854850375,-1.4886938935667144,-1.317831175448181,-1.7503846118357762,-1.782589600121707,-2.08213092534206,-1.1707714664577011,-1.4701935114698084,-1.4551083949413948,-1.7090786744404658,-0.5579554665164115,-1.29808401184202,,0.4161797014007454,,0.4161797014007454
WIPRO,-2.0446577991529757,-2.3184862818117433,-2.4397511818233566,-2.0644762622831183,-1.753582422763285,-1.991684646388189,-1.9087599882413246,-0.993841260784229,-1.661967079544257,-1.884919970256361,-2.2535736575562626,-2.8644448482722185,-1.9658867106113964,-1.5892285467948866,-1.846822480649616,-2.2734428249896568,-0.9716773781871964,-1.670292807655339,,0.4140545695087118,,0.4140545695087118
AWFIS,-2.5977459681374153,-2.8196962207444725,-1.5280787799581623,-2.5359026265322457,-2.2423938142886706,-2.4081299100909863,-1.269226967020086,-1.222274474208292,-1.7855062914020086,-2.7123760822426113,-2.920462272619883,-2.6739665541035165,-2.5931614275802146,-2.3213503375015048,-2.401468991492855,-2.1360310807579546,-1.2980669134844536,-2.0392293308091918,,0.41340178111514686,,0.41340178111514686
BIKAJI,-1.7632065946114208,-1.5871872169576524,-1.358095546457105,-3.0520220036210843,-1.50483988467742,-1.3840629528573944,-1.1499846924316743,-1.4723640253232673,-1.3778128888224392,-1.6320432494003252,-1.3832522837164452,-1.4302082722139395,-2.5074029543448355,-1.365486701131639,-1.122982393401316,-1.2387792670384157,-1.2534442506066046,-1.2451731530444938,,0.4128679249748406,,0.4128679249748406
ABLBL,-1.7419420925431388,-2.064170335420369,-2.08065125828838,-3.4207998506370663,-1.4860466227185227,-1.780378638402188,-1.6568534277830014,-1.6510581226880694,-1.6435842028979455,-1.6631285055406178,-2.113658472705082,-1.9066592338445445,-2.3833673531171757,-1.392990508355173,-1.730456018036829,-1.5824927487464577,-1.1889048691364852,-1.4737110360687362,,0.41130104914112753,,0.41130104914112753
RALLIS,-1.5782981234683637,-0.6392017384058902,-2.742283085885011,-3.0078333395966474,-1.341420429782495,-0.5964008736844234,-2.1209844037490484,-1.4509520736686412,-1.377439445221152,-1.6851680575162513,-1.2057634070199665,-0.7047535032891203,-3.8526972279799936,-1.4124908009085027,-0.9753661589214451,-0.7154335199850728,-1.953440537610896,-1.2641827543564792,,0.4108573230373676,,0.4108573230373676
TRANSRAILL,-1.5962488939741528,-1.8360584392391224,-2.4700771330935423,-4.140051686058959,-1.3572850633109956,-1.590845049022001,-1.9300334711256926,-1.9995770441706882,-1.7194351569073443,-1.5102104233445035,-2.0244932831370925,-0.32232401926562704,-4.1306298847586636,-1.2576906917883444,-1.6562979650044747,-0.43954747913909836,-2.0980570959320755,-1.3628983079659982,,0.41000751786387585,,0.41000751786387585
CELLO,-1.7145438007310574,-2.145160153544902,-1.1364559014944877,-1.6289120107884196,-1.461832405353011,-1.8476714503482805,-0.9945057380667656,-0.7827853055661603,-1.2716987248335543,-1.563605205854772,-1.867810942642524,-1.3680011978361257,-0.9511344288783683,-1.304933661197286,-1.525986378476979,-1.1939028540533443,-0.443671838162954,-1.1171236829726408,,0.40616352570700587,,0.40616352570700587
TATACHEM,-1.3761563834607877,-0.9381430119084863,-0.5054958976065841,-3.0445886071026673,-1.1627704590194323,-0.8447851689769948,-0.5518908725398147,-1.4687621167705671,-1.0070521543267024,-1.1850304159611957,-0.9210816367713601,-0.29409287126415784,-2.8789193472521766,-0.9699758923460091,-0.7385983584185037,-0.419181424804795,-1.4467551868775592,-0.8936277156117167,,0.40553021178777804,,0.40553021178777804
JYOTHYLAB,-2.18875668824089,-2.155347199700353,-1.3469628296958003,-0.5635211138337706,-1.8809349543165452,-1.8561356622344076,-1.1421751547400745,-0.2665420815968598,-1.2864469632219717,-2.3837340268825993,-2.3664572771472323,-1.4806057828282373,-3.323074843880303,-2.0305723656111074,-1.9407069829836587,-1.2751362171500797,-1.677862391141593,-1.7310694892216099,,0.4040742443461939,,0.4040742443461939
RVNL,-2.479133905686277,-2.553767164964035,-3.234187844223601,-3.508130215876202,-2.1375661745926426,-2.1871748029425944,-2.466052802890848,-1.693374712242511,-2.121042123167149,-2.3449789457981445,-2.6319382922867263,-2.9150883184594143,-6.4581537011088095,-1.9962824027338946,-2.1615056522309875,-2.3099772112447403,-3.309136382664409,-2.444225412218508,,0.4026699075456969,,0.4026699075456969
AHLUCONT,-1.6539402298758938,-1.505385862209056,-1.9049707375427196,-3.9087603264943556,-1.4082718385892818,-1.3160958514426364,-1.5336145384930238,-1.887503065052622,-1.5363713233943912,-1.0216878766202908,-0.8745095937674634,-0.7037268785732659,-0.9907289468626922,-0.8254526594294378,-0.6998647219888455,-0.7146929091270608,-0.4642740336215425,-0.6760710810417216,,0.4001227312463897,,0.4001227312463897
ICICIGI,-1.018455131089773,-1.5639496591915514,-1.7964909180597224,-2.1903322285172613,-0.8466392222169905,-1.364755333195423,-1.4575165601473392,-1.054825721933845,-1.1809342093733994,-0.6743804269349609,-0.47698695267949515,-0.9398480178699021,-1.0305369102499122,-0.51815980328144,-0.36924797298407075,-0.8850315702450094,-0.4849872910183505,-0.5643566593822177,,0.3996148221832104,,0.3996148221832104
RTNPOWER,-2.582052480657882,-1.7004426924318619,-1.7254725826594834,-5.651486645077227,-2.228524135125505,-1.478164650940387,-1.4076976004994481,-2.7319542948998286,-1.961585170366292,-2.2432383202823614,-1.739445296494152,-0.4798863497037135,-3.8316376611532035,-1.9062636961689907,-1.4192255849349564,-0.5532135256836647,-1.9424826238863113,-1.4552963576684808,,0.3956177355344105,,0.3956177355344105
HDFCBANK,-2.4148750870132494,-2.5922140816536468,-2.8744572642380666,-2.142535244358453,-2.0807751522299425,-2.2191195732188156,-2.2137038405079377,-1.031665331443665,-1.8863159743500901,-2.5986934304853526,-2.8079935531330023,-2.9822581044613274,-2.44671328527739,-2.2207654903160576,-2.3079295586200144,-2.358433742706631,-1.2218656258853846,-2.027248604382022,,0.39535585863421735,,0.39535585863421735
GODREJCP,-1.2422885272922488,-1.0548325660705802,-1.9962254975063096,-2.3547374973224713,-1.04445996762994,-0.9417401740151476,-1.597629235242573,-1.134489539456733,-1.1795797290860983,-0.719752149946835,-0.05695060184868186,-0.698166997032384,-0.8302288586645203,-0.5583040799599472,-0.01990673195326978,-0.7106819900688632,-0.3807611041425529,-0.4174134765311583,,0.39474689124509055,,0.39474689124509055
TATAELXSI,-2.075170289590139,-1.8317124794167436,-2.4260919684606503,-3.1927631969664305,-1.7805489242107504,-1.587234078361431,-1.8991781275077046,-1.5405612359485623,-1.701880591507112,-2.037487501858725,-1.8348691447945482,-2.802404519301685,-1.8204090681668534,-1.7242182010162903,-1.4985889198540872,-2.228686702756647,-0.8959810702871039,-1.586868723478532,,0.39407180612617804,,0.39407180612617804
IRFC,-2.942391298555025,-3.045247125827869,-3.1936516317438137,-4.049922537433107,-2.546986414512773,-2.5955356234450995,-2.437616879654578,-1.9559042829398419,-2.384010800138073,-2.955006133508605,-3.273358542758756,-3.357737378167326,-4.539550405127821,-2.536026070798946,-2.69497030565676,-2.629305876184986,-2.310830502872111,-2.5427831888782007,,0.3920360146587886,,0.3920360146587886
HGINFRA,-3.1476759584307143,-3.0967167000812195,-2.8249304198968215,-4.638838651612776,-2.728414052780469,-2.638300658129466,-2.178961039992853,-2.241268044072603,-2.446735948743848,-3.0578455177692927,-3.081015150825624,-2.5170035913166173,-3.153893584323458,-2.6270169439938638,-2.5349996766645586,-2.0227974202484753,-1.589832392173042,-2.1936616082699847,,0.39195774556898877,,0.39195774556898877
GODIGIT,-1.3057441795339646,-1.4755499567532804,-1.7586622272757009,-2.894354152021958,-1.1005411630194162,-1.2913057973152184,-1.430979948030472,-1.3959648743088289,-1.304697945668484,-1.2088916329957649,-1.4228195969881998,-1.2155105733388964,-2.057342094840819,-0.9910879690963447,-1.1558902460080462,-1.083895554887869,-1.0192643118728355,-1.062534520466274,,0.3909983789488509,,0.3909983789488509
PIIND,-2.3008976191257506,-1.7862723311519295,-1.4245105459697416,-1.413398266935548,-1.9800435007413069,-1.5494787725366304,-1.1965744380528258,-0.6783564895754072,-1.3511133002265425,-2.162228692564846,-1.578483197814817,-1.1077141397178074,-1.07029747277307,-1.834587491413361,-1.2853545540102775,-1.0061308099310937,-0.5056758843476049,-1.1579371849255844,,0.3892366312455961,,0.3892366312455961
UBL,-2.2170061401491012,-2.160954126259652,-2.1976959247672223,-1.1918094856224546,-1.905901414767936,-1.8607943448106579,-1.7389595977382422,-0.5709839681961776,-1.5191598313782535,-1.996973199033216,-1.7920715714465354,-0.7644196225837789,-0.4750836517605119,-1.6883717029311633,-1.4629944829513544,-0.7584768785976522,-0.1959685787804797,-1.0264529108151625,,0.388166203567744,,0.388166203567744
SWANCORP,-1.610188459057838,-2.6423709899103724,-3.053288821393719,-2.2536707442227066,-1.3696046510149344,-2.2607939401117925,-2.3391531639748604,-1.08551687918202,-1.7637671585709018,-1.4376078944584205,-1.9280812550020547,-2.4785672046712866,-2.9611461680056665,-1.1934529724846392,-1.576112767955763,-1.9950692691016512,-1.4895402268109263,-1.563543809088245,,0.38621283618255864,,0.38621283618255864
EMAMILTD,-2.3225717340712295,-1.9500789464788064,-2.369255823572057,-1.9066917211334022,-1.9991987726865268,-1.685582396621427,-1.8593078940984182,-0.9173855669647298,-1.6153686575927753,-2.0674952695176256,-1.6765689909894383,-1.7515222666578174,-2.5418865254026004,-1.7507686612465094,-1.366931809520038,-1.4705763682004205,-1.2713870696434084,-1.4649159771525941,,0.38562052009030956,,0.38562052009030956
ACC,-3.0440634671528604,-3.1329034405122025,-3.3690082139978412,-3.299861467517984,-2.636842818968081,-2.6683674933830024,-2.56062852792923,-1.5924565136622255,-2.3645738384856347,-2.8794276454080463,-3.3179471446005486,-3.6528980142819742,-1.9326728376668874,-2.469155263700479,-2.732054328200119,-2.842235848148777,-0.9543952205256125,-2.2494601651437467,,0.3845036908638821,,0.3845036908638821
FIRSTCRY,-1.5969436994928756,-1.9367168814165276,-1.113995295644873,-4.371456373974917,-1.3578991224637524,-1.6744801253449957,-0.978749750402693,-2.1117059373992824,-1.530708733902681,-1.2803950687776107,-1.7784460823727688,-1.1975318065775087,-1.7950416811591343,-1.0543532259334958,-1.4516622607442375,-1.070925606208944,-0.8827816706729047,-1.1149306908898955,,0.38403921918554634,,0.38403921918554634
HDFCLIFE,-1.599609374874094,-2.242834442257093,-2.9440326770998206,-2.109265085086109,-1.360255008135364,-1.9288270535399223,-2.2625105981756684,-1.0155440239181155,-1.6417841709422676,-1.783259335090994,-2.1348954778219422,-3.127082239506085,-2.6929467413016233,-1.4992806145921966,-1.7481186839195009,-2.462910408093619,-1.3499881551573274,-1.7650744654406612,,0.3655193650176202,,0.3655193650176202
OSWALPUMPS,-2.626412665741323,-2.925263199439735,-1.6169742453781775,-5.061430711092441,-2.267729030501907,-2.4958433907427673,-1.3315866320232357,-2.4460382254522313,-2.135299319680035,-2.436545376826471,-2.98377200198999,-1.892575413357406,-3.1543774036770458,-2.077299121907257,-2.4541232424493056,-1.572332628681177,-1.5900841376518784,-1.9234597826724045,,0.36005004496318355,,0.36005004496318355
IRCTC,-2.7318516238615915,-3.059993699628721,-3.166951013364782,-2.5810184491858053,-2.360914469514986,-2.607788255203132,-2.4188865472396865,-1.2441356875951115,-2.1579312398882293,-2.482522225473467,-2.7677305810519948,-2.037630892219455,-2.042240448437811,-2.1179788054274935,-2.274443131536866,-1.6769761863515609,-1.0114064798602211,-1.7702011507940352,,0.3595278864985985,,0.3595278864985985
KPITTECH,-2.090554181426563,-2.5251739346278583,-1.9439671473576827,-2.358207204129243,-1.794144987184663,-2.1634172625936947,-1.560970298889764,-1.1361708121551164,-1.6636758402058096,-1.9709743152566332,-2.1585481680247174,-2.803969488725396,-1.2634870451291342,-1.6653682480395264,-1.7677904578809949,-2.229815677473267,-0.6061981165368325,-1.5672931249826552,,0.35463363881806986,,0.35463363881806986
DABUR,-1.8260086675703224,-1.8718477491427343,-2.4798992083148685,-3.963230953429641,-1.5603434560701812,-1.6205816672388862,-1.936923601207623,-1.9138972196686228,-1.7579364860463285,-1.6015126428830837,-1.2014174745958164,-1.8324541448798013,-3.0626443503740712,-1.338473640268378,-0.9717516778807312,-1.5289609237686308,-1.5423527245580444,-1.345384741618946,,0.352062646165327,,0.352062646165327
CMSINFO,-2.577122171027271,-2.3612334073957593,-2.710575719773177,-3.621574903542366,-2.224166798182979,-2.0272023737985414,-2.098741866185136,-1.748345194410488,-2.0246140581442864,-2.444563140791875,-1.7685664532699978,-2.1053956965855125,-1.3646074454049213,-2.084393129222913,-1.4434454435929138,-1.7258619662568182,-0.6588140431193277,-1.4781286455479932,,0.34998560001823276,,0.34998560001823276
KEC,-2.1229598329024153,-2.170200962908504,-2.0737241540979103,-3.752610165305131,-1.8227846372069794,-1.8684773555164067,-1.6519941034663042,-1.8118393224149913,-1.7887738546511704,-1.7419220362116052,-1.8682300988663696,-1.911564157230502,-2.8232935889249573,-1.4627059409144516,-1.5263349877226653,-1.5860311785750574,-1.4178114642631483,-1.4982208928688305,,0.34716271454052366,,0.34716271454052366
CRIZAC,-1.964871838977557,-2.483944565414032,-2.545329435508129,-4.5519553972527085,-1.6830687354263343,-2.129160608443713,-1.9828225346298558,-2.1991681054791767,-1.99855499599477,-1.8834865389637332,-1.8211792089629213,-2.048810648214069,-1.4217053893298937,-1.587960266496256,-1.4872030977375177,-1.6850413035766456,-0.6885237873190562,-1.3621821137823689,,0.342173910732368,,0.342173910732368
INDIAMART,-2.1417437260448224,-2.7737213628923625,-2.4698514214182903,-4.137207137486792,-1.8393855725733304,-2.369930324818017,-1.9298751356651658,-1.9981986966272371,-2.0343474324209376,-2.228589870327903,-2.4678589966389115,-2.1352850719712246,-3.531320018009906,-1.8933029490594055,-2.0250420707916867,-1.7474242719445687,-1.7862184969647397,-1.8629969471901,,0.3417828873423035,,0.3417828873423035
ITC,-2.2048201665803,-2.514565380760891,-2.5056745341390476,-2.240958393945069,-1.8951316260953728,-2.1546028284225724,-1.955004846141191,-1.0793570136243982,-1.7710240785708835,-2.07999533400422,-2.251746276389215,-1.752152866686513,-2.662403830051206,-1.7618285464335388,-1.8453026607495764,-1.4710312853878815,-1.3340957776391935,-1.6030645675525474,,0.3336752076478961,,0.3336752076478961
JKLAKSHMI,-3.159275047066402,-2.6874653679374356,-3.432968467377684,-4.512292241696743,-2.738665160966072,-2.2982619523961905,-2.6054962830553037,-2.1799490232103715,-2.4555931049069843,-3.0289954307542297,-2.5737462948240557,-2.7825281744373416,-3.4781797936702263,-2.601490783679683,-2.1131077824479054,-2.2143478342326497,-1.7585680709892857,-2.171878617837381,,0.3209242624415874,,0.3209242624415874
PATANJALI,-2.4649423412105715,-2.6045607862209756,-3.4604706648024304,-2.829535276459151,-2.125023873440135,-2.229378201869218,-2.6247889186262463,-1.3645563974856665,-2.0859368478553164,-2.497830448136231,-2.5693185920080204,-2.830866066946494,-3.164673329249104,-2.1315233103577857,-2.109425293554718,-2.249218968243774,-1.5954414113822115,-2.021402245884622,,0.3096746146987659,,0.3096746146987659
ALOKINDS,-3.3279077060475135,-3.3999056066173114,-4.094601016735448,-4.964151426671348,-2.88770028649504,-2.89021422633014,-3.069627765332693,-2.398900811796341,-2.8116107724885535,-2.668199748704896,-2.5886089568597175,-2.651779547823133,-3.931928223412993,-2.282263724993623,-2.125468952594941,-2.1200252925626497,-1.9946667612748754,-2.130606182856522,,0.2902275621629209,,0.2902275621629209
