SYMBOL,SERIES,BAND,MARKETCAP,MARKETCAP_CR,
RELIANCE,EQ,No Band,LARGECAP,15801950000000.00,1
HDFCBANK,EQ,No Band,LARGECAP,11119810000000.00,2
BHARTIARTL,EQ,No Band,LARGECAP,10862220000000.00,3
ICICIBANK,EQ,No Band,LARGECAP,9408465000000.00,4
SBIN,EQ,No Band,LARGECAP,8806932000000.00,5
TCS,EQ,No Band,LARGECAP,7507532000000.00,6
BAJFINANCE,EQ,No Band,LARGECAP,5899705000000.00,7
LT,EQ,No Band,LARGECAP,5081731000000.00,8
LICI,EQ,No Band,LARGECAP,4956901000000.00,9
SUNPHARMA,EQ,No Band,LARGECAP,4321203000000.00,10
HINDUNILVR,EQ,No Band,LARGECAP,4313850000000.00,11
INFY,EQ,No Band,LARGECAP,4192106000000.00,12
KOTAKBANK,EQ,No Band,LARGECAP,4161696000000.00,13
ADANIENT,EQ,No Band,LARGECAP,4053083000000.00,14
TITAN,EQ,No Band,LARGECAP,4006836000000.00,15
ADANIPORTS,EQ,No Band,LARGECAP,4003820000000.00,16
AXISBANK,EQ,No Band,LARGECAP,3789672000000.00,17
ADANIPOWER,EQ,No Band,LARGECAP,3783850000000.00,18
MARUTI,EQ,No Band,LARGECAP,3579788000000.00,19
M&M,EQ,No Band,LARGECAP,3435149000000.00,20
HCLTECH,EQ,No Band,LARGECAP,3363539000000.00,21
ULTRACEMCO,EQ,No Band,LARGECAP,3150714000000.00,22
HAL,EQ,No Band,LARGECAP,3077034000000.00,23
NTPC,EQ,No Band,LARGECAP,3055420000000.00,24
JSWSTEEL,EQ,No Band,LARGECAP,3009726000000.00,25
ETERNAL,EQ,No Band,LARGECAP,2889573000000.00,26
BEL,EQ,No Band,LARGECAP,2800376000000.00,27
ONGC,EQ,No Band,LARGECAP,2797477000000.00,28
BAJAJFINSV,EQ,No Band,LARGECAP,2772194000000.00,29
BAJAJ-AUTO,EQ,No Band,LARGECAP,2760405000000.00,30
COALINDIA,EQ,No Band,LARGECAP,2590811000000.00,31
NESTLEIND,EQ,No Band,LARGECAP,2521657000000.00,32
DMART,EQ,No Band,LARGECAP,2487014000000.00,33
DIVISLAB,EQ,No Band,LARGECAP,2455319000000.00,34
POWERGRID,EQ,No Band,LARGECAP,2367469000000.00,35
HINDZINC,EQ,No Band,LARGECAP,2345263000000.00,36
ASIANPAINT,EQ,No Band,LARGECAP,2307457000000.00,37
SHRIRAMFIN,EQ,No Band,LARGECAP,2223628000000.00,38
TATASTEEL,EQ,No Band,LARGECAP,2222069000000.00,39
HINDALCO,EQ,No Band,LARGECAP,2106536000000.00,40
ADANIGREEN,EQ,No Band,LARGECAP,2101962000000.00,41
GRASIM,EQ,No Band,LARGECAP,2008936000000.00,42
TVSMOTOR,EQ,No Band,LARGECAP,1936493000000.00,43
INDIGO,EQ,No Band,LARGECAP,1906228000000.00,44
EICHERMOT,EQ,No Band,LARGECAP,1899523000000.00,45
IOC,EQ,No Band,LARGECAP,1854684000000.00,46
TORNTPHARM,EQ,No Band,LARGECAP,1813328000000.00,47
SOLARINDS,EQ,No Band,LARGECAP,1755507000000.00,48
SBILIFE,EQ,No Band,LARGECAP,1727462000000.00,49
MOTHERSON,EQ,No Band,LARGECAP,1653719000000.00,50
HYUNDAI,EQ,No Band,LARGECAP,1644583000000.00,51
DLF,EQ,No Band,LARGECAP,1629745000000.00,52
ADANIENSOL,EQ,No Band,LARGECAP,1622127000000.00,53
WIPRO,EQ,No Band,LARGECAP,1576516000000.00,54
VAML,EQ,20,LARGECAP,1572399000000.00,55
TMCV,EQ,20,LARGECAP,1530199000000.00,56
ICICIAMC,EQ,10,LARGECAP,1524491000000.00,57
TECHM,EQ,No Band,LARGECAP,1502584000000.00,58
PIDILITIND,EQ,No Band,LARGECAP,1491143000000.00,59
BHEL,EQ,No Band,LARGECAP,1465949000000.00,60
ABB,EQ,No Band,LARGECAP,1462168000000.00,61
VBL,EQ,No Band,LARGECAP,1438575000000.00,62
JIOFIN,EQ,No Band,LARGECAP,1403168000000.00,63
POWERINDIA,EQ,No Band,LARGECAP,1394669000000.00,64
CGPOWER,EQ,No Band,LARGECAP,1384837000000.00,65
TRENT,EQ,No Band,LARGECAP,1375739000000.00,66
IDEA,EQ,No Band,LARGECAP,1369456000000.00,67
SIEMENS,EQ,No Band,LARGECAP,1354682000000.00,68
CHOLAFIN,EQ,No Band,LARGECAP,1349955000000.00,69
CUMMINSIND,EQ,No Band,LARGECAP,1347192000000.00,70
TATACAP,EQ,10,LARGECAP,1346520000000.00,71
BOSCHLTD,EQ,No Band,LARGECAP,1341483000000.00,72
BPCL,EQ,No Band,LARGECAP,1304155000000.00,73
UNIONBANK,EQ,No Band,LARGECAP,1279316000000.00,74
PNB,EQ,No Band,LARGECAP,1259282000000.00,75
BSE,EQ,No Band,LARGECAP,1240633000000.00,76
LENSKART,EQ,20,LARGECAP,1206255000000.00,77
POLYCAB,EQ,No Band,LARGECAP,1204065000000.00,78
BANKBARODA,EQ,No Band,LARGECAP,1193654000000.00,79
LTM,EQ,No Band,LARGECAP,1192116000000.00,80
ENRIN,EQ,No Band,LARGECAP,1187306000000.00,81
BAJAJHLDNG,EQ,No Band,LARGECAP,1187057000000.00,82
APOLLOHOSP,EQ,No Band,LARGECAP,1169473000000.00,83
LGEINDIA,EQ,10,LARGECAP,1168710000000.00,84
HDFCLIFE,EQ,No Band,LARGECAP,1160309000000.00,85
BRITANNIA,EQ,No Band,LARGECAP,1150869000000.00,86
ZYDUSLIFE,EQ,No Band,LARGECAP,1142840000000.00,87
GAIL,EQ,No Band,LARGECAP,1125785000000.00,88
JINDALSTEL,EQ,No Band,LARGECAP,1120136000000.00,89
TATAPOWER,EQ,No Band,LARGECAP,1118848000000.00,90
GROWW,EQ,20,LARGECAP,1117406000000.00,91
LODHA,EQ,No Band,LARGECAP,1104921000000.00,92
GVT&D,EQ,No Band,LARGECAP,1089017000000.00,93
CIPLA,EQ,No Band,LARGECAP,1085778000000.00,94
MUTHOOTFIN,EQ,No Band,LARGECAP,1082801000000.00,95
CANBK,EQ,No Band,LARGECAP,1073602000000.00,96
LAURUSLABS,EQ,No Band,LARGECAP,1071980000000.00,97
INDIANB,EQ,No Band,LARGECAP,1068345000000.00,98
PAYTM,EQ,No Band,LARGECAP,1062503000000.00,99
PFC,EQ,No Band,MIDCAP,1049432000000.00,100
MANKIND,EQ,No Band,MIDCAP,1047069000000.00,101
HEROMOTOCO,EQ,No Band,MIDCAP,1034330000000.00,102
TMPV,EQ,No Band,MIDCAP,1029028000000.00,103
ABCAPITAL,EQ,No Band,MIDCAP,1026810000000.00,104
INDHOTEL,EQ,No Band,MIDCAP,1022024000000.00,105
SBIFUNDS,EQ,10,MIDCAP,1019127000000.00,106
MARICO,EQ,No Band,MIDCAP,1014187000000.00,107
MEESHO,EQ,20,MIDCAP,1012211000000.00,108
IRFC,EQ,No Band,MIDCAP,1007059000000.00,109
DRREDDY,EQ,No Band,MIDCAP,1004751000000.00,110
LLOYDSME,EQ,20,MIDCAP,999861600000.00,111
INDUSTOWER,EQ,No Band,MIDCAP,992247400000.00,112
HDFCAMC,EQ,No Band,MIDCAP,990344300000.00,113
VEDL,EQ,No Band,MIDCAP,984042400000.00,114
GMRAIRPORT,EQ,No Band,MIDCAP,983674200000.00,115
UNITDSPR,EQ,No Band,MIDCAP,971086100000.00,116
AUROPHARMA,EQ,No Band,MIDCAP,964793600000.00,117
TATACONSUM,EQ,No Band,MIDCAP,947138300000.00,118
IDBI,EQ,20,MIDCAP,930835400000.00,119
NYKAA,EQ,No Band,MIDCAP,930752600000.00,120
LUPIN,EQ,No Band,MIDCAP,928847400000.00,121
BHARATFORG,EQ,No Band,MIDCAP,916257400000.00,122
MAXHEALTH,EQ,No Band,MIDCAP,915836300000.00,123
MANIPALHOS,EQ,20,MIDCAP,915502600000.00,124
OFSS,EQ,No Band,MIDCAP,907603000000.00,125
AMBUJACEM,EQ,No Band,MIDCAP,900125000000.00,126
JSWENERGY,EQ,No Band,MIDCAP,888733600000.00,127
ASHOKLEY,EQ,No Band,MIDCAP,883897600000.00,128
GODREJCP,EQ,No Band,MIDCAP,859576200000.00,129
PERSISTENT,EQ,No Band,MIDCAP,841036400000.00,130
MAZDOCK,EQ,No Band,MIDCAP,832576300000.00,131
JSWINFRA,EQ,20,MIDCAP,830522100000.00,132
MCX,EQ,No Band,MIDCAP,815463100000.00,133
COFORGE,EQ,No Band,MIDCAP,808988500000.00,134
SHREECEM,EQ,No Band,MIDCAP,790168400000.00,135
FEDERALBNK,EQ,No Band,MIDCAP,786515200000.00,136
ICICIGI,EQ,No Band,MIDCAP,780897900000.00,137
NAUKRI,EQ,No Band,MIDCAP,777446400000.00,138
DIXON,EQ,No Band,MIDCAP,776866400000.00,139
NTPCGREEN,EQ,20,MIDCAP,767554400000.00,140
RECLTD,EQ,No Band,MIDCAP,757710200000.00,141
AUBANK,EQ,No Band,MIDCAP,741600800000.00,142
APARINDS,EQ,20,MIDCAP,738963000000.00,143
SRF,EQ,No Band,MIDCAP,736924700000.00,144
HINDPETRO,EQ,No Band,MIDCAP,734098800000.00,145
OIL,EQ,No Band,MIDCAP,722213900000.00,146
SAIL,EQ,No Band,MIDCAP,720776700000.00,147
NHPC,EQ,No Band,MIDCAP,720731300000.00,148
IDFCFIRSTB,EQ,No Band,MIDCAP,693188900000.00,149
INDUSINDBK,EQ,No Band,MIDCAP,690984500000.00,150
BAJAJHFL,EQ,10,MIDCAP,690537400000.00,151
PHOENIXLTD,EQ,No Band,MIDCAP,690318300000.00,152
BHARTIHEXA,EQ,20,MIDCAP,689600000000.00,153
WELCORP,EQ,20,MIDCAP,687159700000.00,154
WAAREEENER,EQ,No Band,MIDCAP,673104100000.00,155
NAM-INDIA,EQ,No Band,MIDCAP,669483900000.00,156
DABUR,EQ,No Band,MIDCAP,663903400000.00,157
LTF,EQ,No Band,MIDCAP,662567300000.00,158
GLENMARK,EQ,No Band,MIDCAP,657865700000.00,159
NMDC,EQ,No Band,MIDCAP,656221300000.00,160
HAVELLS,EQ,No Band,MIDCAP,652664100000.00,161
YESBANK,EQ,No Band,MIDCAP,651323100000.00,162
ICICIPRULI,EQ,No Band,MIDCAP,650223900000.00,163
UNOMINDA,EQ,No Band,MIDCAP,641566100000.00,164
ATGL,EQ,20,MIDCAP,641244300000.00,165
PRESTIGE,EQ,No Band,MIDCAP,640108200000.00,166
RBLBANK,EQ,No Band,MIDCAP,638345700000.00,167
OBEROIRLTY,EQ,No Band,MIDCAP,637976500000.00,168
INDOMIM,EQ,5,MIDCAP,628880800000.00,169
TORNTPOWER,EQ,20,MIDCAP,626301700000.00,170
ALKEM,EQ,No Band,MIDCAP,624129300000.00,171
SWIGGY,EQ,No Band,MIDCAP,620241000000.00,172
MAHABANK,EQ,No Band,MIDCAP,619170200000.00,173
ASTERDM,EQ,20,MIDCAP,617928600000.00,174
NATIONALUM,EQ,No Band,MIDCAP,615088000000.00,175
SCHAEFFLER,EQ,20,MIDCAP,607333600000.00,176
BIOCON,EQ,No Band,MIDCAP,603806100000.00,177
JSL,EQ,20,MIDCAP,603708100000.00,178
MOTILALOFS,EQ,No Band,MIDCAP,596887100000.00,179
FORTIS,EQ,No Band,MIDCAP,592642100000.00,180
BANKINDIA,EQ,No Band,MIDCAP,589479400000.00,181
APLAPOLLO,EQ,No Band,MIDCAP,587441900000.00,182
IOB,EQ,20,MIDCAP,585015200000.00,183
ABBOTINDIA,EQ,20,MIDCAP,570331300000.00,184
GICRE,EQ,20,MIDCAP,568250200000.00,185
RADICO,EQ,No Band,MIDCAP,567711700000.00,186
ATHERENERG,EQ,No Band,MIDCAP,557664600000.00,187
KALYANKJIL,EQ,No Band,MIDCAP,545808900000.00,188
SUZLON,EQ,No Band,MIDCAP,534867600000.00,189
LINDEINDIA,EQ,20,MIDCAP,532813200000.00,190
BERGEPAINT,EQ,20,MIDCAP,527499700000.00,191
MRF,EQ,20,MIDCAP,524693000000.00,192
COROMANDEL,EQ,20,MIDCAP,519374300000.00,193
HDBFS,EQ,20,MIDCAP,512408900000.00,194
SONACOMS,EQ,No Band,MIDCAP,502423400000.00,195
IPCALAB,EQ,20,MIDCAP,492998000000.00,196
AEGISLOG,EQ,10,MIDCAP,491786100000.00,197
STLTECH,BE,5,MIDCAP,491104800000.00,198
SUNDARMFIN,EQ,20,MIDCAP,484383700000.00,199
ANTHEM,EQ,20,MIDCAP,481954200000.00,200
GODREJPROP,EQ,No Band,MIDCAP,480697300000.00,201
TATACOMM,EQ,20,MIDCAP,479799100000.00,202
PIRAMALFIN,EQ,20,MIDCAP,477794600000.00,203
FLUOROCHEM,EQ,20,MIDCAP,476913800000.00,204
FACT,EQ,20,MIDCAP,475565600000.00,205
GLAND,EQ,20,MIDCAP,474307200000.00,206
COLPAL,EQ,No Band,MIDCAP,471895100000.00,207
GLAXO,EQ,20,MIDCAP,469441100000.00,208
VMM,EQ,No Band,MIDCAP,466138500000.00,209
AIIL,EQ,20,MIDCAP,457987300000.00,210
TIINDIA,EQ,No Band,MIDCAP,452959200000.00,211
POLICYBZR,EQ,No Band,MIDCAP,452857900000.00,212
CPPLUS,EQ,5,MIDCAP,449494300000.00,213
AJANTPHARM,EQ,20,MIDCAP,447478300000.00,214
HINDCOPPER,EQ,20,MIDCAP,446910200000.00,215
M&MFIN,EQ,20,MIDCAP,444389700000.00,216
UPL,EQ,No Band,MIDCAP,436841800000.00,217
KEI,EQ,No Band,MIDCAP,430393900000.00,218
MPHASIS,EQ,No Band,MIDCAP,429670100000.00,219
SUPREMEIND,EQ,No Band,MIDCAP,429350800000.00,220
PETRONET,EQ,No Band,MIDCAP,428250000000.00,221
360ONE,EQ,No Band,MIDCAP,424230800000.00,222
CUPID,EQ,20,MIDCAP,420206500000.00,223
NAVINFLUOR,EQ,20,MIDCAP,417468500000.00,224
RVNL,EQ,No Band,MIDCAP,410749000000.00,225
PAGEIND,EQ,No Band,MIDCAP,408901000000.00,226
BALKRISIND,EQ,20,MIDCAP,402776400000.00,227
BDL,EQ,No Band,MIDCAP,398783300000.00,228
PREMIERENE,EQ,No Band,MIDCAP,397101300000.00,229
PATANJALI,EQ,No Band,MIDCAP,386441800000.00,230
JKCEMENT,EQ,20,MIDCAP,382632400000.00,231
POONAWALLA,EQ,20,MIDCAP,379612000000.00,232
THERMAX,EQ,20,MIDCAP,378588300000.00,233
EMCURE,EQ,10,MIDCAP,368911300000.00,234
KPRMILL,EQ,20,MIDCAP,366082800000.00,235
ENDURANCE,EQ,20,MIDCAP,365920300000.00,236
HFCL,BE,5,MIDCAP,364753700000.00,237
MEDANTA,EQ,20,MIDCAP,364613900000.00,238
IRCTC,EQ,20,MIDCAP,363280000000.00,239
ASTRAL,EQ,No Band,MIDCAP,361065800000.00,240
AIAENG,EQ,20,MIDCAP,356894400000.00,241
NH,EQ,20,MIDCAP,353678100000.00,242
ANANDRATHI,EQ,No Band,MIDCAP,352801300000.00,243
NLCINDIA,EQ,20,MIDCAP,351096400000.00,244
PWL,EQ,20,MIDCAP,348599600000.00,245
VOLTAS,EQ,No Band,MIDCAP,348487800000.00,246
EXIDEIND,EQ,20,MIDCAP,348032500000.00,247
3MINDIA,EQ,20,MIDCAP,346907800000.00,248
LTTS,EQ,20,MIDCAP,346668700000.00,249
GODREJIND,EQ,20,SMALLCAP,343453300000.00,250
PIIND,EQ,No Band,SMALLCAP,339214900000.00,251
WOCKPHARMA,EQ,20,SMALLCAP,338617400000.00,252
COCHINSHIP,EQ,No Band,SMALLCAP,338585000000.00,253
CONCOR,EQ,No Band,SMALLCAP,336635100000.00,254
HSCL,EQ,20,SMALLCAP,335617500000.00,255
LALPATHLAB,EQ,20,SMALLCAP,335274200000.00,256
SYRMA,EQ,20,SMALLCAP,330910400000.00,257
PTCIL,EQ,20,SMALLCAP,330210900000.00,258
ITCHOTELS,EQ,20,SMALLCAP,330186500000.00,259
SAILIFE,EQ,20,SMALLCAP,327379000000.00,260
KIRLOSENG,EQ,20,SMALLCAP,326461400000.00,261
CRISIL,EQ,20,SMALLCAP,323863600000.00,262
HUDCO,EQ,20,SMALLCAP,323386900000.00,263
AEGISVOPAK,EQ,10,SMALLCAP,322148500000.00,264
DALBHARAT,EQ,20,SMALLCAP,316589500000.00,265
STARHEALTH,EQ,20,SMALLCAP,316477800000.00,266
KARURVYSYA,EQ,20,SMALLCAP,314471900000.00,267
UBL,EQ,20,SMALLCAP,314324800000.00,268
NUVAMA,EQ,20,SMALLCAP,313935000000.00,269
IREDA,EQ,No Band,SMALLCAP,311824700000.00,270
TATAINVEST,EQ,20,SMALLCAP,311186400000.00,271
REDINGTON,EQ,20,SMALLCAP,311107100000.00,272
KIMS,EQ,20,SMALLCAP,309229800000.00,273
ACMESOLAR,EQ,20,SMALLCAP,305216900000.00,274
SCHNEIDER,EQ,20,SMALLCAP,304953300000.00,275
BLUESTARCO,EQ,No Band,SMALLCAP,300084600000.00,276
DELHIVERY,EQ,No Band,SMALLCAP,299717800000.00,277
HEXT,EQ,20,SMALLCAP,299072500000.00,278
IKS,EQ,20,SMALLCAP,298004300000.00,279
HONAUT,EQ,20,SMALLCAP,295925800000.00,280
DHOOTTRANS,EQ,10,SMALLCAP,295244700000.00,281
ESCORTS,EQ,20,SMALLCAP,293487300000.00,282
SHYAMMETL,EQ,20,SMALLCAP,291681800000.00,283
JUBLFOOD,EQ,No Band,SMALLCAP,291617100000.00,284
MANAPPURAM,EQ,No Band,SMALLCAP,290160900000.00,285
MRPL,EQ,20,SMALLCAP,288758200000.00,286
GODFRYPHLP,EQ,No Band,SMALLCAP,288519500000.00,287
UCOBANK,EQ,20,SMALLCAP,287532100000.00,288
ABSLAMC,EQ,20,SMALLCAP,286973300000.00,289
RRKABEL,EQ,20,SMALLCAP,284822300000.00,290
PNBHOUSING,EQ,No Band,SMALLCAP,284797900000.00,291
TATATECH,EQ,20,SMALLCAP,283749000000.00,292
BANDHANBNK,EQ,No Band,SMALLCAP,283561900000.00,293
LICHSGFIN,EQ,No Band,SMALLCAP,279982100000.00,294
NEULANDLAB,EQ,20,SMALLCAP,275906800000.00,295
CENTRALBK,EQ,20,SMALLCAP,271542000000.00,296
RUBICON,EQ,20,SMALLCAP,269966000000.00,297
NETWEB,EQ,20,SMALLCAP,268720800000.00,298
CRAFTSMAN,EQ,20,SMALLCAP,268501400000.00,299
SANSERA,EQ,20,SMALLCAP,266935800000.00,300
NIACL,EQ,20,SMALLCAP,264026100000.00,301
PPLPHARMA,EQ,20,SMALLCAP,262313900000.00,302
ACUTAAS,EQ,20,SMALLCAP,261701000000.00,303
CDSL,EQ,No Band,SMALLCAP,259682500000.00,304
CHOLAHLDNG,EQ,20,SMALLCAP,257180000000.00,305
APOLLOTYRE,EQ,20,SMALLCAP,256037300000.00,306
ZFCVINDIA,EQ,20,SMALLCAP,255038100000.00,307
ANGELONE,EQ,No Band,SMALLCAP,253159800000.00,308
GABRIEL,EQ,20,SMALLCAP,251999000000.00,309
IIFL,EQ,20,SMALLCAP,249205500000.00,310
HATSUN,EQ,20,SMALLCAP,249054800000.00,311
TDPOWERSYS,EQ,20,SMALLCAP,248502900000.00,312
GRSE,EQ,20,SMALLCAP,241830700000.00,313
ASAHIINDIA,EQ,20,SMALLCAP,240715000000.00,314
TVSHLTD,EQ,20,SMALLCAP,240478800000.00,315
MTARTECH,BE,5,SMALLCAP,239832500000.00,316
CGCL,EQ,20,SMALLCAP,239797600000.00,317
DATAPATTNS,EQ,20,SMALLCAP,238004600000.00,318
MILKYMIST,BE,5,SMALLCAP,237458200000.00,319
GODIGIT,EQ,20,SMALLCAP,236975800000.00,320
SUNTV,EQ,20,SMALLCAP,236411400000.00,321
CARBORUNIV,EQ,20,SMALLCAP,236169500000.00,322
SUNDRMFAST,EQ,20,SMALLCAP,236100200000.00,323
PFOCUS,EQ,20,SMALLCAP,234839300000.00,324
JYOTICNC,EQ,20,SMALLCAP,234723400000.00,325
TIMKEN,EQ,20,SMALLCAP,233087800000.00,326
ITI,EQ,20,SMALLCAP,232567300000.00,327
KPIL,EQ,20,SMALLCAP,231635900000.00,328
URBANCO,EQ,20,SMALLCAP,230216900000.00,329
BELRISE,EQ,20,SMALLCAP,229698600000.00,330
AMBER,EQ,No Band,SMALLCAP,229240500000.00,331
KAYNES,EQ,No Band,SMALLCAP,228489300000.00,332
CUB,EQ,20,SMALLCAP,227920700000.00,333
SJVN,EQ,20,SMALLCAP,227574400000.00,334
METROBRAND,EQ,20,SMALLCAP,227221700000.00,335
AWL,EQ,20,SMALLCAP,226623600000.00,336
WELSPUNLIV,EQ,20,SMALLCAP,225165400000.00,337
GILLETTE,EQ,20,SMALLCAP,224805400000.00,338
GRANULES,EQ,20,SMALLCAP,224156800000.00,339
FINCABLES,EQ,20,SMALLCAP,223107900000.00,340
MSUMI,EQ,20,SMALLCAP,222359600000.00,341
ACC,EQ,20,SMALLCAP,222114800000.00,342
AETHER,EQ,20,SMALLCAP,221655500000.00,343
FORCEMOT,EQ,No Band,SMALLCAP,221361200000.00,344
GRINDWELL,EQ,20,SMALLCAP,218760600000.00,345
GESHIP,EQ,20,SMALLCAP,218519400000.00,346
LALITHAA,EQ,5,SMALLCAP,217083500000.00,347
HBLENGINE,EQ,20,SMALLCAP,216031900000.00,348
GUJENERGY,EQ,20,SMALLCAP,215858800000.00,349
PGHH,EQ,20,SMALLCAP,215506800000.00,350
EMMVEE,EQ,10,SMALLCAP,211788300000.00,351
NBCC,EQ,No Band,SMALLCAP,208980000000.00,352
SHILPAMED,EQ,20,SMALLCAP,208834200000.00,353
SUMICHEM,EQ,20,SMALLCAP,208443300000.00,354
SHRIPISTON,EQ,20,SMALLCAP,208297500000.00,355
ANANTRAJ,EQ,20,SMALLCAP,207954900000.00,356
DIACABS,BE,5,SMALLCAP,206334500000.00,357
IRB,EQ,20,SMALLCAP,205326000000.00,358
SIGMAADV,BE,5,SMALLCAP,204534500000.00,359
AFFLE,EQ,20,SMALLCAP,203966700000.00,360
DEEPAKNTR,EQ,20,SMALLCAP,203607500000.00,361
CEMPRO,EQ,5,SMALLCAP,202520400000.00,362
SAGILITY,EQ,No Band,SMALLCAP,202093000000.00,363
CHENNPETRO,EQ,20,SMALLCAP,200494300000.00,364
CAPLIPOINT,EQ,20,SMALLCAP,200055200000.00,365
TENNIND,EQ,20,SMALLCAP,199945600000.00,366
IGL,EQ,20,SMALLCAP,199906200000.00,367
CREDITACC,EQ,20,SMALLCAP,198882000000.00,368
INOXINDIA,EQ,20,SMALLCAP,197147200000.00,369
CASTROLIND,EQ,20,SMALLCAP,196874900000.00,370
KIOCL,EQ,20,SMALLCAP,196820200000.00,371
AADHARHFC,EQ,20,SMALLCAP,196575500000.00,372
RAMCOCEM,EQ,20,SMALLCAP,196323500000.00,373
PINELABS,EQ,20,SMALLCAP,193524400000.00,374
TATAELXSI,EQ,No Band,SMALLCAP,192699200000.00,375
KAJARIACER,EQ,20,SMALLCAP,192516000000.00,376
ABDL,EQ,10,SMALLCAP,190049100000.00,377
THELEELA,EQ,10,SMALLCAP,190005300000.00,378
HAPPYFORGE,EQ,5,SMALLCAP,189151600000.00,379
EIHOTEL,EQ,20,SMALLCAP,186264700000.00,380
BRIGADE,EQ,20,SMALLCAP,185785000000.00,381
AZAD,EQ,20,SMALLCAP,184761900000.00,382
ELGIEQUIP,EQ,20,SMALLCAP,184377000000.00,383
RATNAMANI,EQ,20,SMALLCAP,183599000000.00,384
CHALET,EQ,20,SMALLCAP,181819900000.00,385
AEQUS,EQ,20,SMALLCAP,180247800000.00,386
TBOTEK,EQ,20,SMALLCAP,178718800000.00,387
LMW,EQ,20,SMALLCAP,176782300000.00,388
PFIZER,EQ,20,SMALLCAP,176535900000.00,389
ENGINERSIN,EQ,20,SMALLCAP,175778800000.00,390
IFCI,EQ,20,SMALLCAP,175507600000.00,391
CESC,EQ,20,SMALLCAP,174471600000.00,392
MOLBIO,EQ,20,SMALLCAP,174369600000.00,393
SARDAEN,EQ,20,SMALLCAP,174340600000.00,394
FSL,EQ,20,SMALLCAP,173247900000.00,395
ONESOURCE,EQ,20,SMALLCAP,172928100000.00,396
COHANCE,EQ,20,SMALLCAP,172666200000.00,397
ATUL,EQ,20,SMALLCAP,172558100000.00,398
JINDALSAW,EQ,20,SMALLCAP,172414100000.00,399
ALIVUS,EQ,20,SMALLCAP,168712500000.00,400
AARTIIND,EQ,20,SMALLCAP,168711000000.00,401
TRITURBINE,EQ,20,SMALLCAP,168487300000.00,402
CAMS,EQ,No Band,SMALLCAP,168302500000.00,403
ESDS,EQ,5,SMALLCAP,168092300000.00,404
POLYMED,EQ,20,SMALLCAP,166611100000.00,405
ECLERX,EQ,20,SMALLCAP,165854400000.00,406
ERIS,EQ,20,SMALLCAP,165071200000.00,407
DEEPAKFERT,EQ,20,SMALLCAP,164222800000.00,408
OLAELEC,EQ,20,SMALLCAP,163845500000.00,409
BEML,EQ,20,SMALLCAP,163438000000.00,410
EMAMILTD,EQ,20,SMALLCAP,162661700000.00,411
NATCOPHARM,EQ,20,SMALLCAP,161112700000.00,412
GRWRHITECH,EQ,20,SMALLCAP,160895900000.00,413
SHADOWFAX,EQ,20,SMALLCAP,160323500000.00,414
CHOICEIN,EQ,20,SMALLCAP,160265400000.00,415
APLLTD,EQ,20,SMALLCAP,160248100000.00,416
CHAMBLFERT,EQ,20,SMALLCAP,159980500000.00,417
BAYERCROP,EQ,20,SMALLCAP,159733200000.00,418
TRAVELFOOD,EQ,10,SMALLCAP,159119000000.00,419
JUBLPHARMA,EQ,20,SMALLCAP,158291700000.00,420
FINEORG,EQ,20,SMALLCAP,157316300000.00,421
TEGA,EQ,20,SMALLCAP,157272300000.00,422
MINDACORP,EQ,20,SMALLCAP,157068100000.00,423
PARADEEP,EQ,20,SMALLCAP,157045000000.00,424
ZYDUSWELL,EQ,20,SMALLCAP,156932800000.00,425
DEVYANI,EQ,20,SMALLCAP,156669700000.00,426
NAVA,EQ,20,SMALLCAP,156530200000.00,427
GMDCLTD,EQ,20,SMALLCAP,155072700000.00,428
TATACHEM,EQ,20,SMALLCAP,154840900000.00,429
ASTRAMICRO,EQ,20,SMALLCAP,154238200000.00,430
AGARWALEYE,EQ,20,SMALLCAP,154217400000.00,431
J&KBANK,EQ,20,SMALLCAP,154143500000.00,432
GRAPHITE,EQ,20,SMALLCAP,153594500000.00,433
VTL,EQ,20,SMALLCAP,153258500000.00,434
CLEANMAX,EQ,20,SMALLCAP,152794300000.00,435
JNPR,EQ,10,SMALLCAP,152633800000.00,436
AVALON,EQ,20,SMALLCAP,152505000000.00,437
LLOYDSENGG,EQ,20,SMALLCAP,152131400000.00,438
SAMMAANCAP,EQ,20,SMALLCAP,151778800000.00,439
SEDEMAC,EQ,20,SMALLCAP,151628500000.00,440
THANGAMAYL,EQ,5,SMALLCAP,151089700000.00,441
ASTRAZEN,EQ,20,SMALLCAP,150775000000.00,442
JSWCEMENT,EQ,20,SMALLCAP,150698500000.00,443
USHAMART,EQ,20,SMALLCAP,149673700000.00,444
FIVESTAR,EQ,20,SMALLCAP,149442800000.00,445
PSB,EQ,20,SMALLCAP,148723500000.00,446
NAZARA,EQ,20,SMALLCAP,148501400000.00,447
CENTURYPLY,EQ,20,SMALLCAP,148067200000.00,448
BASF,EQ,20,SMALLCAP,147911400000.00,449
BHARATCOAL,EQ,20,SMALLCAP,147859800000.00,450
MARKSANS,EQ,20,SMALLCAP,147550100000.00,451
VIJAYA,EQ,20,SMALLCAP,147080700000.00,452
SPLPETRO,EQ,20,SMALLCAP,146756900000.00,453
APOLLO,EQ,20,SMALLCAP,146410200000.00,454
CMPDI,EQ,20,SMALLCAP,145927300000.00,455
SYNGENE,EQ,20,SMALLCAP,145710700000.00,456
ARVIND,EQ,20,SMALLCAP,145283300000.00,457
GPIL,EQ,20,SMALLCAP,145197500000.00,458
ACE,EQ,20,SMALLCAP,144297500000.00,459
KFINTECH,EQ,No Band,SMALLCAP,143829600000.00,460
CONCORDBIO,EQ,20,SMALLCAP,143753100000.00,461
INDGN,EQ,20,SMALLCAP,143498100000.00,462
SWANDEF,BE,5,SMALLCAP,143200600000.00,463
CIEINDIA,EQ,20,SMALLCAP,142773000000.00,464
KANSAINER,EQ,20,SMALLCAP,141767900000.00,465
ZENTEC,EQ,20,SMALLCAP,141754000000.00,466
MAHSCOOTER,EQ,20,SMALLCAP,141485700000.00,467
BBOX,EQ,10,SMALLCAP,141342300000.00,468
CCL,EQ,20,SMALLCAP,140873300000.00,469
DCMSHRIRAM,EQ,20,SMALLCAP,140451400000.00,470
KIRLOSBROS,EQ,20,SMALLCAP,140363200000.00,471
KSB,EQ,20,SMALLCAP,140353900000.00,472
HORIZONIND,EQ,10,SMALLCAP,140253200000.00,473
PRIVISCL,EQ,20,SMALLCAP,139571000000.00,474
HONASA,EQ,20,SMALLCAP,139505800000.00,475
LTFOODS,EQ,20,SMALLCAP,138606000000.00,476
SHAILY,EQ,20,SMALLCAP,138404300000.00,477
TMB,EQ,20,SMALLCAP,138090400000.00,478
PGEL,EQ,No Band,SMALLCAP,137841300000.00,479
JSWDULUX,EQ,20,SMALLCAP,137559100000.00,480
BALRAMCHIN,EQ,20,SMALLCAP,137337400000.00,481
ARE&M,EQ,20,SMALLCAP,136793200000.00,482
CARTRADE,EQ,20,SMALLCAP,136442500000.00,483
CANHLIFE,EQ,20,SMALLCAP,136065000000.00,484
SUDEEPPHRM,EQ,5,SMALLCAP,135515800000.00,485
NIVABUPA,EQ,20,SMALLCAP,135451200000.00,486
SKFINDUS,EQ,20,SMALLCAP,135173300000.00,487
LUMAXTECH,EQ,20,SMALLCAP,134877300000.00,488
IGIL,EQ,10,SMALLCAP,134812200000.00,489
TI,EQ,20,SMALLCAP,134497000000.00,490
KPITTECH,EQ,No Band,SMALLCAP,134040200000.00,491
E2E,BE,5,SMALLCAP,133136700000.00,492
CEATLTD,EQ,20,SMALLCAP,132586400000.00,493
ANURAS,EQ,20,SMALLCAP,132487100000.00,494
KARAMTARA,EQ,10,SMALLCAP,132253100000.00,495
ATLANTAELE,EQ,10,SMALLCAP,131993100000.00,496
INGERRAND,EQ,20,SMALLCAP,131285000000.00,497
EDELWEISS,EQ,20,SMALLCAP,130528000000.00,498
CROMPTON,EQ,No Band,SMALLCAP,130521500000.00,499
RAINBOW,EQ,20,MICROCAP,129745000000.00,500
SOBHA,EQ,20,MICROCAP,129720400000.00,501
PRUDENT,EQ,20,MICROCAP,129151600000.00,502
VENTIVE,EQ,10,MICROCAP,128961700000.00,503
JBMA,EQ,20,MICROCAP,128806600000.00,504
RKFORGE,EQ,20,MICROCAP,128803900000.00,505
VGUARD,EQ,20,MICROCAP,128686300000.00,506
UJJIVANSFB,EQ,No Band,MICROCAP,127989300000.00,507
VEDPOWER,EQ,20,MICROCAP,127939200000.00,508
GALLANTT,EQ,10,MICROCAP,127915100000.00,509
DOMS,EQ,20,MICROCAP,127293800000.00,510
VARROC,EQ,20,MICROCAP,126904400000.00,511
PCBL,EQ,20,MICROCAP,126498200000.00,512
BIKAJI,EQ,20,MICROCAP,126383700000.00,513
SHREEJISPG,EQ,10,MICROCAP,126318700000.00,514
FRACTAL,EQ,20,MICROCAP,126282000000.00,515
MANYAVAR,EQ,20,MICROCAP,126154300000.00,516
PCJEWELLER,EQ,20,MICROCAP,125735400000.00,517
SKYGOLD,EQ,20,MICROCAP,125548500000.00,518
VINATIORGA,EQ,20,MICROCAP,125238500000.00,519
WABAG,EQ,20,MICROCAP,125140800000.00,520
JSWHL,EQ,20,MICROCAP,124946200000.00,521
VOGL,EQ,20,MICROCAP,124854900000.00,522
AKUMS,EQ,10,MICROCAP,124487300000.00,523
SOUTHBANK,EQ,20,MICROCAP,124269300000.00,524
CORONA,EQ,20,MICROCAP,124118300000.00,525
UTLSOLAR,EQ,10,MICROCAP,123267100000.00,526
ABREL,EQ,20,MICROCAP,121993600000.00,527
ASKAUTOLTD,EQ,20,MICROCAP,121863700000.00,528
AMAGI,EQ,20,MICROCAP,121824600000.00,529
VISL,EQ,5,MICROCAP,121692500000.00,530
KTKBANK,EQ,20,MICROCAP,121676300000.00,531
GODREJAGRO,EQ,20,MICROCAP,121584800000.00,532
QPOWER,EQ,5,MICROCAP,121169000000.00,533
BLUESTONE,EQ,20,MICROCAP,120396000000.00,534
EIDPARRY,EQ,20,MICROCAP,120040000000.00,535
NSLNISP,EQ,20,MICROCAP,120008300000.00,536
PVRINOX,EQ,20,MICROCAP,119342400000.00,537
LLOYDSENT,EQ,20,MICROCAP,118991800000.00,538
INOXWIND,EQ,No Band,MICROCAP,118816400000.00,539
MANORAMA,EQ,20,MICROCAP,118689000000.00,540
JMFINANCIL,EQ,20,MICROCAP,118094400000.00,541
HOMEFIRST,EQ,20,MICROCAP,117706700000.00,542
PARKHOSPS,EQ,10,MICROCAP,116966900000.00,543
PGIL,EQ,20,MICROCAP,116677300000.00,544
TECHNOE,EQ,20,MICROCAP,116136800000.00,545
CYIENT,EQ,20,MICROCAP,115106700000.00,546
NUVOCO,EQ,20,MICROCAP,115040000000.00,547
UTIAMC,EQ,20,MICROCAP,113591000000.00,548
APTUS,EQ,20,MICROCAP,113388000000.00,549
TRIDENT,EQ,20,MICROCAP,112918100000.00,550
LOTUSDEV,BE,5,MICROCAP,112440700000.00,551
METROPOLIS,EQ,20,MICROCAP,111589400000.00,552
BLACKBUCK,EQ,20,MICROCAP,110465200000.00,553
WHIRLPOOL,EQ,20,MICROCAP,109319100000.00,554
AUGMONT,EQ,5,MICROCAP,109209600000.00,555
IIFLCAPS,EQ,20,MICROCAP,108985700000.00,556
TITAGARH,EQ,20,MICROCAP,108425900000.00,557
ELANTAS,EQ,20,MICROCAP,106817600000.00,558
BLUEDART,EQ,20,MICROCAP,106699800000.00,559
VOLTAMP,EQ,20,MICROCAP,105481100000.00,560
SIGNATURE,EQ,20,MICROCAP,103748900000.00,561
IRCON,EQ,20,MICROCAP,103691900000.00,562
MGL,EQ,20,MICROCAP,103262300000.00,563
GRAVITA,EQ,20,MICROCAP,102889000000.00,564
PARAS,EQ,10,MICROCAP,102829400000.00,565
BLUEJET,EQ,20,MICROCAP,102549600000.00,566
VIYASH,EQ,20,MICROCAP,102251700000.00,567
JPPOWER,EQ,20,MICROCAP,101431200000.00,568
RITES,EQ,20,MICROCAP,100676900000.00,569
JUBLINGREA,EQ,20,MICROCAP,100623200000.00,570
STAR,EQ,20,MICROCAP,99988960000.00,571
HCG,EQ,20,MICROCAP,99845850000.00,572
YATHARTH,EQ,20,MICROCAP,99601500000.00,573
RATEGAIN,EQ,20,MICROCAP,99587810000.00,574
SUDARSCHEM,EQ,20,MICROCAP,99183550000.00,575
KEC,EQ,20,MICROCAP,99119570000.00,576
ELECON,EQ,20,MICROCAP,98735970000.00,577
ZENSARTECH,EQ,20,MICROCAP,98499190000.00,578
JKTYRE,EQ,20,MICROCAP,98456690000.00,579
WELENT,EQ,20,MICROCAP,98245420000.00,580
AXISCADES,EQ,10,MICROCAP,98137520000.00,581
JAINREC,EQ,20,MICROCAP,97486740000.00,582
INDIAMART,EQ,20,MICROCAP,97434410000.00,583
AVANTIFEED,EQ,20,MICROCAP,96945580000.00,584
JWL,EQ,20,MICROCAP,95701050000.00,585
SAREGAMA,EQ,20,MICROCAP,94971960000.00,586
CANFINHOME,EQ,20,MICROCAP,94672910000.00,587
AAVAS,EQ,20,MICROCAP,94431620000.00,588
IEX,EQ,No Band,MICROCAP,94248050000.00,589
KENNAMET,EQ,20,MICROCAP,94011920000.00,590
MAHSEAMLES,EQ,20,MICROCAP,93631980000.00,591
SGMART,EQ,20,MICROCAP,93572420000.00,592
DYNAMATECH,EQ,20,MICROCAP,93423090000.00,593
SBFC,EQ,20,MICROCAP,93308880000.00,594
BBTC,EQ,20,MICROCAP,93089670000.00,595
FINPIPE,EQ,20,MICROCAP,93050060000.00,596
MPIMANIPAL,EQ,20,MICROCAP,93046340000.00,597
MAXESTATES,EQ,20,MICROCAP,92627100000.00,598
KRN,EQ,5,MICROCAP,92604120000.00,599
PRECWIRE,EQ,20,MICROCAP,91659920000.00,600
WEWORK,EQ,20,MICROCAP,91598790000.00,601
INDIACEM,EQ,20,MICROCAP,91466160000.00,602
WESTLIFE,EQ,20,MICROCAP,91218380000.00,603
TSFINV,EQ,20,MICROCAP,90873800000.00,604
SMLMAH,EQ,5,MICROCAP,90462260000.00,605
ABLBL,EQ,20,MICROCAP,90417660000.00,606
UNIMECH,EQ,10,MICROCAP,90249240000.00,607
KWIL,EQ,20,MICROCAP,90130320000.00,608
OLECTRA,EQ,20,MICROCAP,89976910000.00,609
PRICOLLTD,EQ,20,MICROCAP,89521960000.00,610
KINGFA,EQ,20,MICROCAP,89256170000.00,611
AFCONS,EQ,20,MICROCAP,89147320000.00,612
BLS,EQ,20,MICROCAP,89107770000.00,613
ALKYLAMINE,EQ,20,MICROCAP,89069520000.00,614
PGHL,EQ,20,MICROCAP,88972690000.00,615
KIRLPNU,EQ,20,MICROCAP,88930860000.00,616
TIMETECHNO,EQ,20,MICROCAP,88696410000.00,617
JAYNECOIND,EQ,20,MICROCAP,88632720000.00,618
PNC,EQ,20,MICROCAP,88178526011.00,619
ICIL,EQ,20,MICROCAP,87866800000.00,620
AARTIPHARM,EQ,20,MICROCAP,87823400000.00,621
SHIPROCKET,EQ,20,MICROCAP,87294760000.00,622
SANOFICONR,EQ,20,MICROCAP,87221570000.00,623
SUVEN,EQ,20,MICROCAP,87114080000.00,624
GNFC,EQ,20,MICROCAP,86570100000.00,625
SANDUMA,EQ,20,MICROCAP,86366240000.00,626
KRBL,EQ,20,MICROCAP,86039710000.00,627
INTELLECT,EQ,20,MICROCAP,85816050000.00,628
PNGJL,EQ,10,MICROCAP,85664550000.00,629
SWANCORP,EQ,20,MICROCAP,85511040000.00,630
CLEAN,EQ,20,MICROCAP,85351460000.00,631
LEMONTREE,EQ,20,MICROCAP,85258230000.00,632
JLHL,EQ,20,MICROCAP,85186660000.00,633
GENUSPOWER,EQ,20,MICROCAP,85159930000.00,634
THYROCARE,EQ,20,MICROCAP,84930610000.00,635
FIRSTCRY,EQ,20,MICROCAP,84871550000.00,636
ESABINDIA,EQ,20,MICROCAP,84669300000.00,637
MMTC,EQ,20,MICROCAP,84435000000.00,638
WAAREERTL,EQ,20,MICROCAP,84421910000.00,639
BANCOINDIA,EQ,20,MICROCAP,84370550000.00,640
TARIL,EQ,20,MICROCAP,84286560000.00,641
GALAXYSURF,EQ,20,MICROCAP,84272400000.00,642
RPEL,EQ,20,MICROCAP,83527440000.00,643
SETL,EQ,5,MICROCAP,83178050000.00,644
TEJASNET,EQ,20,MICROCAP,82985710000.00,645
RAILTEL,EQ,20,MICROCAP,82545360000.00,646
TIPSMUSIC,EQ,20,MICROCAP,82139940000.00,647
VESUVIUS,EQ,20,MICROCAP,82016460000.00,648
NCC,EQ,20,MICROCAP,81657730000.00,649
MIDHANI,EQ,20,MICROCAP,81230630000.00,650
EBGNG,EQ,10,MICROCAP,80343910000.00,651
RPOWER,EQ,20,MICROCAP,80275310000.00,652
GPPL,EQ,20,MICROCAP,80193020000.00,653
RAYMOND,EQ,10,MICROCAP,79675380000.00,654
GMRP&UI,EQ,20,MICROCAP,79562260000.00,655
RHIM,EQ,20,MICROCAP,79472070000.00,656
HEGAM,EQ,20,MICROCAP,78914280000.00,657
BATAINDIA,EQ,20,MICROCAP,78787380000.00,658
MEDPLUS,EQ,20,MICROCAP,78573330000.00,659
EMIL,EQ,20,MICROCAP,78507980000.00,660
POWERMECH,EQ,20,MICROCAP,78288270000.00,661
EQUITASBNK,EQ,20,MICROCAP,78269720000.00,662
SUNFLAG,EQ,5,MICROCAP,78125130000.00,663
EMBDL,EQ,10,MICROCAP,78022580000.00,664
RELIGARE,EQ,20,MICROCAP,77423750000.00,665
SYMBIOTEC,EQ,20,MICROCAP,76978820000.00,666
KIRLFER,EQ,20,MICROCAP,76935710000.00,667
GRINFRA,EQ,20,MICROCAP,76460170000.00,668
HEROMOTORS,EQ,10,MICROCAP,76217380000.00,669
MBAPL,EQ,20,MICROCAP,76092380000.00,670
BSOFT,EQ,20,MICROCAP,75440190000.00,671
OMNI,EQ,20,MICROCAP,75269320000.00,672
GARFIBRES,EQ,20,MICROCAP,75032990000.00,673
SUPRIYA,EQ,20,MICROCAP,74929480000.00,674
MAHLIFE,EQ,20,MICROCAP,74915300000.00,675
KMEW,EQ,20,MICROCAP,74827270000.00,676
POWERICA,EQ,10,MICROCAP,74558040000.00,677
EPL,EQ,20,MICROCAP,74555630000.00,678
AVL,EQ,20,MICROCAP,74159810000.00,679
V2RETAIL,EQ,20,MICROCAP,73686840000.00,680
TIMEX,EQ,20,MICROCAP,73643020000.00,681
ORKLAINDIA,EQ,20,MICROCAP,73590620000.00,682
MOREPENLAB,EQ,10,MICROCAP,73272370000.00,683
ENTERO,EQ,20,MICROCAP,73153580000.00,684
CORDELIA,EQ,5,MICROCAP,73053340000.00,685
PAISALO,EQ,20,MICROCAP,73040520000.00,686
CELLO,EQ,20,MICROCAP,72871410000.00,687
BLISSGVS,BE,5,MICROCAP,72687510000.00,688
KAMAHOLD,EQ,20,MICROCAP,72620970000.00,689
OPTIEMUS,EQ,20,MICROCAP,72466770000.00,690
NESCO,EQ,20,MICROCAP,72446930000.00,691
GAEL,EQ,20,MICROCAP,72327770000.00,692
NEOGEN,EQ,20,MICROCAP,72315130000.00,693
STARCEMENT,EQ,20,MICROCAP,72101740000.00,694
KANOHAR,EQ,20,MICROCAP,71770980000.00,695
SKFINDIA,EQ,20,MICROCAP,71694940000.00,696
IXIGO,EQ,20,MICROCAP,71411690000.00,697
RELAXO,EQ,20,MICROCAP,71034630000.00,698
CYIENTDLM,EQ,20,MICROCAP,70960790000.00,699
SONATSOFTW,EQ,20,MICROCAP,70561410000.00,700
INDIASHLTR,EQ,20,MICROCAP,70497560000.00,701
RAIN,EQ,20,MICROCAP,70134800000.00,702
SANOFI,EQ,20,MICROCAP,69953210000.00,703
HNDFDS,EQ,20,MICROCAP,69704160000.00,704
KSHINTL,EQ,20,MICROCAP,69666410000.00,705
SJS,EQ,20,MICROCAP,69652530000.00,706
BENGALASM,EQ,20,MICROCAP,69426940000.00,707
CENTUM,EQ,20,MICROCAP,69406570000.00,708
JKPAPER,EQ,20,MICROCAP,69372560000.00,709
TTKPRESTIG,EQ,20,MICROCAP,69359770000.00,710
MANINDS,EQ,20,MICROCAP,69125070000.00,711
ZEEL,EQ,20,MICROCAP,69080550000.00,712
AEROFLEX,EQ,10,MICROCAP,68990650000.00,713
KPIGREEN,EQ,20,MICROCAP,68315430000.00,714
EUREKAFORB,EQ,20,MICROCAP,68256980000.00,715
TTML,EQ,20,MICROCAP,68070590000.00,716
ETHOSLTD,EQ,20,MICROCAP,67747800000.00,717
ISGEC,EQ,20,MICROCAP,67625090000.00,718
SAFARI,EQ,20,MICROCAP,67557480000.00,719
SAPPHIRE,EQ,20,MICROCAP,67432560000.00,720
TCI,EQ,20,MICROCAP,67388590000.00,721
SFL,EQ,20,MICROCAP,67340230000.00,722
JYOTHYLAB,EQ,20,MICROCAP,67167200000.00,723
AJAXENGG,EQ,10,MICROCAP,67090800000.00,724
INNOVACAP,EQ,20,MICROCAP,66838720000.00,725
INOXGREEN,EQ,20,MICROCAP,66716800000.00,726
BALAMINES,EQ,20,MICROCAP,66493340000.00,727
CEIGALL,EQ,10,MICROCAP,66215270000.00,728
BORORENEW,EQ,20,MICROCAP,66173800000.00,729
KISSHT,EQ,20,MICROCAP,66107050000.00,730
SKIPPER,EQ,20,MICROCAP,66095370000.00,731
SUPRAJIT,EQ,20,MICROCAP,65992470000.00,732
IBULLSLTD,EQ,5,MICROCAP,65958580000.00,733
SPECTRUM,BE,5,MICROCAP,65844840000.00,734
CERA,EQ,20,MICROCAP,65719240000.00,735
RBA,EQ,10,MICROCAP,65680770000.00,736
TIIL,EQ,20,MICROCAP,65610540000.00,737
KOVAI,EQ,20,MICROCAP,65582450000.00,738
BECTORFOOD,EQ,20,MICROCAP,65398210000.00,739
NEPHROPLUS,EQ,20,MICROCAP,65257770000.00,740
BAJAJCON,EQ,20,MICROCAP,64923840000.00,741
GMMPFAUDLR,EQ,20,MICROCAP,64891260000.00,742
FCL,EQ,10,MICROCAP,64885990000.00,743
DBL,EQ,20,MICROCAP,64831730000.00,744
NEWGEN,EQ,20,MICROCAP,64553140000.00,745
TANLA,EQ,20,MICROCAP,64390040000.00,746
DCBBANK,EQ,20,MICROCAP,64344450000.00,747
TFCILTD,EQ,20,MICROCAP,64256610000.00,748
SHARDACROP,EQ,20,MICROCAP,63984380000.00,749
BIRLACORPN,EQ,20,NANOCAP,63833580000.00,750
TRANSRAILL,EQ,20,NANOCAP,63758190000.00,751
REDTAPE,EQ,20,NANOCAP,63733190000.00,752
IMFA,EQ,20,NANOCAP,63493190000.00,753
RPTECH,EQ,20,NANOCAP,63294640000.00,754
SPARC,EQ,10,NANOCAP,62999380000.00,755
CAMPUS,EQ,20,NANOCAP,62918060000.00,756
KUSUMGAR,EQ,10,NANOCAP,62212640000.00,757
SENORES,EQ,20,NANOCAP,62153920000.00,758
GOKULAGRO,EQ,20,NANOCAP,61997720000.00,759
IOLCP,EQ,20,NANOCAP,61461730000.00,760
SSWL,EQ,20,NANOCAP,61459200000.00,761
SBCL,EQ,10,NANOCAP,61429120000.00,762
MARINE,EQ,20,NANOCAP,61092730000.00,763
DODLA,EQ,20,NANOCAP,60707880000.00,764
LEAPIND,EQ,20,NANOCAP,60366710000.00,765
JSLL,EQ,20,NANOCAP,59763790000.00,766
VMART,EQ,20,NANOCAP,59371200000.00,767
ORCHPHARMA,EQ,20,NANOCAP,59286350000.00,768
STYL,EQ,10,NANOCAP,59220930000.00,769
JKLAKSHMI,EQ,20,NANOCAP,59167230000.00,770
RCF,EQ,20,NANOCAP,58920290000.00,771
ACI,EQ,20,NANOCAP,58648910000.00,772
GSFC,EQ,20,NANOCAP,58536350000.00,773
BALUFORGE,EQ,20,NANOCAP,58518460000.00,774
LCL,EQ,20,NANOCAP,58487840000.00,775
SMARTWORKS,EQ,20,NANOCAP,58408700000.00,776
SIS,EQ,20,NANOCAP,58354790000.00,777
GANESHHOU,EQ,20,NANOCAP,58295910000.00,778
RAMRAT,EQ,20,NANOCAP,57554370000.00,779
WHEELS,EQ,10,NANOCAP,57523060000.00,780
ROSSTECH,EQ,20,NANOCAP,57385340000.00,781
PICCADIL,EQ,20,NANOCAP,57275340000.00,782
ITDC,EQ,20,NANOCAP,57088110000.00,783
KRISHANA,EQ,20,NANOCAP,57063790000.00,784
TVSSCS,EQ,20,NANOCAP,56661960000.00,785
KALPATARU,EQ,10,NANOCAP,56321010000.00,786
JAIBALAJI,EQ,5,NANOCAP,56304160000.00,787
FEDFINA,EQ,20,NANOCAP,56184980000.00,788
SHAKTIPUMP,EQ,20,NANOCAP,56035020000.00,789
VIKRAMSOLR,EQ,20,NANOCAP,55929400000.00,790
PRAJIND,EQ,20,NANOCAP,55741320000.00,791
JUSTDIAL,EQ,10,NANOCAP,55549770000.00,792
FDC,EQ,20,NANOCAP,54687910000.00,793
NIRLON,EQ,20,NANOCAP,54683630000.00,794
RENTOMOJO,EQ,20,NANOCAP,54618640000.00,795
LGBBROSLTD,EQ,20,NANOCAP,54571110000.00,796
STYLAMIND,EQ,20,NANOCAP,54571060000.00,797
GREENLAM,EQ,20,NANOCAP,54504650000.00,798
ABFRL,EQ,20,NANOCAP,54184260000.00,799
GULFOILLUB,EQ,20,NANOCAP,54164190000.00,800
BOSCH-HCIL,EQ,20,NANOCAP,53489910000.00,801
SHARDAMOTR,EQ,20,NANOCAP,53320280000.00,802
CCAVENUE,EQ,20,NANOCAP,53314200000.00,803
ARTEMISMED,EQ,20,NANOCAP,53254220000.00,804
SSRETAIL,EQ,20,NANOCAP,53124480000.00,805
HCC,EQ,20,NANOCAP,52991840000.00,806
JAMNAAUTO,EQ,20,NANOCAP,52662040000.00,807
GREAVESCOT,EQ,20,NANOCAP,52642360000.00,808
NRBBEARING,EQ,20,NANOCAP,52590200000.00,809
PRSMJOHNSN,EQ,20,NANOCAP,52152770000.00,810
SENCO,EQ,20,NANOCAP,52022160000.00,811
LUMAXIND,EQ,20,NANOCAP,51879910000.00,812
CSBBANK,EQ,20,NANOCAP,51705280000.00,813
VADILALIND,EQ,20,NANOCAP,51658930000.00,814
TEXRAIL,EQ,20,NANOCAP,51614840000.00,815
SAATVIKGL,EQ,10,NANOCAP,51547430000.00,816
ROLEXRINGS,EQ,20,NANOCAP,51511730000.00,817
AGI,EQ,20,NANOCAP,51162690000.00,818
JSFB,EQ,20,NANOCAP,51048580000.00,819
ARVINDFASN,EQ,20,NANOCAP,50940240000.00,820
TRIVENI,EQ,20,NANOCAP,50886230000.00,821
BANSALWIRE,EQ,20,NANOCAP,50575400000.00,822
GOKEX,EQ,20,NANOCAP,50469960000.00,823
LXCHEM,EQ,20,NANOCAP,50410950000.00,824
UNIVCABLES,EQ,20,NANOCAP,50353410000.00,825
INDIGOPNTS,EQ,20,NANOCAP,50286330000.00,826
MANINFRA,EQ,20,NANOCAP,50175750000.00,827
SOTL,EQ,20,NANOCAP,50014820000.00,828
IONEXCHANG,EQ,20,NANOCAP,49958930000.00,829
DEEDEV,EQ,5,NANOCAP,49898800000.00,830
VRLLOG,EQ,20,NANOCAP,49865790000.00,831
GOODLUCK,EQ,20,NANOCAP,49792950000.00,832
DBREALTY,EQ,5,NANOCAP,49738700000.00,833
QUESS,EQ,20,NANOCAP,49723460000.00,834
GUJTHEM,EQ,20,NANOCAP,49691920000.00,835
MSTCLTD,EQ,10,NANOCAP,49688320000.00,836
MASFIN,EQ,20,NANOCAP,49509550000.00,837
PDSL,EQ,20,NANOCAP,49087060000.00,838
CMRGREEN,EQ,10,NANOCAP,48932610000.00,839
YASHO,EQ,20,NANOCAP,48662430000.00,840
LATENTVIEW,EQ,20,NANOCAP,48556880000.00,841
PURVA,EQ,20,NANOCAP,48530310000.00,842
NOVARTIND,EQ,10,NANOCAP,48517420000.00,843
RPGLIFE,EQ,20,NANOCAP,48470890000.00,844
CARERATING,EQ,20,NANOCAP,48270780000.00,845
MASTEK,EQ,20,NANOCAP,48233520000.00,846
PRASOLCHEM,EQ,10,NANOCAP,48178270000.00,847
ELLEN,EQ,10,NANOCAP,48157700000.00,848
FOSECOIND,EQ,20,NANOCAP,48106550000.00,849
KDDL,EQ,20,NANOCAP,48104950000.00,850
WSTCSTPAPR,EQ,20,NANOCAP,48060490000.00,851
EMUDHRA,EQ,20,NANOCAP,48030790000.00,852
SURYAROSNI,EQ,20,NANOCAP,48025710000.00,853
DEEPINDS,EQ,20,NANOCAP,47936000000.00,854
JUNIPER,EQ,10,NANOCAP,47835790000.00,855
SAMBHV,EQ,20,NANOCAP,47574700000.00,856
MOIL,EQ,20,NANOCAP,47342870000.00,857
IFBIND,EQ,20,NANOCAP,47253020000.00,858
FIEMIND,EQ,20,NANOCAP,47238530000.00,859
FILATEX,EQ,20,NANOCAP,47114590000.00,860
UFLEX,EQ,20,NANOCAP,46926630000.00,861
THOMASCOOK,EQ,20,NANOCAP,46924300000.00,862
ASHAPURMIN,EQ,20,NANOCAP,46803010000.00,863
GOLDIAM,EQ,20,NANOCAP,46793160000.00,864
NORTHARC,EQ,20,NANOCAP,46714800000.00,865
DATAMATICS,EQ,20,NANOCAP,46711780000.00,866
WAKEFIT,EQ,20,NANOCAP,46390540000.00,867
MAPMYINDIA,EQ,20,NANOCAP,46314160000.00,868
SHILCTECH,EQ,20,NANOCAP,46138330000.00,869
ELECTCAST,EQ,20,NANOCAP,46079480000.00,870
JINDWORLD,EQ,10,NANOCAP,45939220000.00,871
BAJAJHIND,EQ,20,NANOCAP,45842720000.00,872
HAPPSTMNDS,EQ,20,NANOCAP,45824750000.00,873
PTC,EQ,20,NANOCAP,45819130000.00,874
GVPIL,EQ,5,NANOCAP,45681070000.00,875
VENUSPIPES,EQ,20,NANOCAP,45676950000.00,876
RUSTOMJEE,EQ,20,NANOCAP,45634520000.00,877
ARCIL,EQ,10,NANOCAP,45459610000.00,878
RENUKA,EQ,20,NANOCAP,45421970000.00,879
SHAREINDIA,EQ,20,NANOCAP,44878930000.00,880
SUBROS,EQ,20,NANOCAP,44679960000.00,881
SHOPERSTOP,EQ,20,NANOCAP,44600230000.00,882
MPSLTD,EQ,20,NANOCAP,44593250000.00,883
GUJALKALI,EQ,20,NANOCAP,44326530000.00,884
VISHNU,EQ,20,NANOCAP,44310290000.00,885
CAPILLARY,EQ,20,NANOCAP,44147870000.00,886
SMSPHARMA,EQ,20,NANOCAP,44138200000.00,887
SHANTIGEAR,EQ,5,NANOCAP,44008050000.00,888
ZOTA,EQ,20,NANOCAP,43907200000.00,889
LCCPROJECT,EQ,10,NANOCAP,43876500000.00,890
PERNIASPOP,EQ,20,NANOCAP,43609270000.00,891
RESPONIND,EQ,20,NANOCAP,43347880000.00,892
HARSHA,EQ,20,NANOCAP,43200430000.00,893
CRAMC,EQ,20,NANOCAP,43177860000.00,894
RAYMONDREL,EQ,20,NANOCAP,43155280000.00,895
PILANIINVS,EQ,20,NANOCAP,43096520000.00,896
SWARAJENG,EQ,20,NANOCAP,43043330000.00,897
DPABHUSHAN,EQ,20,NANOCAP,42779520000.00,898
SANATHAN,EQ,10,NANOCAP,42569190000.00,899
HAWKINCOOK,EQ,20,NANOCAP,42440000000.00,900
EPIGRAL,EQ,20,NANOCAP,42373420000.00,901
TEMPSENS,EQ,20,NANOCAP,42356470000.00,902
WPIL,EQ,20,NANOCAP,42061930000.00,903
GUFICBIO,EQ,20,NANOCAP,41958200000.00,904
INDIQUBE,EQ,20,NANOCAP,41867410000.00,905
DHANUKA,EQ,20,NANOCAP,41682960000.00,906
SGFIN,EQ,20,NANOCAP,41635750000.00,907
TBZ,BE,5,NANOCAP,41603200000.00,908
ICRA,EQ,20,NANOCAP,41558020000.00,909
PITTIENG,EQ,20,NANOCAP,41483490000.00,910
BANARISUG,EQ,20,NANOCAP,41387280000.00,911
MAHLOG,EQ,20,NANOCAP,41339110000.00,912
SUNTECK,EQ,20,NANOCAP,41035000000.00,913
SINDHUTRAD,EQ,20,NANOCAP,40956190000.00,914
TATVA,EQ,20,NANOCAP,40777030000.00,915
SEAMECLTD,EQ,20,NANOCAP,40545250000.00,916
AYE,EQ,20,NANOCAP,40002210000.00,917
AVANTEL,EQ,20,NANOCAP,39940800000.00,918
VIPIND,EQ,20,NANOCAP,39882050000.00,919
KSL,EQ,20,NANOCAP,39855240000.00,920
HIRECT,EQ,20,NANOCAP,39848380000.00,921
COCKERILL,EQ,20,NANOCAP,39448190000.00,922
DECNGOLD,EQ,20,NANOCAP,39327960000.00,923
MHRIL,EQ,20,NANOCAP,39301640000.00,924
SYMPHONY,EQ,20,NANOCAP,39259440000.00,925
NETWORK18,EQ,20,NANOCAP,39213060000.00,926
ANTELOPUS,EQ,20,NANOCAP,39045970000.00,927
RALLIS,EQ,20,NANOCAP,38833490000.00,928
MOSCHIP,EQ,20,NANOCAP,38613070000.00,929
ASHIANA,EQ,20,NANOCAP,38596520000.00,930
SWSOLAR,EQ,20,NANOCAP,38492290000.00,931
AARTIDRUGS,EQ,20,NANOCAP,38424670000.00,932
RAYMONDLSL,EQ,20,NANOCAP,38230560000.00,933
TRUALT,EQ,20,NANOCAP,38099880000.00,934
GREENPLY,EQ,20,NANOCAP,37932750000.00,935
UNICHEMLAB,EQ,20,NANOCAP,37670600000.00,936
VSTTILLERS,EQ,20,NANOCAP,37551220000.00,937
HERITGFOOD,EQ,20,NANOCAP,37387510000.00,938
AHLUCONT,EQ,20,NANOCAP,37238380000.00,939
REFEX,EQ,20,NANOCAP,37230110000.00,940
SANGHVIMOV,EQ,20,NANOCAP,37184390000.00,941
KOLTEPATIL,EQ,20,NANOCAP,37139220000.00,942
RML,EQ,20,NANOCAP,37122200000.00,943
GRAUWEIL,EQ,20,NANOCAP,37089060000.00,944
VSSL,EQ,20,NANOCAP,37065560000.00,945
TARC,EQ,20,NANOCAP,37058200000.00,946
GHCL,EQ,20,NANOCAP,37013490000.00,947
KPL,EQ,20,NANOCAP,36984920000.00,948
UNIPARTS,EQ,20,NANOCAP,36969460000.00,949
63MOONS,EQ,20,NANOCAP,36966510000.00,950
LASERPOWER,EQ,10,NANOCAP,36881780000.00,951
NPST,EQ,20,NANOCAP,36855370000.00,952
PREMEXPLN,EQ,20,NANOCAP,36667820000.00,953
IDEAFORGE,EQ,5,NANOCAP,36542240000.00,954
KIRLOSIND,EQ,20,NANOCAP,36500680000.00,955
KSCL,EQ,20,NANOCAP,36499320000.00,956
JASH,EQ,20,NANOCAP,36418540000.00,957
RTNPOWER,EQ,20,NANOCAP,36194510000.00,958
STYRENIX,EQ,20,NANOCAP,36138460000.00,959
PACEDIGITK,EQ,20,NANOCAP,36122720000.00,960
STEELCAS,EQ,20,NANOCAP,36072740000.00,961
TCPLPACK,EQ,20,NANOCAP,35664330000.00,962
INDOTECH,EQ,5,NANOCAP,35551510000.00,963
KIRIINDUS,EQ,20,NANOCAP,35490490000.00,964
PNCINFRA,EQ,20,NANOCAP,35443450000.00,965
CMSINFO,EQ,20,NANOCAP,35243840000.00,966
ALOKINDS,EQ,10,NANOCAP,35054600000.00,967
RTNINDIA,EQ,20,NANOCAP,34964070000.00,968
JKIL,EQ,20,NANOCAP,34946110000.00,969
WELSPLSOL,EQ,20,NANOCAP,34840110000.00,970
DIVGIITTS,EQ,20,NANOCAP,34754440000.00,971
BAJAJELEC,EQ,20,NANOCAP,34604010000.00,972
SOLARA,EQ,20,NANOCAP,34422230000.00,973
INDSWFTLAB,EQ,20,NANOCAP,34362860000.00,974
SAMHI,EQ,20,NANOCAP,34325660000.00,975
CMLL,EQ,20,NANOCAP,34194800000.00,976
VAIBHAVGBL,EQ,20,NANOCAP,34135940000.00,977
VSTIND,EQ,20,NANOCAP,34102010000.00,978
SANDHAR,EQ,20,NANOCAP,33938530000.00,979
JTLIND,EQ,20,NANOCAP,33895430000.00,980
AURIONPRO,EQ,20,NANOCAP,33588040000.00,981
BOROLTD,EQ,20,NANOCAP,33508450000.00,982
NITINSPIN,EQ,20,NANOCAP,33428410000.00,983
INDOSTAR,EQ,20,NANOCAP,33360630000.00,984
POCL,EQ,20,NANOCAP,33333570000.00,985
TVSSRICHAK,EQ,20,NANOCAP,33302810000.00,986
PARAGMILK,EQ,20,NANOCAP,33003570000.00,987
ORIENTELEC,EQ,20,NANOCAP,32956500000.00,988
ARSSBL,EQ,20,NANOCAP,32860750000.00,989
LUXIND,EQ,20,NANOCAP,32838280000.00,990
MIDWESTLTD,EQ,10,NANOCAP,32694800000.00,991
AGIIL,EQ,20,NANOCAP,32499320000.00,992
EIEL,EQ,20,NANOCAP,32297520000.00,993
POLYPLEX,EQ,20,NANOCAP,32271450000.00,994
JTEKTINDIA,EQ,20,NANOCAP,32133660000.00,995
DALMIASUG,EQ,20,NANOCAP,32108620000.00,996
KNRCON,EQ,20,NANOCAP,31861070000.00,997
HEMIPROP,EQ,20,NANOCAP,31777500000.00,998
GOPAL,EQ,10,NANOCAP,31758870000.00,999
WONDERLA,EQ,20,NANOCAP,31414120000.00,1000
ANUP,EQ,20,NANOCAP,31383300000.00,1001
NFL,EQ,20,NANOCAP,31323430000.00,1002
SANGAMIND,EQ,20,NANOCAP,31293730000.00,1003
RSYSTEMS,EQ,20,NANOCAP,31235540000.00,1004
INDRAMEDCO,EQ,20,NANOCAP,31040480000.00,1005
VINDHYATEL,EQ,20,NANOCAP,31013710000.00,1006
PRABHA,EQ,20,NANOCAP,30935310000.00,1007
MAYURUNIQ,EQ,20,NANOCAP,30918700000.00,1008
ADFFOODS,EQ,20,NANOCAP,30915620000.00,1009
JUBLCPL,EQ,20,NANOCAP,30870170000.00,1010
BEPL,EQ,20,NANOCAP,30798720000.00,1011
APCOTEXIND,EQ,20,NANOCAP,30757020000.00,1012
DBCORP,EQ,20,NANOCAP,30752500000.00,1013
ADVENZYMES,EQ,20,NANOCAP,30709460000.00,1014
HLEGLAS,EQ,5,NANOCAP,30702470000.00,1015
BHAGCHEM,EQ,20,NANOCAP,30621350000.00,1016
NACLIND,EQ,20,NANOCAP,30547670000.00,1017
WINDMACHIN,EQ,20,NANOCAP,30329130000.00,1018
BUILDPRO,EQ,20,NANOCAP,30292260000.00,1019
CHEMPLASTS,EQ,20,NANOCAP,30287470000.00,1020
OSWALPUMPS,EQ,10,NANOCAP,30125790000.00,1021
SEIL,EQ,20,NANOCAP,30055480000.00,1022
IMAGICAA,EQ,20,NANOCAP,29879740000.00,1023
WEBELSOLAR,EQ,5,NANOCAP,29827030000.00,1024
CARYSIL,EQ,20,NANOCAP,29716830000.00,1025
PSPPROJECT,EQ,20,NANOCAP,29616380000.00,1026
HEIDELBERG,EQ,20,NANOCAP,29588880000.00,1027
ASHOKA,EQ,20,NANOCAP,29562960000.00,1028
ELPROINTL,EQ,10,NANOCAP,29541910000.00,1029
JAYKAY,EQ,20,NANOCAP,29491380000.00,1030
PANAMAPET,EQ,20,NANOCAP,29466430000.00,1031
CARRARO,EQ,20,NANOCAP,29454780000.00,1032
STEAMHOUSE,EQ,10,NANOCAP,29440040000.00,1033
LUMINO,EQ,20,NANOCAP,29383340000.00,1034
KLBRENG-B,EQ,20,NANOCAP,29341390000.00,1035
KKCL,EQ,20,NANOCAP,29312020000.00,1036
MUTHOOTMF,EQ,20,NANOCAP,29206500000.00,1037
CRIZAC,EQ,10,NANOCAP,29202830000.00,1038
BLSE,EQ,20,NANOCAP,29195140000.00,1039
RELTD,EQ,20,NANOCAP,29184630000.00,1040
RATNAVEER,EQ,20,NANOCAP,28992360000.00,1041
ASHIKAG,BE,5,NANOCAP,28982520000.00,1042
JINDALPOLY,EQ,10,NANOCAP,28623180000.00,1043
CONFIPET,EQ,20,NANOCAP,28589340000.00,1044
SUNDROP,EQ,20,NANOCAP,28391380000.00,1045
NOCIL,EQ,20,NANOCAP,28202160000.00,1046
STYLEBAAZA,EQ,5,NANOCAP,28037830000.00,1047
INTERARCH,EQ,20,NANOCAP,28032310000.00,1048
NILKAMAL,EQ,20,NANOCAP,27931980000.00,1049
FUSION,EQ,20,NANOCAP,27920720000.00,1050
SBC,EQ,20,NANOCAP,27876160000.00,1051
INDNIPPON,EQ,20,NANOCAP,27697670000.00,1052
GANDHAR,EQ,20,NANOCAP,27660760000.00,1053
KERNEX,EQ,20,NANOCAP,27616750000.00,1054
MMFL,EQ,20,NANOCAP,27614660000.00,1055
ROUTE,EQ,20,NANOCAP,27494540000.00,1056
RPSGVENT,EQ,10,NANOCAP,27456760000.00,1057
NAVNETEDUL,EQ,20,NANOCAP,27401680000.00,1058
HGINFRA,EQ,20,NANOCAP,27365350000.00,1059
ADOR,EQ,20,NANOCAP,27329380000.00,1060
PRINCEPIPE,EQ,20,NANOCAP,27297530000.00,1061
BALMLAWRIE,EQ,20,NANOCAP,27240910000.00,1062
ARVSMART,EQ,20,NANOCAP,27205810000.00,1063
SHUKRAPHAR,EQ,20,NANOCAP,27168170000.00,1064
MONARCH,EQ,20,NANOCAP,27165260000.00,1065
GIPCL,EQ,20,NANOCAP,27136400000.00,1066
UFBL,BE,5,NANOCAP,27098760000.00,1067
MANGLMCEM,EQ,20,NANOCAP,27075210000.00,1068
RISHABH,EQ,20,NANOCAP,27041440000.00,1069
MAITHANALL,EQ,20,NANOCAP,26986410000.00,1070
STALLION,BE,5,NANOCAP,26909830000.00,1071
HIKAL,EQ,20,NANOCAP,26896830000.00,1072
STOVEKRAFT,EQ,20,NANOCAP,26788790000.00,1073
KABRAEXTRU,BE,5,NANOCAP,26764710000.00,1074
ALEMBICLTD,EQ,20,NANOCAP,26733560000.00,1075
XPROINDIA,EQ,20,NANOCAP,26667060000.00,1076
NSIL,EQ,20,NANOCAP,26520580000.00,1077
SPORTKING,EQ,20,NANOCAP,26499600000.00,1078
NIITMTS,EQ,20,NANOCAP,26399890000.00,1079
RAMCOIND,EQ,20,NANOCAP,26252200000.00,1080
VINCOFE,EQ,20,NANOCAP,26214100000.00,1081
MARATHON,EQ,20,NANOCAP,26175230000.00,1082
SASKEN,EQ,5,NANOCAP,26136960000.00,1083
VIMTALABS,EQ,20,NANOCAP,26120360000.00,1084
GANECOS,EQ,20,NANOCAP,26101040000.00,1085
PROTEAN,EQ,10,NANOCAP,26088470000.00,1086
SUNCLAY,EQ,20,NANOCAP,26080610000.00,1087
GATEWAY,EQ,20,NANOCAP,25921520000.00,1088
SATIN,EQ,20,NANOCAP,25908380000.00,1089
TALBROAUTO,EQ,20,NANOCAP,25907300000.00,1090
MUFIN,EQ,20,NANOCAP,25878000000.00,1091
FREDUN,EQ,10,NANOCAP,25741630000.00,1092
DIAMONDYD,EQ,20,NANOCAP,25676840000.00,1093
DDEVPLSTIK,EQ,20,NANOCAP,25621860000.00,1094
AUTOAXLES,EQ,20,NANOCAP,25433450000.00,1095
EFCIL,EQ,20,NANOCAP,25328380000.00,1096
HUBTOWN,EQ,20,NANOCAP,25211500000.00,1097
SOMANYCERA,EQ,20,NANOCAP,25190070000.00,1098
DOLPHIN,EQ,10,NANOCAP,25126880000.00,1099
DREDGECORP,EQ,20,NANOCAP,25065600000.00,1100
INDORAMA,EQ,10,NANOCAP,25017250000.00,1101
ORIENTHOT,EQ,20,NANOCAP,25003880000.00,1102
MUKANDLTD,EQ,20,NANOCAP,24948600000.00,1103
DRAGARWQ,EQ,20,NANOCAP,24932550000.00,1104
GNA,EQ,20,NANOCAP,24929920000.00,1105
GLOBUSSPR,EQ,20,NANOCAP,24756890000.00,1106
PATELENG,EQ,20,NANOCAP,24754840000.00,1107
FMGOETZE,EQ,20,NANOCAP,24714570000.00,1108
PIXTRANS,EQ,20,NANOCAP,24652070000.00,1109
UEL,EQ,5,NANOCAP,24501180000.00,1110
EPACKPEB,EQ,20,NANOCAP,24359750000.00,1111
TASTYBITE,EQ,20,NANOCAP,24257680000.00,1112
JNKINDIA,EQ,20,NANOCAP,24211260000.00,1113
SIYSIL,EQ,20,NANOCAP,24116470000.00,1114
VENUSREM,EQ,5,NANOCAP,24016470000.00,1115
JGCHEM,EQ,20,NANOCAP,23915250000.00,1116
UTKARSHBNK,EQ,20,NANOCAP,23899000000.00,1117
BODALCHEM,BE,5,NANOCAP,23897890000.00,1118
FLAIR,EQ,10,NANOCAP,23879430000.00,1119
ORIENTCEM,EQ,20,NANOCAP,23814850000.00,1120
GLASSWALL,EQ,10,NANOCAP,23777690000.00,1121
ROSSARI,EQ,20,NANOCAP,23683750000.00,1122
TECHNVISN,EQ,5,NANOCAP,23615960000.00,1123
SAKAR,EQ,20,NANOCAP,23596150000.00,1124
DCAL,EQ,20,NANOCAP,23572340000.00,1125
AJMERA,EQ,20,NANOCAP,23536760000.00,1126
PENIND,EQ,20,NANOCAP,23524860000.00,1127
SPAL,EQ,20,NANOCAP,23519940000.00,1128
BBL,EQ,20,NANOCAP,23392940000.00,1129
FISCHER,EQ,20,NANOCAP,23378020000.00,1130
SHANTIGOLD,EQ,20,NANOCAP,23294270000.00,1131
KITEX,EQ,20,NANOCAP,23277660000.00,1132
GKENERGY,EQ,10,NANOCAP,23275310000.00,1133
INDOCO,EQ,20,NANOCAP,23204730000.00,1134
SAIPARENT,EQ,20,NANOCAP,23134460000.00,1135
ZAGGLE,EQ,20,NANOCAP,23090550000.00,1136
VEEDOL,EQ,20,NANOCAP,23055230000.00,1137
STLNETWORK,EQ,5,NANOCAP,23036660000.00,1138
RAJRATAN,EQ,20,NANOCAP,23027190000.00,1139
BETA,EQ,20,NANOCAP,22984340000.00,1140
EVEREADY,EQ,20,NANOCAP,22958270000.00,1141
EASEMYTRIP,EQ,20,NANOCAP,22951600000.00,1142
MVELECTRO,EQ,10,NANOCAP,22834280000.00,1143
SIRCA,EQ,20,NANOCAP,22805150000.00,1144
VENKEYS,EQ,20,NANOCAP,22722870000.00,1145
ASIANENE,EQ,20,NANOCAP,22697560000.00,1146
SYNCOMF,EQ,20,NANOCAP,22522400000.00,1147
APOLLOPIPE,EQ,20,NANOCAP,22519980000.00,1148
THEJO,EQ,20,NANOCAP,22470700000.00,1149
ESAFSFB,BE,5,NANOCAP,22399620000.00,1150
WINDLAS,EQ,20,NANOCAP,22336650000.00,1151
MEDIASSIST,EQ,20,NANOCAP,22298500000.00,1152
BNAGROCHEM,EQ,5,NANOCAP,22275610000.00,1153
HINDOILEXP,EQ,20,NANOCAP,22125630000.00,1154
KNACK,EQ,20,NANOCAP,22107710000.00,1155
BLUSPRING,EQ,10,NANOCAP,22099400000.00,1156
PARKHOTELS,EQ,20,NANOCAP,22094900000.00,1157
ARKADE,EQ,20,NANOCAP,22036410000.00,1158
PANACEABIO,EQ,10,NANOCAP,21992080000.00,1159
MOLDTKPAC,EQ,20,NANOCAP,21892870000.00,1160
KMCSHIL,EQ,20,NANOCAP,21780230000.00,1161
GMBREW,EQ,20,NANOCAP,21750270000.00,1162
RANEHOLDIN,EQ,20,NANOCAP,21683710000.00,1163
POKARNA,EQ,20,NANOCAP,21674900000.00,1164
BRIGHOTEL,EQ,20,NANOCAP,21628240000.00,1165
SIKA,EQ,20,NANOCAP,21586730000.00,1166
AURUM,EQ,20,NANOCAP,21572130000.00,1167
AEROPLANE,EQ,5,NANOCAP,21553220000.00,1168
COSMOFIRST,EQ,20,NANOCAP,21463500000.00,1169
MACPOWER,EQ,20,NANOCAP,21456920000.00,1170
SHRINGARMS,EQ,20,NANOCAP,21341380000.00,1171
QUADFUTURE,EQ,20,NANOCAP,21256000000.00,1172
PRAKASH,EQ,20,NANOCAP,21255220000.00,1173
ORISSAMINE,EQ,20,NANOCAP,21231600000.00,1174
BOMDYEING,EQ,20,NANOCAP,21196680000.00,1175
GSPCROP,EQ,20,NANOCAP,21135790000.00,1176
REPCOHOME,EQ,20,NANOCAP,21130100000.00,1177
GEOJITFSL,EQ,20,NANOCAP,21129540000.00,1178
EXICOM,EQ,20,NANOCAP,21028070000.00,1179
NITCO,EQ,20,NANOCAP,20798370000.00,1180
SMCGLOBAL,EQ,20,NANOCAP,20743160000.00,1181
DYCL,EQ,20,NANOCAP,20740300000.00,1182
VERANDA,EQ,20,NANOCAP,20633110000.00,1183
SANSTAR,EQ,20,NANOCAP,20627650000.00,1184
TIL,BE,5,NANOCAP,20607660000.00,1185
RAMCOSYS,EQ,5,NANOCAP,20556830000.00,1186
TURTLEMINT,EQ,10,NANOCAP,20551680000.00,1187
KICL,EQ,20,NANOCAP,20487250000.00,1188
ELCIDIN,EQ,20,NANOCAP,20431000000.00,1189
ADVAIT,EQ,20,NANOCAP,20372060000.00,1190
MOTISONS,EQ,20,NANOCAP,20338620000.00,1191
NELCO,EQ,20,NANOCAP,20290120000.00,1192
INDIAGLYCO,EQ,20,NANOCAP,20027600000.00,1193
OMAXE,EQ,10,NANOCAP,19895920000.00,1194
KCP,EQ,20,NANOCAP,19875780000.00,1195
JISLDVREQS,EQ,20,NANOCAP,19860330000.00,1196
JISLJALEQS,EQ,20,NANOCAP,19860330000.00,1197
BLEL,EQ,20,NANOCAP,19795450000.00,1198
TAJGVK,EQ,20,NANOCAP,19744700000.00,1199
DELTACORP,EQ,20,NANOCAP,19675820000.00,1200
MARSONS,EQ,20,NANOCAP,19664150000.00,1201
SAGCEM,EQ,20,NANOCAP,19607440000.00,1202
ONEPOINT,EQ,20,NANOCAP,19554610000.00,1203
EUROPRATIK,EQ,20,NANOCAP,19460920000.00,1204
GREENPANEL,EQ,20,NANOCAP,19447480000.00,1205
MAHASTEEL,BE,5,NANOCAP,19433680000.00,1206
TCIEXP,EQ,20,NANOCAP,19404690000.00,1207
SIMPLEXINF,EQ,20,NANOCAP,19379150000.00,1208
VIDYAWIRES,EQ,5,NANOCAP,19348620000.00,1209
BCG,EQ,20,NANOCAP,19216330000.00,1210
LANDMARK,EQ,20,NANOCAP,19208620000.00,1211
INA,EQ,20,NANOCAP,19187790000.00,1212
NIBE,EQ,10,NANOCAP,19136940000.00,1213
HONDAPOWER,EQ,20,NANOCAP,19132880000.00,1214
SHK,EQ,20,NANOCAP,19082690000.00,1215
GAJA,EQ,20,NANOCAP,19074450000.00,1216
BFUTILITIE,EQ,20,NANOCAP,19012730000.00,1217
RAMKY,EQ,20,NANOCAP,19001710000.00,1218
ALGOQUANT,EQ,20,NANOCAP,18976790000.00,1219
RELINFRA,BE,5,NANOCAP,18972260000.00,1220
TECHNOCRAF,EQ,20,NANOCAP,18935720000.00,1221
BAJEL,EQ,20,NANOCAP,18935100000.00,1222
GENESYS,EQ,10,NANOCAP,18812360000.00,1223
CANTABIL,EQ,20,NANOCAP,18790120000.00,1224
ARMANFIN,EQ,20,NANOCAP,18607950000.00,1225
PFS,EQ,20,NANOCAP,18504180000.00,1226
PARACABLES,EQ,10,NANOCAP,18492300000.00,1227
DEEPA,EQ,20,NANOCAP,18472210000.00,1228
MSPL,EQ,10,NANOCAP,18432230000.00,1229
EMSLIMITED,EQ,20,NANOCAP,18411240000.00,1230
SURAKSHA,EQ,20,NANOCAP,18236080000.00,1231
INDIANHUME,EQ,20,NANOCAP,18233160000.00,1232
RACLGEAR,EQ,20,NANOCAP,18132420000.00,1233
HESTERBIO,EQ,20,NANOCAP,18092400000.00,1234
NGLFINE,EQ,20,NANOCAP,18064540000.00,1235
GRANDOAK,EQ,5,NANOCAP,18057150000.00,1236
EIHAHOTELS,EQ,20,NANOCAP,18043240000.00,1237
TEAMLEASE,EQ,20,NANOCAP,18017180000.00,1238
KRSNAA,EQ,20,NANOCAP,17998600000.00,1239
OAL,EQ,10,NANOCAP,17910430000.00,1240
SAKSOFT,EQ,20,NANOCAP,17907970000.00,1241
DCXINDIA,EQ,20,NANOCAP,17709330000.00,1242
TIRUMALCHM,EQ,20,NANOCAP,17632050000.00,1243
MMWL,EQ,5,NANOCAP,17625470000.00,1244
SILVERTUC,EQ,10,NANOCAP,17586010000.00,1245
HUHTAMAKI,EQ,20,NANOCAP,17575460000.00,1246
IGPL,EQ,20,NANOCAP,17539210000.00,1247
TARSONS,EQ,20,NANOCAP,17526150000.00,1248
VIDHIING,EQ,20,NANOCAP,17493240000.00,1249
CAMLINFINE,EQ,20,NANOCAP,17482710000.00,1250
AHCL,EQ,5,NANOCAP,17465580000.00,1251
RGL,EQ,20,NANOCAP,17453750000.00,1252
GOCLCORP,EQ,20,NANOCAP,17432170000.00,1253
SPANDANA,EQ,20,NANOCAP,17410810000.00,1254
LAOPALA,EQ,20,NANOCAP,17328210000.00,1255
BGRENERGY,BE,5,NANOCAP,17297850000.00,1256
DIFFNKG,EQ,20,NANOCAP,17241440000.00,1257
HPL,EQ,20,NANOCAP,17181090000.00,1258
BLUECLOUDS,EQ,20,NANOCAP,17100790000.00,1259
HGS,EQ,20,NANOCAP,17075270000.00,1260
SCILAL,EQ,20,NANOCAP,17071530000.00,1261
NUCLEUS,EQ,20,NANOCAP,17031160000.00,1262
JINDRILL,EQ,20,NANOCAP,17030750000.00,1263
NDRAUTO,EQ,20,NANOCAP,17026710000.00,1264
GCSL,EQ,20,NANOCAP,17001160000.00,1265
TINNARUBR,EQ,20,NANOCAP,16914090000.00,1266
VOEPL,EQ,20,NANOCAP,16885780000.00,1267
INDOKEM,EQ,10,NANOCAP,16836140000.00,1268
AWFIS,EQ,20,NANOCAP,16835960000.00,1269
FRONTSP,EQ,20,NANOCAP,16726070000.00,1270
RUBYMILLS,EQ,20,NANOCAP,16708300000.00,1271
BHAGERIA,EQ,10,NANOCAP,16674260000.00,1272
KROSS,EQ,20,NANOCAP,16669230000.00,1273
BHARATRAS,EQ,20,NANOCAP,16597800000.00,1274
INSECTICID,EQ,20,NANOCAP,16547940000.00,1275
EPACK,EQ,20,NANOCAP,16520120000.00,1276
KAPSTON,EQ,20,NANOCAP,16504890000.00,1277
HATHWAY,EQ,20,NANOCAP,16497370000.00,1278
MBECL,BE,2,NANOCAP,16466670000.00,1279
AYMSYNTEX,EQ,20,NANOCAP,16457670000.00,1280
RICOAUTO,EQ,20,NANOCAP,16454710000.00,1281
DISAQ,EQ,20,NANOCAP,16358350000.00,1282
ACCELYA,EQ,20,NANOCAP,16332310000.00,1283
WENDT,EQ,20,NANOCAP,16232000000.00,1284
CNL,EQ,20,NANOCAP,16206000000.00,1285
MENONBE,EQ,20,NANOCAP,16161940000.00,1286
BFINVEST,EQ,20,NANOCAP,16148110000.00,1287
GRMOVER,EQ,20,NANOCAP,16135440000.00,1288
PAUSHAKLTD,EQ,20,NANOCAP,16034390000.00,1289
SKYWAYS,EQ,20,NANOCAP,16029940000.00,1290
GARUDA,EQ,20,NANOCAP,16019930000.00,1291
GOODYEAR,EQ,20,NANOCAP,16015080000.00,1292
PNGSREVA,EQ,20,NANOCAP,15988670000.00,1293
INVPRECQ,BE,5,NANOCAP,15952000000.00,1294
SHREEPUSHK,EQ,20,NANOCAP,15893980000.00,1295
KOTIC,EQ,20,NANOCAP,15890000000.00,1296
FERMENTA,EQ,20,NANOCAP,15867540000.00,1297
ASTEC,EQ,20,NANOCAP,15789610000.00,1298
MODISONLTD,BE,5,NANOCAP,15772320000.00,1299
STUDDS,EQ,20,NANOCAP,15735460000.00,1300
JAICORPLTD,EQ,20,NANOCAP,15714720000.00,1301
SERVOTECH,EQ,20,NANOCAP,15628500000.00,1302
SDBL,EQ,20,NANOCAP,15580120000.00,1303
MTNL,EQ,20,NANOCAP,15535800000.00,1304
GOCOLORS,EQ,20,NANOCAP,15513190000.00,1305
YATRA,EQ,20,NANOCAP,15508030000.00,1306
YUKEN,EQ,20,NANOCAP,15504780000.00,1307
MOBIKWIK,EQ,20,NANOCAP,15452510000.00,1308
DOLLAR,EQ,20,NANOCAP,15432460000.00,1309
ARDEE,EQ,20,NANOCAP,15384960000.00,1310
GKSL,EQ,20,NANOCAP,15316880000.00,1311
JAGSNPHARM,EQ,20,NANOCAP,15307910000.00,1312
AVADHSUGAR,EQ,10,NANOCAP,15306080000.00,1313
SURYODAY,EQ,20,NANOCAP,15258880000.00,1314
CAPACITE,EQ,20,NANOCAP,15256650000.00,1315
TEXINFRA,EQ,20,NANOCAP,15213460000.00,1316
ALLCARGO,EQ,10,NANOCAP,15157520000.00,1317
NITTAGELA,EQ,20,NANOCAP,15110450000.00,1318
INDOBORAX,EQ,20,NANOCAP,15066250000.00,1319
IPL,EQ,20,NANOCAP,15049570000.00,1320
VIKRAN,EQ,20,NANOCAP,15028480000.00,1321
GPTINFRA,EQ,20,NANOCAP,14994420000.00,1322
KRISHNADEF,EQ,20,NANOCAP,14961200000.00,1323
NINSYS,EQ,5,NANOCAP,14947180000.00,1324
GNRL,EQ,20,NANOCAP,14907670000.00,1325
SESHAPAPER,EQ,20,NANOCAP,14906160000.00,1326
MIIL,EQ,20,NANOCAP,14886320000.00,1327
ASIANHOTNR,EQ,20,NANOCAP,14840630000.00,1328
GALAPREC,EQ,20,NANOCAP,14838600000.00,1329
AMRUTANJAN,EQ,20,NANOCAP,14831520000.00,1330
5PAISA,EQ,20,NANOCAP,14830250000.00,1331
KPEL,EQ,20,NANOCAP,14779990000.00,1332
IKIO,EQ,20,NANOCAP,14757520000.00,1333
ARFIN,EQ,20,NANOCAP,14721040000.00,1334
TAALTECH,EQ,20,NANOCAP,14709130000.00,1335
ONIXSOLAR,EQ,5,NANOCAP,14650790000.00,1336
RSL,EQ,20,NANOCAP,14576710000.00,1337
HITECH,EQ,20,NANOCAP,14477560000.00,1338
DLINKINDIA,EQ,20,NANOCAP,14436270000.00,1339
BLIL,EQ,20,NANOCAP,14430440000.00,1340
MBEL,EQ,20,NANOCAP,14390210000.00,1341
SUMMITSEC,EQ,20,NANOCAP,14341290000.00,1342
SHALBY,EQ,20,NANOCAP,14329750000.00,1343
SALSTEEL,EQ,5,NANOCAP,14320320000.00,1344
TTKHLTCARE,EQ,20,NANOCAP,14314030000.00,1345
STEELXIND,EQ,20,NANOCAP,14311320000.00,1346
ALICON,EQ,20,NANOCAP,14310300000.00,1347
MCLOUD,EQ,20,NANOCAP,14284880000.00,1348
HINDWAREAP,EQ,20,NANOCAP,14264210000.00,1349
XTRANET,EQ,5,NANOCAP,14242630000.00,1350
ASIANTILES,EQ,10,NANOCAP,14215990000.00,1351
ANDHRAPAP,EQ,20,NANOCAP,14189950000.00,1352
JAYBARMARU,EQ,5,NANOCAP,14159100000.00,1353
3BBLACKBIO,EQ,20,NANOCAP,14133940000.00,1354
SUNSHINE,EQ,5,NANOCAP,14110400000.00,1355
RIR,EQ,20,NANOCAP,14081930000.00,1356
MOL,EQ,20,NANOCAP,14020340000.00,1357
CLSEL,EQ,20,NANOCAP,14020140000.00,1358
UDS,EQ,20,NANOCAP,13963100000.00,1359
INFOBEAN,EQ,20,NANOCAP,13923650000.00,1360
SIGNPOST,EQ,20,NANOCAP,13864930000.00,1361
AEROENTER,EQ,20,NANOCAP,13798110000.00,1362
GTLINFRA,EQ,20,NANOCAP,13705750000.00,1363
CEINSYS,EQ,20,NANOCAP,13698460000.00,1364
IFGLEXPOR,EQ,20,NANOCAP,13663940000.00,1365
KOPRAN,EQ,20,NANOCAP,13630380000.00,1366
SPMLINFRA,EQ,20,NANOCAP,13516490000.00,1367
MANAKCOAT,EQ,20,NANOCAP,13498800000.00,1368
BHAGYANGR,EQ,5,NANOCAP,13487340000.00,1369
MANALIPETC,EQ,20,NANOCAP,13441740000.00,1370
JAGRAN,EQ,20,NANOCAP,13396620000.00,1371
AVTNPL,EQ,20,NANOCAP,13378150000.00,1372
VALIANTORG,EQ,20,NANOCAP,13376710000.00,1373
WALCHANNAG,EQ,20,NANOCAP,13314720000.00,1374
BENARAS,EQ,20,NANOCAP,13305410000.00,1375
RHETAN,EQ,5,NANOCAP,13260000000.00,1376
BIL,EQ,20,NANOCAP,13243450000.00,1377
RAMBHAJO,EQ,10,NANOCAP,13227640000.00,1378
EXPLEOSOL,EQ,20,NANOCAP,13172380000.00,1379
DCW,EQ,20,NANOCAP,13169820000.00,1380
PVP,EQ,5,NANOCAP,13142570000.00,1381
EIMCOELECO,EQ,20,NANOCAP,13087310000.00,1382
ARROWGREEN,EQ,20,NANOCAP,13054080000.00,1383
SHANKESH,EQ,20,NANOCAP,12928470000.00,1384
PNBGILTS,EQ,20,NANOCAP,12894130000.00,1385
BHARATSE,EQ,20,NANOCAP,12852020000.00,1386
ANDREWYU,EQ,20,NANOCAP,12833830000.00,1387
IZMO,EQ,10,NANOCAP,12822410000.00,1388
FEDDERSHOL,EQ,20,NANOCAP,12816100000.00,1389
MWL,EQ,20,NANOCAP,12809900000.00,1390
NAVKARCORP,EQ,20,NANOCAP,12804670000.00,1391
PUNJABCHEM,EQ,20,NANOCAP,12763710000.00,1392
SPIC,EQ,20,NANOCAP,12672540000.00,1393
CAPITALSFB,EQ,20,NANOCAP,12616590000.00,1394
IMPAL,EQ,20,NANOCAP,12593570000.00,1395
UGROCAP,EQ,20,NANOCAP,12584360000.00,1396
IGARASHI,EQ,20,NANOCAP,12556970000.00,1397
PASHUPATI,EQ,20,NANOCAP,12467780000.00,1398
ELITECON,EQ,5,NANOCAP,12452320000.00,1399
PANORAMA,EQ,20,NANOCAP,12434980000.00,1400
GPTHEALTH,EQ,20,NANOCAP,12428840000.00,1401
GHCLTEXTIL,EQ,20,NANOCAP,12351600000.00,1402
ANDHRSUGAR,EQ,20,NANOCAP,12341850000.00,1403
ALLTIME,EQ,20,NANOCAP,12318080000.00,1404
ASALCBR,EQ,20,NANOCAP,12270400000.00,1405
DEN,EQ,20,NANOCAP,12114620000.00,1406
DSSL,EQ,5,NANOCAP,12084300000.00,1407
GYFTR,EQ,20,NANOCAP,12042770000.00,1408
IVALUE,EQ,20,NANOCAP,12006380000.00,1409
EKC,EQ,20,NANOCAP,11895140000.00,1410
ULTRAMAR,EQ,20,NANOCAP,11859580000.00,1411
ROTO,EQ,20,NANOCAP,11808000000.00,1412
ATULAUTO,EQ,20,NANOCAP,11788740000.00,1413
SUNRAKSHAK,EQ,20,NANOCAP,11760360000.00,1414
HMAAGRO,EQ,20,NANOCAP,11753070000.00,1415
CENTENKA,EQ,20,NANOCAP,11751250000.00,1416
ONEGLOBAL,EQ,5,NANOCAP,11694860000.00,1417
LINCOLN,EQ,20,NANOCAP,11658300000.00,1418
NIITLTD,EQ,20,NANOCAP,11636250000.00,1419
GODAVARIB,EQ,20,NANOCAP,11626160000.00,1420
EXCELINDUS,EQ,20,NANOCAP,11587660000.00,1421
ONIDA,EQ,5,NANOCAP,11581000000.00,1422
ADVENTHTL,EQ,20,NANOCAP,11572370000.00,1423
ALLDIGI,EQ,20,NANOCAP,11525510000.00,1424
IRISDOREME,EQ,20,NANOCAP,11507440000.00,1425
SHRIRAMPPS,EQ,20,NANOCAP,11495280000.00,1426
BIRLACABLE,EQ,5,NANOCAP,11490000000.00,1427
TGVSL,EQ,20,NANOCAP,11448050000.00,1428
MMP,EQ,20,NANOCAP,11421010000.00,1429
ARIS,EQ,20,NANOCAP,11341540000.00,1430
HITECHGEAR,BE,5,NANOCAP,11324960000.00,1431
BLKASHYAP,EQ,20,NANOCAP,11323850000.00,1432
AKCAPIT,EQ,20,NANOCAP,11313060000.00,1433
TCC,EQ,20,NANOCAP,11280790000.00,1434
NRAIL,EQ,20,NANOCAP,11224100000.00,1435
ACGL,EQ,20,NANOCAP,11164500000.00,1436
SUNSHIEL,EQ,20,NANOCAP,11124290000.00,1437
RAJRILTD,BE,2,NANOCAP,11121650000.00,1438
PLATIND,EQ,20,NANOCAP,11094820000.00,1439
TNPETRO,EQ,20,NANOCAP,11082690000.00,1440
TEMBO,EQ,20,NANOCAP,11063430000.00,1441
DOLATALGO,EQ,20,NANOCAP,11063360000.00,1442
SULA,EQ,20,NANOCAP,11057520000.00,1443
BHARATWIRE,EQ,20,NANOCAP,11013530000.00,1444
COMSYN,EQ,10,NANOCAP,11008260000.00,1445
GANDHITUBE,EQ,20,NANOCAP,11008010000.00,1446
DHAMPURSUG,EQ,20,NANOCAP,11000270000.00,1447
LGHL,EQ,20,NANOCAP,10993810000.00,1448
ZSARACOM,EQ,20,NANOCAP,10977910000.00,1449
BALAJITELE,EQ,20,NANOCAP,10976080000.00,1450
VHL,EQ,20,NANOCAP,10963880000.00,1451
KALAMANDIR,EQ,20,NANOCAP,10958420000.00,1452
PRANAV,EQ,20,NANOCAP,10948060000.00,1453
SEKURITIND,EQ,20,NANOCAP,10898340000.00,1454
SOLARWORLD,EQ,20,NANOCAP,10881750000.00,1455
BAJAJHCARE,EQ,20,NANOCAP,10872160000.00,1456
MONTECARLO,EQ,20,NANOCAP,10839760000.00,1457
SIGACHI,EQ,20,NANOCAP,10829200000.00,1458
NRL,BE,2,NANOCAP,10816900000.00,1459
SKMEGGPROD,EQ,20,NANOCAP,10810570000.00,1460
UNITEDPOLY,EQ,20,NANOCAP,10798700000.00,1461
DIGITIDE,EQ,20,NANOCAP,10791670000.00,1462
SUBEXLTD,EQ,20,NANOCAP,10730900000.00,1463
MICEL,BE,2,NANOCAP,10723860000.00,1464
FINOPB,EQ,20,NANOCAP,10670260000.00,1465
LAXMIDENTL,EQ,20,NANOCAP,10668550000.00,1466
DHANBANK,EQ,20,NANOCAP,10645030000.00,1467
ASTAR,EQ,10,NANOCAP,10636520000.00,1468
FAZE3Q,EQ,10,NANOCAP,10631270000.00,1469
JYOTISTRUC,EQ,20,NANOCAP,10623570000.00,1470
STEL,EQ,20,NANOCAP,10596170000.00,1471
KAMDHENU,EQ,20,NANOCAP,10595980000.00,1472
JINDALPHOT,EQ,20,NANOCAP,10584540000.00,1473
IRMENERGY,EQ,10,NANOCAP,10581080000.00,1474
UTTAMSUGAR,EQ,20,NANOCAP,10529930000.00,1475
NELCAST,EQ,20,NANOCAP,10529750000.00,1476
ORIENTTECH,EQ,20,NANOCAP,10501010000.00,1477
JYOTIRES,EQ,20,NANOCAP,10499070000.00,1478
BIRLANU,EQ,20,NANOCAP,10490900000.00,1479
INDPRUD,EQ,20,NANOCAP,10483220000.00,1480
PRECAM,EQ,20,NANOCAP,10438940000.00,1481
THEMISMED,EQ,20,NANOCAP,10424810000.00,1482
GAYAPROJ,EQ,5,NANOCAP,10418870000.00,1483
MUNJALAU,EQ,20,NANOCAP,10407000000.00,1484
RUPA,EQ,20,NANOCAP,10384320000.00,1485
DAMCAPITAL,EQ,20,NANOCAP,10359740000.00,1486
VELJAN,BE,5,NANOCAP,10332450000.00,1487
AFSL,EQ,20,NANOCAP,10294240000.00,1488
HARIOMPIPE,EQ,20,NANOCAP,10291980000.00,1489
GREENPOWER,EQ,20,NANOCAP,10287490000.00,1490
UNITECH,EQ,10,NANOCAP,10282060000.00,1491
MATRIMONY,EQ,20,NANOCAP,10274680000.00,1492
PRIMESECU,EQ,20,NANOCAP,10243560000.00,1493
CREST,EQ,20,NANOCAP,10243190000.00,1494
TNPL,EQ,20,NANOCAP,10217560000.00,1495
APEX,EQ,20,NANOCAP,10196880000.00,1496
SEPC,EQ,20,NANOCAP,10150850000.00,1497
GRPLTD,EQ,20,NANOCAP,10106660000.00,1498
SYSTMTXC,BE,2,NANOCAP,10098350000.00,1499
MVGJL,EQ,10,NANOCAP,10096280000.00,1500
AWHCL,EQ,20,NANOCAP,10084860000.00,1501
RIIL,EQ,20,NANOCAP,10069430000.00,1502
RMDRIP,BE,5,NANOCAP,10059090000.00,1503
GULPOLY,EQ,20,NANOCAP,10058170000.00,1504
MASTERTR,EQ,20,NANOCAP,10045490000.00,1505
BOROSCI,EQ,20,NANOCAP,10026620000.00,1506
SWARAJ,BE,5,NANOCAP,9974214000.00,1507
KRISHIVAL,EQ,20,NANOCAP,9962812000.00,1508
ESTER,EQ,20,NANOCAP,9962263000.00,1509
INDOAMIN,EQ,20,NANOCAP,9909653000.00,1510
CONTROLPR,EQ,20,NANOCAP,9884423000.00,1511
FINKURVE,EQ,20,NANOCAP,9884355000.00,1512
SHREDIGCEM,EQ,20,NANOCAP,9864403000.00,1513
BUTTERFLY,EQ,20,NANOCAP,9842692000.00,1514
ICEMAKE,EQ,20,NANOCAP,9841031000.00,1515
MAMATA,EQ,20,NANOCAP,9840659000.00,1516
VHLTD,BE,5,NANOCAP,9805056000.00,1517
TIRUPATIFL,BE,2,NANOCAP,9773807000.00,1518
DVL,EQ,20,NANOCAP,9761399000.00,1519
ARIHANT,EQ,20,NANOCAP,9712158000.00,1520
ARIHANTCAP,EQ,20,NANOCAP,9710598000.00,1521
OCCLLTD,BE,5,NANOCAP,9664914000.00,1522
WEL,EQ,5,NANOCAP,9608374000.00,1523
JPOLYINVST,EQ,20,NANOCAP,9576367000.00,1524
SURAJEST,EQ,20,NANOCAP,9561844000.00,1525
SGIL,EQ,20,NANOCAP,9536160000.00,1526
ECORECO,EQ,10,NANOCAP,9534134000.00,1527
RSWM,EQ,20,NANOCAP,9524432000.00,1528
RAJOOENG,BE,20,NANOCAP,9507313000.00,1529
PREMIERPOL,EQ,20,NANOCAP,9493858000.00,1530
WCIL,EQ,20,NANOCAP,9482854000.00,1531
WEALTH,EQ,20,NANOCAP,9482417000.00,1532
ELECTHERM,EQ,10,NANOCAP,9475557000.00,1533
CENTRUM,EQ,20,NANOCAP,9445843000.00,1534
SALZERELEC,EQ,20,NANOCAP,9387765000.00,1535
ARIHANTSUP,EQ,20,NANOCAP,9369245000.00,1536
BPLPHARMA,EQ,20,NANOCAP,9352980000.00,1537
SRHHYPOLTD,EQ,20,NANOCAP,9330797000.00,1538
UNIECOM,EQ,20,NANOCAP,9280272000.00,1539
AMAL,EQ,20,NANOCAP,9262916000.00,1540
MADRASFERT,EQ,20,NANOCAP,9256881000.00,1541
BCLIND,EQ,20,NANOCAP,9220902000.00,1542
NAHARSPING,EQ,20,NANOCAP,9214685000.00,1543
MAXIND,EQ,20,NANOCAP,9167880000.00,1544
SRM,EQ,20,NANOCAP,9149000000.00,1545
GKWLIMITED,EQ,20,NANOCAP,9128745000.00,1546
AMNPLST,EQ,20,NANOCAP,9101959000.00,1547
PDMJEPAPER,EQ,20,NANOCAP,9073422000.00,1548
WELINV,BE,2,NANOCAP,9055792000.00,1549
DHARMAJ,EQ,20,NANOCAP,9045847000.00,1550
SVLL,EQ,20,NANOCAP,9042669000.00,1551
MCCHRLS-B,EQ,20,NANOCAP,9039726000.00,1552
CONSOFINVT,BE,5,NANOCAP,9038452000.00,1553
EXCELSOFT,EQ,20,NANOCAP,9014543000.00,1554
VADILENT,EQ,20,NANOCAP,8989543000.00,1555
SWELECTES,EQ,20,NANOCAP,8987629000.00,1556
BAFNAPH,BE,2,NANOCAP,8959837000.00,1557
GANESHBE,BE,5,NANOCAP,8955484000.00,1558
ZUARI,EQ,20,NANOCAP,8953309000.00,1559
JARO,EQ,20,NANOCAP,8932031000.00,1560
LIKHITHA,EQ,20,NANOCAP,8900709000.00,1561
REGAAL,EQ,20,NANOCAP,8856442000.00,1562
BSHSL,EQ,10,NANOCAP,8809484000.00,1563
LOKESHMACH,EQ,20,NANOCAP,8736146000.00,1564
HEALTHX,EQ,20,NANOCAP,8684267000.00,1565
NEUEON,BE,5,NANOCAP,8628698000.00,1566
AMBIKCO,EQ,20,NANOCAP,8620705000.00,1567
JSIPL,BE,5,NANOCAP,8613833000.00,1568
ANUHPHR,EQ,20,NANOCAP,8604230000.00,1569
HEXATRADEX,EQ,10,NANOCAP,8560720000.00,1570
KRYSTAL,EQ,20,NANOCAP,8525686000.00,1571
SUDARCOLOR,EQ,20,NANOCAP,8496410000.00,1572
WAAREEINDO,EQ,5,NANOCAP,8461774000.00,1573
HEXAGON,BE,5,NANOCAP,8456766000.00,1574
ZUARIIND,EQ,20,NANOCAP,8393827000.00,1575
FAIRCHEMOR,BE,20,NANOCAP,8332189000.00,1576
BEEKAY,EQ,20,NANOCAP,8303972000.00,1577
PANACHE,BE,5,NANOCAP,8265626000.00,1578
KANORICHEM,BE,5,NANOCAP,8258914000.00,1579
MAFATIND,EQ,20,NANOCAP,8255826000.00,1580
VASCONEQ,EQ,20,NANOCAP,8200292000.00,1581
ROHLTD,EQ,20,NANOCAP,8190541000.00,1582
STERTOOLS,EQ,20,NANOCAP,8151328000.00,1583
RADHIKAJWE,BE,5,NANOCAP,8139640000.00,1584
IFBAGRO,EQ,20,NANOCAP,8120817000.00,1585
CIFL,EQ,20,NANOCAP,8118329000.00,1586
GEMAROMA,EQ,20,NANOCAP,8111383000.00,1587
SUYOG,EQ,20,NANOCAP,8083641000.00,1588
HIMATSEIDE,EQ,20,NANOCAP,8066368000.00,1589
LOTUSCHO,EQ,20,NANOCAP,8037489000.00,1590
ABINFRA,BE,5,NANOCAP,8023194000.00,1591
PROZONER,EQ,20,NANOCAP,8016229000.00,1592
EMKAY,EQ,20,NANOCAP,8009056000.00,1593
KECL,EQ,10,NANOCAP,7998247000.00,1594
PROSTARM,EQ,20,NANOCAP,7972208000.00,1595
GAUDIUMIVF,EQ,10,NANOCAP,7968708000.00,1596
DBOL,EQ,20,NANOCAP,7945021000.00,1597
TANAA,EQ,20,NANOCAP,7920402000.00,1598
CHEMCON,EQ,20,NANOCAP,7909667000.00,1599
RITCO,EQ,20,NANOCAP,7877789000.00,1600
RBZJEWEL,BE,5,NANOCAP,7874800000.00,1601
HALDYNGL,EQ,20,NANOCAP,7850436000.00,1602
ORICONENT,EQ,20,NANOCAP,7849245000.00,1603
VIVIANA,EQ,20,NANOCAP,7841658000.00,1604
PARIN,EQ,20,NANOCAP,7825404000.00,1605
GEECEE,BE,20,NANOCAP,7806349000.00,1606
STANLEY,EQ,20,NANOCAP,7781658000.00,1607
DWARKESH,EQ,20,NANOCAP,7775250000.00,1608
PRADPME,BE,20,NANOCAP,7758547000.00,1609
MUKKA,BE,5,NANOCAP,7710000000.00,1610
DMCC,EQ,20,NANOCAP,7698958000.00,1611
ELDEHSG,EQ,20,NANOCAP,7691864000.00,1612
NCLIND,EQ,20,NANOCAP,7690931000.00,1613
DECCANCE,EQ,20,NANOCAP,7689417000.00,1614
NDTV,EQ,20,NANOCAP,7681107000.00,1615
PRECOT,EQ,20,NANOCAP,7660200000.00,1616
KILITCH,BE,20,NANOCAP,7639451000.00,1617
KRONOX,BE,5,NANOCAP,7634890000.00,1618
ISTLTD,EQ,20,NANOCAP,7619292000.00,1619
UPHOT,EQ,5,NANOCAP,7602774000.00,1620
SHIVAUM,EQ,20,NANOCAP,7542782000.00,1621
EVERESTIND,BE,20,NANOCAP,7536240000.00,1622
TRANSPEK,BE,5,NANOCAP,7534933000.00,1623
ADVANCE,EQ,20,NANOCAP,7505358000.00,1624
KOKUYOCMLN,EQ,20,NANOCAP,7499715000.00,1625
QUICKHEAL,EQ,20,NANOCAP,7497895000.00,1626
SANDESH,EQ,20,NANOCAP,7494105000.00,1627
SADHNANIQ,BE,5,NANOCAP,7489520000.00,1628
SEJALLTD,EQ,5,NANOCAP,7484100000.00,1629
KOTHARIPET,EQ,20,NANOCAP,7448777000.00,1630
ORIRAIL,EQ,20,NANOCAP,7414854000.00,1631
TVSELECT,EQ,20,NANOCAP,7411636000.00,1632
SPECIALITY,BE,5,NANOCAP,7404173000.00,1633
AMANTA,BE,5,NANOCAP,7393108000.00,1634
SCODATUBES,EQ,20,NANOCAP,7368795000.00,1635
ZIMLAB,EQ,20,NANOCAP,7352286000.00,1636
OMINFRAL,EQ,20,NANOCAP,7326794000.00,1637
SARLAPOLY,EQ,20,NANOCAP,7315866000.00,1638
20MICRONS,EQ,20,NANOCAP,7313480000.00,1639
RAMASTEEL,BE,2,NANOCAP,7313103000.00,1640
YOGI,EQ,20,NANOCAP,7281467000.00,1641
BORANA,EQ,20,NANOCAP,7272833000.00,1642
SOLEX,EQ,20,NANOCAP,7247930000.00,1643
VLSFINANCE,EQ,20,NANOCAP,7244392000.00,1644
MEIL,EQ,20,NANOCAP,7241855000.00,1645
VISAKAIND,BE,5,NANOCAP,7221710000.00,1646
SALASAR,EQ,20,NANOCAP,7219035000.00,1647
SUMEETINDS,EQ,5,NANOCAP,7211504000.00,1648
MAGADSUGAR,EQ,20,NANOCAP,7211392000.00,1649
MODIS,EQ,20,NANOCAP,7206623000.00,1650
PERMAGN,EQ,20,NANOCAP,7197849000.00,1651
ARYAMAN,EQ,20,NANOCAP,7177936000.00,1652
GICHSGFIN,EQ,20,NANOCAP,7155729000.00,1653
ENKEIWHEL,EQ,20,NANOCAP,7147486000.00,1654
MANAKSTEEL,BE,5,NANOCAP,7136003000.00,1655
JITFINFRA,EQ,10,NANOCAP,7080086000.00,1656
EMAMIPAP,BE,5,NANOCAP,7068709000.00,1657
PATELRMART,EQ,20,NANOCAP,7047511000.00,1658
MERCURYEV,EQ,10,NANOCAP,7040401000.00,1659
KAMATHOTEL,EQ,20,NANOCAP,7000043000.00,1660
MANBA,EQ,20,NANOCAP,6983780000.00,1661
BAJAJST,EQ,20,NANOCAP,6982560000.00,1662
DCMSIL,EQ,10,NANOCAP,6981123000.00,1663
TUTIALKA,EQ,20,NANOCAP,6966782000.00,1664
DENTA,EQ,20,NANOCAP,6959355000.00,1665
GLOBAL,EQ,20,NANOCAP,6948564000.00,1666
SICALLOG,BE,5,NANOCAP,6947667000.00,1667
WANBURY,EQ,20,NANOCAP,6923102000.00,1668
HTEL,EQ,20,NANOCAP,6916651000.00,1669
VEEGALAND,BE,20,NANOCAP,6912263000.00,1670
HERANBA,EQ,20,NANOCAP,6887118000.00,1671
SATIA,EQ,20,NANOCAP,6834000000.00,1672
CHEVIOT,EQ,20,NANOCAP,6817468000.00,1673
RAJPALAYAM,EQ,20,NANOCAP,6804508000.00,1674
VALIANTLAB,BE,5,NANOCAP,6793408000.00,1675
SREEL,BE,5,NANOCAP,6775157000.00,1676
ASAL,EQ,20,NANOCAP,6772511000.00,1677
AXTEL,EQ,20,NANOCAP,6747048000.00,1678
SHRJAGP,EQ,20,NANOCAP,6706952000.00,1679
TREL,EQ,20,NANOCAP,6705031000.00,1680
KUANTUM,EQ,20,NANOCAP,6693993000.00,1681
KSE,EQ,20,NANOCAP,6692051000.00,1682
BAJAJINDEF,EQ,20,NANOCAP,6672640000.00,1683
XCHANGING,EQ,20,NANOCAP,6654144000.00,1684
EIFFL,BE,2,NANOCAP,6640200000.00,1685
DPSCLTD,BE,5,NANOCAP,6621770000.00,1686
KELLTONTEC,EQ,20,NANOCAP,6600742000.00,1687
BLAL,EQ,20,NANOCAP,6572751000.00,1688
SOFTTECH,EQ,5,NANOCAP,6565326000.00,1689
SHALPAINTS,BE,5,NANOCAP,6557934000.00,1690
EMPIND,EQ,20,NANOCAP,6540496000.00,1691
SCPL,BE,5,NANOCAP,6514725000.00,1692
SUPREMEINF,EQ,20,NANOCAP,6475492000.00,1693
VOITHPAPR,EQ,20,NANOCAP,6430869000.00,1694
ZFSTEERING,EQ,20,NANOCAP,6427526000.00,1695
PVSL,EQ,20,NANOCAP,6397870000.00,1696
ONWARDTEC,EQ,20,NANOCAP,6391038000.00,1697
BIRLAMONEY,EQ,20,NANOCAP,6375368000.00,1698
SHRADDHA,EQ,20,NANOCAP,6366657000.00,1699
STCINDIA,EQ,20,NANOCAP,6357600000.00,1700
JAYAGROGN,EQ,20,NANOCAP,6336600000.00,1701
INDOFARM,EQ,20,NANOCAP,6331759000.00,1702
SGRL,EQ,20,NANOCAP,6331189000.00,1703
ATL,EQ,20,NANOCAP,6318768000.00,1704
SHIVALIK,EQ,20,NANOCAP,6317553000.00,1705
FABTECH,EQ,20,NANOCAP,6312457000.00,1706
UGARSUGAR,BE,5,NANOCAP,6304500000.00,1707
ECOSMOBLTY,EQ,20,NANOCAP,6300600000.00,1708
HARDWYN,EQ,20,NANOCAP,6284081000.00,1709
COFFEEDAY,EQ,10,NANOCAP,6272063000.00,1710
ORBTEXP,EQ,20,NANOCAP,6242394000.00,1711
SHINDL,EQ,20,NANOCAP,6239803000.00,1712
LAXMIINDIA,EQ,20,NANOCAP,6235824000.00,1713
AHLWEST,BE,5,NANOCAP,6233980000.00,1714
GTPL,EQ,20,NANOCAP,6229328000.00,1715
PRAVEG,EQ,20,NANOCAP,6224100000.00,1716
ARIES,BE,5,NANOCAP,6208271000.00,1717
PASUPTAC,EQ,20,NANOCAP,6207230000.00,1718
BESTAGRO,EQ,10,NANOCAP,6196104000.00,1719
PRIMO,EQ,20,NANOCAP,6157941000.00,1720
GFLLIMITED,EQ,20,NANOCAP,6067016000.00,1721
TVTODAY,EQ,20,NANOCAP,6065315000.00,1722
UNIENTER,EQ,20,NANOCAP,6051880000.00,1723
HAZOOR,EQ,20,NANOCAP,6041630000.00,1724
KANPRPLA,EQ,20,NANOCAP,6033767000.00,1725
ADSL,EQ,20,NANOCAP,6026491000.00,1726
INNOVISION,EQ,20,NANOCAP,6024763000.00,1727
GANESHCP,EQ,20,NANOCAP,6015467000.00,1728
CCCL,EQ,20,NANOCAP,6008915000.00,1729
INNOVANA,EQ,20,NANOCAP,5995532000.00,1730
MAANALU,EQ,20,NANOCAP,5958896000.00,1731
TRITONV,EQ,20,NANOCAP,5948735000.00,1732
SAURASHCEM,EQ,20,NANOCAP,5939402000.00,1733
SUTLEJTEX,BE,20,NANOCAP,5937149000.00,1734
SOUTHWEST,EQ,20,NANOCAP,5932763000.00,1735
MOLDTECH,BE,5,NANOCAP,5898712000.00,1736
GLOSTERLTD,EQ,20,NANOCAP,5898417000.00,1737
DHUNINV,EQ,20,NANOCAP,5897800000.00,1738
ORIENTBELL,EQ,20,NANOCAP,5862860000.00,1739
HITECHCORP,BE,5,NANOCAP,5844032000.00,1740
MALLCOM,EQ,20,NANOCAP,5835648000.00,1741
PPL,BE,20,NANOCAP,5825315000.00,1742
CHEMBONDCH,BE,5,NANOCAP,5804550000.00,1743
AGARIND,EQ,20,NANOCAP,5773707000.00,1744
MAZDA,BE,5,NANOCAP,5770204000.00,1745
SHREERAMA,EQ,20,NANOCAP,5760479000.00,1746
PANCHMAHQ,EQ,20,NANOCAP,5741493000.00,1747
KSOLVES,EQ,20,NANOCAP,5719938000.00,1748
SNOWMAN,EQ,20,NANOCAP,5699372000.00,1749
HMVL,BE,5,NANOCAP,5692988000.00,1750
PYRAMID,EQ,20,NANOCAP,5677366000.00,1751
LAKSHMIMIL,EQ,20,NANOCAP,5642609000.00,1752
BLACKROSE,EQ,20,NANOCAP,5632950000.00,1753
DICIND,EQ,20,NANOCAP,5632679000.00,1754
DCI,EQ,20,NANOCAP,5624380000.00,1755
HINDCOMPOS,EQ,20,NANOCAP,5624035000.00,1756
VAKRANGEE,EQ,20,NANOCAP,5548054000.00,1757
NAHARPOLY,EQ,20,NANOCAP,5548034000.00,1758
NAHARINDUS,EQ,20,NANOCAP,5519081000.00,1759
BIGBLOC,EQ,20,NANOCAP,5490308000.00,1760
NBIFIN,EQ,20,NANOCAP,5489816000.00,1761
KDGREEN,EQ,10,NANOCAP,5485019000.00,1762
DHABRIYA,BE,5,NANOCAP,5467781000.00,1763
MAWANASUG,EQ,20,NANOCAP,5430985000.00,1764
ACSTECH,BE,2,NANOCAP,5405667000.00,1765
OMPOWER,EQ,20,NANOCAP,5401806000.00,1766
GLOTTIS,EQ,20,NANOCAP,5397259000.00,1767
TPLPLASTEH,EQ,20,NANOCAP,5373626000.00,1768
UNIVPHOTO,BE,5,NANOCAP,5363836000.00,1769
SAYAJIHOTL,EQ,10,NANOCAP,5325465000.00,1770
ORIENTCER,EQ,20,NANOCAP,5278481000.00,1771
CEWATER,EQ,20,NANOCAP,5245460000.00,1772
VISACHROME,EQ,5,NANOCAP,5235301000.00,1773
PRIORITY,EQ,20,NANOCAP,5228100000.00,1774
ONMOBILE,BE,5,NANOCAP,5187981000.00,1775
HTMEDIA,EQ,20,NANOCAP,5176942000.00,1776
LINC,EQ,20,NANOCAP,5148192000.00,1777
INTLCONV,EQ,20,NANOCAP,5104394000.00,1778
SHARDUL,BE,5,NANOCAP,5072796000.00,1779
SCHAND,EQ,20,NANOCAP,5064029000.00,1780
MGEL,EQ,20,NANOCAP,5055383000.00,1781
APTECHT,EQ,20,NANOCAP,5047985000.00,1782
PLASTIBLEN,EQ,20,NANOCAP,5032029000.00,1783
POEL,EQ,20,NANOCAP,5030870000.00,1784
BRAHMINFRA,EQ,20,NANOCAP,5019405000.00,1785
PTL,EQ,20,NANOCAP,5013117000.00,1786
KNAGRI,EQ,20,NANOCAP,5012281000.00,1787
SHIVACEM,EQ,20,NANOCAP,5007774000.00,1788
AZADIND,EQ,20,NANOCAP,4993856000.00,1789
MUNJALSHOW,EQ,20,NANOCAP,4980577000.00,1790
OSWALGREEN,EQ,20,NANOCAP,4951281000.00,1791
MANIKA,BE,5,NANOCAP,4891158000.00,1792
KIRANVYPAR,EQ,20,NANOCAP,4889604000.00,1793
ALBERTDAVD,EQ,20,NANOCAP,4889326000.00,1794
UNIDT,EQ,20,NANOCAP,4865644000.00,1795
CSM,EQ,20,NANOCAP,4863627000.00,1796
PENINLAND,EQ,20,NANOCAP,4849867000.00,1797
UNIVASTU,BE,5,NANOCAP,4831224000.00,1798
UDAYJEW,EQ,20,NANOCAP,4828629000.00,1799
VIRAT,EQ,10,NANOCAP,4824931000.00,1800
MINDTECK,EQ,20,NANOCAP,4822851000.00,1801
KHAICHEM,EQ,20,NANOCAP,4773809000.00,1802
MOMSBELIEF,EQ,20,NANOCAP,4743010000.00,1803
VTMLTD,EQ,20,NANOCAP,4731236000.00,1804
CHEMFAB,EQ,20,NANOCAP,4719605000.00,1805
ZEEMEDIA,EQ,10,NANOCAP,4719086000.00,1806
THEINVEST,EQ,20,NANOCAP,4719040000.00,1807
SUKHJITS,EQ,20,NANOCAP,4715657000.00,1808
JENBURPH,EQ,20,NANOCAP,4712333000.00,1809
BBTCL,EQ,20,NANOCAP,4707125000.00,1810
CSLFINANCE,EQ,20,NANOCAP,4685042000.00,1811
KAVDEFENCE,BE,5,NANOCAP,4665643000.00,1812
RUSHIL,EQ,20,NANOCAP,4665328000.00,1813
3IINFOLTD,BE,5,NANOCAP,4658420000.00,1814
SINGERIND,EQ,20,NANOCAP,4645279000.00,1815
IRIS,EQ,20,NANOCAP,4629913000.00,1816
MANCREDIT,EQ,20,NANOCAP,4623330000.00,1817
SIGMA,EQ,10,NANOCAP,4615625000.00,1818
MUFTI,EQ,20,NANOCAP,4593282000.00,1819
INDOTHAI,EQ,5,NANOCAP,4561264000.00,1820
PANSARI,EQ,20,NANOCAP,4536168000.00,1821
KAYA,BE,5,NANOCAP,4528186000.00,1822
VISHAL,EQ,20,NANOCAP,4524529000.00,1823
URJA,EQ,20,NANOCAP,4524154000.00,1824
HALEOSLABS,EQ,20,NANOCAP,4504698000.00,1825
SILINV,EQ,20,NANOCAP,4498472000.00,1826
AARTISURF,BE,5,NANOCAP,4488137000.00,1827
THOMASCOTT,EQ,20,NANOCAP,4459030000.00,1828
ENIL,EQ,20,NANOCAP,4450510000.00,1829
OSWALAGRO,EQ,10,NANOCAP,4444514000.00,1830
MCLEODRUSS,EQ,5,NANOCAP,4440413000.00,1831
NILASPACES,EQ,20,NANOCAP,4419437000.00,1832
BMWVENTLTD,EQ,20,NANOCAP,4407724000.00,1833
OILCOUNTUB,BE,2,NANOCAP,4390259000.00,1834
ASAHISONG,BE,5,NANOCAP,4376021000.00,1835
RKSWAMY,EQ,20,NANOCAP,4364262000.00,1836
REPRO,EQ,20,NANOCAP,4359548000.00,1837
UYFINCORP,BE,5,NANOCAP,4348848000.00,1838
ADVANIHOTR,EQ,20,NANOCAP,4342761000.00,1839
RAMANEWS,EQ,20,NANOCAP,4334197000.00,1840
MANOMAY,EQ,20,NANOCAP,4333140000.00,1841
MEDICAMEQ,BE,5,NANOCAP,4321113000.00,1842
MODINATUR,EQ,20,NANOCAP,4317261000.00,1843
OMAXAUTO,EQ,10,NANOCAP,4302025000.00,1844
RAMAPHO,EQ,20,NANOCAP,4248141000.00,1845
SARVESHWAR,EQ,10,NANOCAP,4236795000.00,1846
NDLVENTURE,EQ,20,NANOCAP,4217034000.00,1847
GUJAPOLLO,EQ,20,NANOCAP,4213305000.00,1848
AGASTYAEN,BE,2,NANOCAP,4197063000.00,1849
DONEAR,EQ,20,NANOCAP,4175080000.00,1850
ABCOTS,EQ,20,NANOCAP,4171111000.00,1851
HLVLTD,EQ,20,NANOCAP,4159930000.00,1852
CYBERTECH,BE,20,NANOCAP,4130242000.00,1853
CORDSCABLE,BE,5,NANOCAP,4122669000.00,1854
LANCER,EQ,20,NANOCAP,4105266000.00,1855
WSI,EQ,20,NANOCAP,4037631000.00,1856
VRAJ,EQ,20,NANOCAP,4015964000.00,1857
PAKKA,EQ,20,NANOCAP,4000899000.00,1858
LORDSCHLO,EQ,20,NANOCAP,3977442000.00,1859
NAHARCAP,EQ,20,NANOCAP,3974033000.00,1860
GVKPIL,BE,2,NANOCAP,3963818000.00,1861
ELIN,EQ,20,NANOCAP,3963316000.00,1862
DISHTV,EQ,5,NANOCAP,3958701000.00,1863
SBGLP,EQ,20,NANOCAP,3945224000.00,1864
SINCLAIR,EQ,20,NANOCAP,3932155000.00,1865
VINYLINDIA,EQ,20,NANOCAP,3928359000.00,1866
REMSONSIND,EQ,20,NANOCAP,3925607000.00,1867
AQYLON,EQ,5,NANOCAP,3922675000.00,1868
MANAKSIA,EQ,20,NANOCAP,3903208000.00,1869
SAHYADRI,EQ,20,NANOCAP,3893052000.00,1870
BATLIBOI,EQ,20,NANOCAP,3889130000.00,1871
AEPL,EQ,20,NANOCAP,3850906000.00,1872
XTGLOBAL,EQ,20,NANOCAP,3848009000.00,1873
DENORA,EQ,20,NANOCAP,3842920000.00,1874
DAVANGERE,EQ,10,NANOCAP,3832725000.00,1875
RADIANTCMS,EQ,20,NANOCAP,3829747000.00,1876
GOKUL,EQ,20,NANOCAP,3827147000.00,1877
BIRLAPREC,BE,5,NANOCAP,3826972000.00,1878
MIRZAINT,EQ,20,NANOCAP,3821282000.00,1879
MAJESAUT,BE,5,NANOCAP,3807556000.00,1880
KOTHARIPRO,EQ,20,NANOCAP,3806287000.00,1881
QMSMEDI,BE,5,NANOCAP,3783758000.00,1882
MONEYBOXX,BE,5,NANOCAP,3770218000.00,1883
CPL,EQ,20,NANOCAP,3758767000.00,1884
MANORG,EQ,5,NANOCAP,3740948000.00,1885
NILE,EQ,20,NANOCAP,3731962000.00,1886
RRECL,EQ,10,NANOCAP,3711953000.00,1887
JKIPL,EQ,5,NANOCAP,3704633000.00,1888
LIBERTSHOE,EQ,20,NANOCAP,3693931000.00,1889
AUTOIND,EQ,20,NANOCAP,3693558000.00,1890
GOACARBON,EQ,20,NANOCAP,3686959000.00,1891
MARKOLINES,EQ,20,NANOCAP,3686564000.00,1892
NDL,EQ,20,NANOCAP,3661338000.00,1893
NIMBSPROJ,EQ,5,NANOCAP,3659934000.00,1894
EBIX,BE,5,NANOCAP,3659303000.00,1895
ALMONDZ,BE,5,NANOCAP,3654182000.00,1896
TARACHAND,EQ,20,NANOCAP,3653534000.00,1897
FOCUS,BE,20,NANOCAP,3650566000.00,1898
EUROBOND,EQ,20,NANOCAP,3633105000.00,1899
FOODSIN,EQ,20,NANOCAP,3631724000.00,1900
MENNPIS,BE,5,NANOCAP,3631710000.00,1901
S&SPOWER,EQ,5,NANOCAP,3629650000.00,1902
ACL,EQ,20,NANOCAP,3625130000.00,1903
AVONMORE,EQ,20,NANOCAP,3609143000.00,1904
MBLINFRA,EQ,5,NANOCAP,3602370000.00,1905
BANSWRAS,EQ,20,NANOCAP,3597792000.00,1906
MUTHOOTCAP,EQ,20,NANOCAP,3586878000.00,1907
VARDHACRLC,BE,20,NANOCAP,3563329000.00,1908
BEDMUTHA,EQ,10,NANOCAP,3559674000.00,1909
ESSARSHPNG,EQ,20,NANOCAP,3555849000.00,1910
SURAJLTD,EQ,20,NANOCAP,3553637000.00,1911
VPRPL,EQ,20,NANOCAP,3538643000.00,1912
AFIL,EQ,20,NANOCAP,3520887000.00,1913
VIJIFIN,BE,5,NANOCAP,3501960000.00,1914
EMAMIREAL,EQ,5,NANOCAP,3493555000.00,1915
TRANSWORLD,BE,5,NANOCAP,3491248000.00,1916
DIGISPICE,EQ,5,NANOCAP,3470786000.00,1917
AAREYDRUGS,EQ,5,NANOCAP,3463844000.00,1918
IGCL,EQ,20,NANOCAP,3453295000.00,1919
ORIENTPPR,EQ,20,NANOCAP,3443771000.00,1920
ALUFLUOR,EQ,20,NANOCAP,3441213000.00,1921
KALYANIFRG,BE,5,NANOCAP,3437000000.00,1922
NICCOPAR,EQ,20,NANOCAP,3435730000.00,1923
DEVX,EQ,20,NANOCAP,3433247000.00,1924
GINNIFILA,BE,5,NANOCAP,3432854000.00,1925
RUBFILA,EQ,20,NANOCAP,3432421000.00,1926
SWISSMLTRY,BE,5,NANOCAP,3400633000.00,1927
TRACXN,EQ,20,NANOCAP,3391546000.00,1928
ABMKNO,EQ,20,NANOCAP,3361770000.00,1929
TOLINS,EQ,20,NANOCAP,3342052000.00,1930
NURECA,BE,5,NANOCAP,3338241000.00,1931
KESORAMIND,EQ,5,NANOCAP,3333421000.00,1932
KRITINUT,EQ,5,NANOCAP,3333387000.00,1933
INSPIRISYS,EQ,5,NANOCAP,3321083000.00,1934
HARRMALAYA,EQ,20,NANOCAP,3315883000.00,1935
SHEMAROO,EQ,20,NANOCAP,3310018000.00,1936
HCL-INSYS,EQ,20,NANOCAP,3305268000.00,1937
ZODIAC,EQ,10,NANOCAP,3286758000.00,1938
OMFREIGHT,BE,20,NANOCAP,3283355000.00,1939
DCMSRIND,EQ,20,NANOCAP,3278735000.00,1940
CINELINE,EQ,20,NANOCAP,3276158000.00,1941
DREAMFOLKS,EQ,20,NANOCAP,3276096000.00,1942
VGL,EQ,20,NANOCAP,3251975000.00,1943
QUINT,BE,5,NANOCAP,3243326000.00,1944
PPAP,BE,5,NANOCAP,3233816000.00,1945
HILINFRA,EQ,20,NANOCAP,3231732000.00,1946
BELLACASA,EQ,20,NANOCAP,3229333000.00,1947
PKTEA,BE,5,NANOCAP,3212594000.00,1948
CPEDU,EQ,20,NANOCAP,3208507000.00,1949
KRITI,EQ,20,NANOCAP,3202336000.00,1950
PONNIERODE,EQ,20,NANOCAP,3201621000.00,1951
KOTYARK,EQ,20,NANOCAP,3191974000.00,1952
GULFPETRO,BE,5,NANOCAP,3183975000.00,1953
TREJHARA,EQ,20,NANOCAP,3175212000.00,1954
CLEDUCATE,EQ,5,NANOCAP,3144104000.00,1955
SHAH,EQ,20,NANOCAP,3109914000.00,1956
DCMNVL,EQ,5,NANOCAP,3109285000.00,1957
HPAL,EQ,20,NANOCAP,3106285000.00,1958
AVG,BE,20,NANOCAP,3105541000.00,1959
UCAL,BE,5,NANOCAP,3104753000.00,1960
RADIOCITY,EQ,20,NANOCAP,3098668000.00,1961
ANNU,EQ,20,NANOCAP,3084050000.00,1962
SAYAJIIND,EQ,5,NANOCAP,3066018000.00,1963
GEEKAYWIRE,EQ,20,NANOCAP,3053029000.00,1964
AKSHARCHEM,BE,5,NANOCAP,3045348000.00,1965
VERTOZ,EQ,20,NANOCAP,3039302000.00,1966
KCPSUGIND,BE,5,NANOCAP,3028515000.00,1967
DBEIL,EQ,20,NANOCAP,3027756000.00,1968
RUCHIRA,EQ,20,NANOCAP,3023595000.00,1969
MEGASTAR,EQ,20,NANOCAP,3017531000.00,1970
SHANKARA,EQ,20,NANOCAP,3016616000.00,1971
APOLSINHOT,EQ,20,NANOCAP,3005802000.00,1972
MODIRUBBER,EQ,20,NANOCAP,2997853000.00,1973
LYKALABS,BE,5,NANOCAP,2948254000.00,1974
ASHIMASYN,EQ,20,NANOCAP,2934316000.00,1975
SCANSTL,BE,5,NANOCAP,2927375000.00,1976
ATLANTAA,EQ,20,NANOCAP,2910365000.00,1977
AMBALALSA,BE,5,NANOCAP,2903635000.00,1978
AXITA,EQ,20,NANOCAP,2900665000.00,1979
VARDMNPOLY,EQ,20,NANOCAP,2897988000.00,1980
HALDER,EQ,20,NANOCAP,2894727000.00,1981
STARTECK,EQ,10,NANOCAP,2883410000.00,1982
TAMBOLIIN,BE,5,NANOCAP,2876800000.00,1983
AASTHA,EQ,5,NANOCAP,2864828000.00,1984
RHL,EQ,20,NANOCAP,2817163000.00,1985
ANNAPURNA,EQ,20,NANOCAP,2806052000.00,1986
DYNPRO,EQ,20,NANOCAP,2791167000.00,1987
APCL,EQ,20,NANOCAP,2783553000.00,1988
IITL,EQ,20,NANOCAP,2773782000.00,1989
SONAMLTD,BE,5,NANOCAP,2760206000.00,1990
SSDL,EQ,20,NANOCAP,2747830000.00,1991
SAPPL,EQ,20,NANOCAP,2744175000.00,1992
SIKKO,BE,5,NANOCAP,2716896000.00,1993
TIGERLOGS,EQ,20,NANOCAP,2716075000.00,1994
GENUSPAPER,EQ,20,NANOCAP,2707536000.00,1995
EXXARO,EQ,20,NANOCAP,2702361000.00,1996
MAHEPC,EQ,20,NANOCAP,2691657000.00,1997
PODDARMENT,EQ,20,NANOCAP,2691227000.00,1998
PRITIKAUTO,EQ,20,NANOCAP,2682519000.00,1999
SUNDRMBRAK,EQ,20,NANOCAP,2635969000.00,2000
NATHBIOGEN,EQ,20,NANOCAP,2617611000.00,2001
VETO,EQ,20,NANOCAP,2614735000.00,2002
DJML,EQ,10,NANOCAP,2608823000.00,2003
RPPINFRA,EQ,20,NANOCAP,2608219000.00,2004
TERASOFT,EQ,20,NANOCAP,2601344000.00,2005
NILAINFRA,EQ,20,NANOCAP,2587852000.00,2006
SAB,EQ,5,NANOCAP,2585713000.00,2007
AARON,EQ,20,NANOCAP,2578721000.00,2008
MERCANTILE,EQ,20,NANOCAP,2575400000.00,2009
ELGIRUBCO,EQ,20,NANOCAP,2571569000.00,2010
CPCAP,EQ,20,NANOCAP,2562475000.00,2011
A2ZINFRA,EQ,5,NANOCAP,2552771000.00,2012
KMSUGAR,BE,5,NANOCAP,2552085000.00,2013
DPWIRES,BE,20,NANOCAP,2542047000.00,2014
SOMATEX,EQ,5,NANOCAP,2502580000.00,2015
PLAZACABLE,EQ,5,NANOCAP,2499119000.00,2016
GICL,BE,5,NANOCAP,2493229000.00,2017
GLOBECIVIL,EQ,20,NANOCAP,2477741000.00,2018
SILGO,EQ,20,NANOCAP,2475174000.00,2019
IVC,EQ,20,NANOCAP,2452596000.00,2020
BIMETAL,EQ,20,NANOCAP,2448000000.00,2021
RNBDENIMS,BE,5,NANOCAP,2437380000.00,2022
SRD,EQ,20,NANOCAP,2435855000.00,2023
SAHLIBHFI,EQ,20,NANOCAP,2432153000.00,2024
DSFCL,BE,5,NANOCAP,2427082000.00,2025
SETCO,BE,5,NANOCAP,2425201000.00,2026
SHRADHA,EQ,20,NANOCAP,2421017000.00,2027
JAYSREETEA,EQ,20,NANOCAP,2415602000.00,2028
SAKUMA,EQ,10,NANOCAP,2414287000.00,2029
LEMERITE,EQ,5,NANOCAP,2413239000.00,2030
NDGL,EQ,20,NANOCAP,2411000000.00,2031
LOTUSEYE,EQ,20,NANOCAP,2405719000.00,2032
GILLANDERS,EQ,20,NANOCAP,2405709000.00,2033
COASTCORP,EQ,20,NANOCAP,2399124000.00,2034
MARALOVER,EQ,20,NANOCAP,2395012000.00,2035
CHEMBOND,EQ,20,NANOCAP,2388954000.00,2036
RVTH,EQ,20,NANOCAP,2382095000.00,2037
CUBEXTUB,BE,5,NANOCAP,2378382000.00,2038
DIAMINESQ,EQ,20,NANOCAP,2376220000.00,2039
ARVEE,EQ,10,NANOCAP,2372826000.00,2040
STARPAPER,EQ,20,NANOCAP,2369504000.00,2041
DAICHI,BE,5,NANOCAP,2362785000.00,2042
SPENCERS,EQ,20,NANOCAP,2361915000.00,2043
RCOM,BE,5,NANOCAP,2360059000.00,2044
FCSSOFT,EQ,10,NANOCAP,2359183000.00,2045
NIPPOBATRY,EQ,20,NANOCAP,2358375000.00,2046
EQUIPPP,BE,5,NANOCAP,2353664000.00,2047
AHLEAST,EQ,20,NANOCAP,2351671000.00,2048
IWP,EQ,20,NANOCAP,2332445000.00,2049
ALFREDHE,EQ,20,NANOCAP,2327187000.00,2050
LANCORHOL,BE,5,NANOCAP,2323462000.00,2051
GENCON,EQ,20,NANOCAP,2322188000.00,2052
IVP,BE,5,NANOCAP,2321447000.00,2053
VMSTMT,EQ,20,NANOCAP,2315296000.00,2054
BTTL,BE,5,NANOCAP,2305746000.00,2055
NATIONSTD,EQ,5,NANOCAP,2298200000.00,2056
GOLDTECH,BE,2,NANOCAP,2288546000.00,2057
SUMIT,EQ,20,NANOCAP,2285734000.00,2058
RVHL,EQ,20,NANOCAP,2283157000.00,2059
MKEXIM,EQ,20,NANOCAP,2278228000.00,2060
BI,BE,2,NANOCAP,2276824000.00,2061
EKI,BE,5,NANOCAP,2265061000.00,2062
WORTHPERI,EQ,20,NANOCAP,2264049000.00,2063
SVGLOBAL,EQ,20,NANOCAP,2258718000.00,2064
GRAVISSHO,BE,5,NANOCAP,2256612000.00,2065
SHIVAMAUTO,EQ,20,NANOCAP,2244623000.00,2066
HAMPTON,EQ,20,NANOCAP,2239165000.00,2067
SHIVATEX,EQ,20,NANOCAP,2237364000.00,2068
VIKASLIFE,EQ,20,NANOCAP,2229202000.00,2069
BPL,EQ,20,NANOCAP,2218112000.00,2070
MANAKALUCO,EQ,20,NANOCAP,2212429000.00,2071
UFO,EQ,20,NANOCAP,2193210000.00,2072
COMPEAU,EQ,20,NANOCAP,2181813000.00,2073
SURANAT&P,EQ,20,NANOCAP,2169444000.00,2074
RMC,EQ,20,NANOCAP,2143569000.00,2075
PAVNAIND,EQ,20,NANOCAP,2143181000.00,2076
SRGHFL,EQ,5,NANOCAP,2132619000.00,2077
AFFORDABLE,EQ,5,NANOCAP,2130139000.00,2078
KOTARISUG,BE,5,NANOCAP,2128579000.00,2079
CCHHL,EQ,20,NANOCAP,2123407000.00,2080
NTCIND,EQ,20,NANOCAP,2117167000.00,2081
TRF,EQ,20,NANOCAP,2116479000.00,2082
SMARTLINK,BE,5,NANOCAP,2115698000.00,2083
TEAMGTY,EQ,20,NANOCAP,2114289000.00,2084
SAKHTISUG,EQ,20,NANOCAP,2089366000.00,2085
SINTERCOM,EQ,20,NANOCAP,2088536000.00,2086
KHADIM,BE,2,NANOCAP,2084108000.00,2087
UNITEDTEA,EQ,20,NANOCAP,2083318000.00,2088
ALANKIT,EQ,20,NANOCAP,2074359000.00,2089
ZEELEARN,EQ,20,NANOCAP,2066871000.00,2090
VSTL,EQ,20,NANOCAP,2064062000.00,2091
MLKFOOD,EQ,20,NANOCAP,2060052000.00,2092
NITIRAJ,EQ,20,NANOCAP,2059426000.00,2093
NEAGI,EQ,5,NANOCAP,2058652000.00,2094
BALAJEE,EQ,20,NANOCAP,2055585000.00,2095
AARVI,EQ,20,NANOCAP,2035423000.00,2096
MAHESHWARI,EQ,20,NANOCAP,2031627000.00,2097
TTL,EQ,20,NANOCAP,2027741000.00,2098
ARCHIDPLY,EQ,20,NANOCAP,2022058000.00,2099
SICAGEN,EQ,5,NANOCAP,2016573000.00,2100
RANASUG,EQ,20,NANOCAP,2008667000.00,2101
JMA,EQ,20,NANOCAP,2001790000.00,2102
NOVAAGRI,EQ,20,NANOCAP,2000240000.00,2103
CENTEXT,EQ,20,NANOCAP,1999800000.00,2104
VIJSOLX,EQ,5,NANOCAP,1995347000.00,2105
COMFINTE,EQ,20,NANOCAP,1993214000.00,2106
NECLIFE,EQ,5,NANOCAP,1987290000.00,2107
PIGL,EQ,20,NANOCAP,1987125000.00,2108
SIGIND,BE,5,NANOCAP,1984643000.00,2109
WARDINMOBI,EQ,5,NANOCAP,1978477000.00,2110
MADHAVIPL,EQ,20,NANOCAP,1970641000.00,2111
WATERBASE,EQ,20,NANOCAP,1957242000.00,2112
RACE,EQ,20,NANOCAP,1953170000.00,2113
AIRAN,EQ,20,NANOCAP,1950312000.00,2114
ARCL,EQ,5,NANOCAP,1928450000.00,2115
ABANSENT,EQ,5,NANOCAP,1925069000.00,2116
NECCLTD,BE,20,NANOCAP,1923845000.00,2117
INTENTECH,EQ,20,NANOCAP,1914918000.00,2118
TAINWALCHM,EQ,20,NANOCAP,1903580000.00,2119
AUSOMENT,EQ,5,NANOCAP,1893674000.00,2120
ROSSELLIND,EQ,20,NANOCAP,1893117000.00,2121
ASPINWALL,EQ,20,NANOCAP,1877102000.00,2122
DRCSYSTEMS,EQ,20,NANOCAP,1875939000.00,2123
TAKE,EQ,5,NANOCAP,1871365000.00,2124
MHLXMIRU,BE,5,NANOCAP,1858548000.00,2125
AVANCE,EQ,20,NANOCAP,1853612000.00,2126
SPCENET,EQ,10,NANOCAP,1841422000.00,2127
GLOBALVECT,EQ,20,NANOCAP,1834560000.00,2128
ZODIACLOTH,EQ,20,NANOCAP,1831732000.00,2129
RRIL,EQ,20,NANOCAP,1831548000.00,2130
RUDRA,EQ,20,NANOCAP,1829268000.00,2131
AERONEU,EQ,20,NANOCAP,1820166000.00,2132
MEDICO,EQ,10,NANOCAP,1814030000.00,2133
VIPCLOTHNG,EQ,10,NANOCAP,1812505000.00,2134
BASML,BE,20,NANOCAP,1811018000.00,2135
ASMS,EQ,20,NANOCAP,1803094000.00,2136
EMPOWER,EQ,5,NANOCAP,1792250000.00,2137
VIKASECO,EQ,20,NANOCAP,1786393000.00,2138
ALPINETEX,EQ,20,NANOCAP,1783458000.00,2139
ESSENTIA,EQ,5,NANOCAP,1755283000.00,2140
BCONCEPTS,EQ,20,NANOCAP,1752580000.00,2141
PILITA,EQ,5,NANOCAP,1750750000.00,2142
SHREYANIND,EQ,20,NANOCAP,1745902000.00,2143
IPRINGLTD,EQ,20,NANOCAP,1718375000.00,2144
UMIYA-MRO,EQ,20,NANOCAP,1714499000.00,2145
SUPERHOUSE,EQ,20,NANOCAP,1705126000.00,2146
HINDCON,EQ,5,NANOCAP,1704648000.00,2147
MURUDCERA,EQ,20,NANOCAP,1698900000.00,2148
DELPHIFX,BE,2,NANOCAP,1692348000.00,2149
SHAHALLOYS,BE,5,NANOCAP,1690116000.00,2150
NATCAPSUQ,BE,5,NANOCAP,1688273000.00,2151
BALPHARMA,EQ,20,NANOCAP,1683473000.00,2152
BAIDFIN,EQ,20,NANOCAP,1671171000.00,2153
DTIL,BE,5,NANOCAP,1666163000.00,2154
NIRAJ,EQ,20,NANOCAP,1655921000.00,2155
EMMBI,BE,20,NANOCAP,1655431000.00,2156
ONELIFECAP,BE,5,NANOCAP,1653862000.00,2157
KANCHI,EQ,5,NANOCAP,1649810000.00,2158
ALPHAGEO,BE,5,NANOCAP,1643383000.00,2159
METROGLOBL,EQ,20,NANOCAP,1622217000.00,2160
BROOKS,EQ,10,NANOCAP,1614257000.00,2161
SURYALA,EQ,20,NANOCAP,1610792000.00,2162
ISFT,BE,5,NANOCAP,1597076000.00,2163
TRIGYN,EQ,20,NANOCAP,1594701000.00,2164
MODTHREAD,EQ,20,NANOCAP,1587834000.00,2165
ATALREAL,EQ,5,NANOCAP,1583394000.00,2166
TEXMOPIPES,EQ,20,NANOCAP,1567771000.00,2167
SHBAJRG,EQ,20,NANOCAP,1550970000.00,2168
INDOUS,EQ,20,NANOCAP,1538991000.00,2169
MITCON,EQ,20,NANOCAP,1538044000.00,2170
BHARATGEAR,BE,5,NANOCAP,1529978000.00,2171
DOLLEX,EQ,20,NANOCAP,1527642000.00,2172
PAR,BE,5,NANOCAP,1525160000.00,2173
AARTECH,BE,5,NANOCAP,1522436000.00,2174
AMJLAND,EQ,20,NANOCAP,1517820000.00,2175
BYKE,EQ,10,NANOCAP,1506167000.00,2176
FILATFASH,EQ,5,NANOCAP,1500133000.00,2177
MSL,EQ,20,NANOCAP,1499542000.00,2178
AARNAV,BE,5,NANOCAP,1499471000.00,2179
VIRINCHI,EQ,20,NANOCAP,1497881000.00,2180
HBESD,EQ,20,NANOCAP,1494922000.00,2181
PARNAXLAB,EQ,20,NANOCAP,1494070000.00,2182
VIPULLTD,BE,5,NANOCAP,1492761000.00,2183
MCL,EQ,20,NANOCAP,1483083000.00,2184
LANDSMILL,EQ,10,NANOCAP,1481230000.00,2185
INDTERRAIN,EQ,20,NANOCAP,1480500000.00,2186
DGCONTENT,EQ,20,NANOCAP,1475510000.00,2187
KREBSBIO,EQ,20,NANOCAP,1467198000.00,2188
INCREDIBLE,EQ,20,NANOCAP,1466979000.00,2189
MKPL,EQ,20,NANOCAP,1463951000.00,2190
VASWANI,EQ,20,NANOCAP,1461491000.00,2191
LAL,EQ,20,NANOCAP,1459624000.00,2192
PML,EQ,20,NANOCAP,1457653000.00,2193
RPPL,BE,5,NANOCAP,1455182000.00,2194
SRTL,EQ,20,NANOCAP,1455090000.00,2195
RELIABLE,EQ,20,NANOCAP,1452334000.00,2196
HINDADH,EQ,20,NANOCAP,1438869000.00,2197
SECMARK,EQ,20,NANOCAP,1436254000.00,2198
TARMAT,EQ,20,NANOCAP,1434427000.00,2199
MAHAPEXLTD,EQ,20,NANOCAP,1414263000.00,2200
PRAENG,EQ,20,NANOCAP,1405010000.00,2201
WIPL,EQ,20,NANOCAP,1389828000.00,2202
XELPMOC,EQ,20,NANOCAP,1389194000.00,2203
VGCL,EQ,5,NANOCAP,1381528000.00,2204
BRIGHTBR,EQ,20,NANOCAP,1374968000.00,2205
TIPSFILMS,EQ,20,NANOCAP,1363438000.00,2206
CALSOFT,BE,5,NANOCAP,1362475000.00,2207
DCM,EQ,20,NANOCAP,1360300000.00,2208
INDOWIND,EQ,20,NANOCAP,1358858000.00,2209
KEYFINSERV,EQ,20,NANOCAP,1358538000.00,2210
KAMOPAINTS,EQ,20,NANOCAP,1348900000.00,2211
BRNL,EQ,20,NANOCAP,1345719000.00,2212
AIROLAM,EQ,20,NANOCAP,1343879000.00,2213
SALONA,EQ,20,NANOCAP,1338491000.00,2214
LAMBODHARA,EQ,20,NANOCAP,1334974000.00,2215
PREMCO,EQ,20,NANOCAP,1321755000.00,2216
KRITIKA,EQ,20,NANOCAP,1307435000.00,2217
HPIL,EQ,20,NANOCAP,1307375000.00,2218
WHBRADY,EQ,20,NANOCAP,1300037000.00,2219
GVPTECH,BE,5,NANOCAP,1298381000.00,2220
CHEMCRUX,EQ,20,NANOCAP,1293723000.00,2221
CROWN,EQ,20,NANOCAP,1292633000.00,2222
ISHANCH,EQ,20,NANOCAP,1291498000.00,2223
SONAL,EQ,5,NANOCAP,1290505000.00,2224
JOCIL,EQ,20,NANOCAP,1289721000.00,2225
BTML,EQ,20,NANOCAP,1288237000.00,2226
VITAL,EQ,5,NANOCAP,1280426000.00,2227
LKPSEC,EQ,10,NANOCAP,1279711000.00,2228
MAGNUM,EQ,20,NANOCAP,1273819000.00,2229
LAGNAM,EQ,20,NANOCAP,1270401000.00,2230
GSLSU,EQ,5,NANOCAP,1269759000.00,2231
MUKTAARTS,EQ,20,NANOCAP,1262964000.00,2232
CORALFINAC,EQ,20,NANOCAP,1259445000.00,2233
ALPA,EQ,20,NANOCAP,1246866000.00,2234
SAMPANN,EQ,20,NANOCAP,1227151000.00,2235
ANIKINDS,EQ,20,NANOCAP,1221153000.00,2236
BALAXI,EQ,10,NANOCAP,1217279000.00,2237
BSL,EQ,20,NANOCAP,1216534000.00,2238
HECPROJECT,EQ,20,NANOCAP,1212357000.00,2239
STEELCITY,EQ,20,NANOCAP,1210229000.00,2240
TICL,BE,5,NANOCAP,1207450000.00,2241
LATTEYS,EQ,20,NANOCAP,1202238000.00,2242
AAATECH,EQ,20,NANOCAP,1189557000.00,2243
SURANASOL,EQ,20,NANOCAP,1188339000.00,2244
ROLLT,BE,5,NANOCAP,1185616000.00,2245
RSDFIN,BE,5,NANOCAP,1182661000.00,2246
DEVIT,EQ,20,NANOCAP,1182494000.00,2247
URAVIDEF,BE,2,NANOCAP,1174200000.00,2248
ASSAMENT,EQ,5,NANOCAP,1172828000.00,2249
SADBHAV,EQ,5,NANOCAP,1166681000.00,2250
GFSTEELS,BE,2,NANOCAP,1165165000.00,2251
THAKDEV,EQ,5,NANOCAP,1158660000.00,2252
AKSHOPTFBR,BE,5,NANOCAP,1150275000.00,2253
OBCL,EQ,20,NANOCAP,1146693000.00,2254
LAHOTIOV,EQ,20,NANOCAP,1145273000.00,2255
RUCHINFRA,EQ,20,NANOCAP,1142361000.00,2256
GANGESSECU,EQ,20,NANOCAP,1140320000.00,2257
OSWALSEEDS,EQ,20,NANOCAP,1133313000.00,2258
TOTAL,BE,5,NANOCAP,1132759000.00,2259
VAISHALI,EQ,10,NANOCAP,1131300000.00,2260
VISHWARAJ,EQ,20,NANOCAP,1128348000.00,2261
BCPL,EQ,20,NANOCAP,1124665000.00,2262
INDIANCARD,EQ,20,NANOCAP,1119129000.00,2263
INDBANK,EQ,20,NANOCAP,1118331000.00,2264
KOHINOOR,EQ,10,NANOCAP,1113258000.00,2265
WEIZMANIND,EQ,20,NANOCAP,1107036000.00,2266
DBSTOCKBRO,BE,5,NANOCAP,1102500000.00,2267
ZENITHEXPO,EQ,5,NANOCAP,1095655000.00,2268
BNALTD,BE,5,NANOCAP,1090580000.00,2269
NORBTEAEXP,EQ,5,NANOCAP,1073165000.00,2270
GTL,EQ,20,NANOCAP,1072764000.00,2271
ITL,EQ,20,NANOCAP,1062757000.00,2272
SHYAMCENT,BE,10,NANOCAP,1060865000.00,2273
AMARJOTHI,EQ,20,NANOCAP,1056243000.00,2274
SURYALAXMI,EQ,20,NANOCAP,1054413000.00,2275
REPL,EQ,10,NANOCAP,1050924000.00,2276
VLEGOV,EQ,5,NANOCAP,1041133000.00,2277
GATECH,BE,5,NANOCAP,1038532000.00,2278
GATECHDVR,BE,5,NANOCAP,1038532000.00,2279
SHEKHAWATI,BE,5,NANOCAP,1037547000.00,2280
SAMBHAAV,EQ,20,NANOCAP,1035821000.00,2281
COMPUSOFT,EQ,20,NANOCAP,1032584000.00,2282
JHS,EQ,10,NANOCAP,1022647000.00,2283
GROBTEA,EQ,20,NANOCAP,1021107000.00,2284
SIL,EQ,20,NANOCAP,1018327000.00,2285
USK,EQ,20,NANOCAP,1018018000.00,2286
THACKER,EQ,20,NANOCAP,1017017000.00,2287
SMLT,EQ,20,NANOCAP,1015506000.00,2288
LOVABLE,EQ,20,NANOCAP,1010692000.00,2289
SHRIKRISH,EQ,10,NANOCAP,1006880000.00,2290
LOYALTEX,EQ,20,NANOCAP,999412500.00,2291
AMDIND,BE,5,NANOCAP,998395900.00,2292
ARTNIRMAN,EQ,20,NANOCAP,998240000.00,2293
JETFREIGHT,EQ,20,NANOCAP,997590300.00,2294
SOMICONVEY,EQ,20,NANOCAP,986310600.00,2295
MUKESHB,EQ,5,NANOCAP,982499300.00,2296
SHILGRAVQ,EQ,20,NANOCAP,975929200.00,2297
MOTOGENFIN,EQ,20,NANOCAP,971278000.00,2298
DIGJAMLMTD,BE,5,NANOCAP,959200000.00,2299
NAVKARURB,EQ,5,NANOCAP,953776900.00,2300
GLOBE,EQ,20,NANOCAP,950383700.00,2301
PACIFICI,EQ,20,NANOCAP,942704200.00,2302
BHANDARI,EQ,10,NANOCAP,938937100.00,2303
NARMADA,EQ,20,NANOCAP,933994100.00,2304
ADDIND,EQ,20,NANOCAP,933758900.00,2305
PARSVNATH,BE,2,NANOCAP,926935900.00,2306
MAKERSL,EQ,10,NANOCAP,926260000.00,2307
SADBHIN,EQ,5,NANOCAP,922830100.00,2308
RAJSREESUG,EQ,20,NANOCAP,918850300.00,2309
BVCL,EQ,20,NANOCAP,917202400.00,2310
CRSL,BE,5,NANOCAP,905529700.00,2311
CRAVATEX,EQ,20,NANOCAP,904375900.00,2312
PIONRINV,BE,5,NANOCAP,897674300.00,2313
ABAN,BE,5,NANOCAP,896486400.00,2314
AVROIND,EQ,20,NANOCAP,896265000.00,2315
INVENTURE,EQ,20,NANOCAP,892500000.00,2316
OPTIFIN,EQ,20,NANOCAP,890477500.00,2317
BAGFILMS,EQ,20,NANOCAP,886926600.00,2318
ALKALI,BE,5,NANOCAP,886896200.00,2319
RTSPOWR,EQ,5,NANOCAP,883312000.00,2320
BLBLIMITED,EQ,20,NANOCAP,879677900.00,2321
BEARDSELL,EQ,20,NANOCAP,872740800.00,2322
HILTON,EQ,5,NANOCAP,867726100.00,2323
RELCHEMQ,EQ,20,NANOCAP,862681900.00,2324
TERAI,EQ,20,NANOCAP,862010600.00,2325
DEEP,BE,5,NANOCAP,861787800.00,2326
RAJMET,EQ,20,NANOCAP,851558400.00,2327
PATINTLOG,EQ,20,NANOCAP,849177400.00,2328
REGENCERAM,EQ,20,NANOCAP,845601900.00,2329
PALASHSECU,EQ,20,NANOCAP,845262100.00,2330
AAKASH,EQ,20,NANOCAP,844425000.00,2331
KSHITIJPOL,BE,5,NANOCAP,843679100.00,2332
GOYALALUM,EQ,20,NANOCAP,843550700.00,2333
VASUPRADA,EQ,5,NANOCAP,841625400.00,2334
LPDC,EQ,20,NANOCAP,833029000.00,2335
SPLIL,EQ,20,NANOCAP,826500100.00,2336
PRAXIS,EQ,5,NANOCAP,815715600.00,2337
MOKSH,EQ,20,NANOCAP,811008000.00,2338
KAKATCEM,EQ,5,NANOCAP,801407000.00,2339
HISARMETAL,EQ,20,NANOCAP,793368000.00,2340
CFEL,BE,5,NANOCAP,792589200.00,2341
TRANSCOR,EQ,20,NANOCAP,785233100.00,2342
GRADIENTE,BE,5,NANOCAP,784464000.00,2343
CINEVISTA,EQ,20,NANOCAP,782859100.00,2344
SUPTANERY,BE,5,NANOCAP,781806800.00,2345
ORIENTLTD,BE,5,NANOCAP,779200000.00,2346
RSSOFTWARE,EQ,5,NANOCAP,775969600.00,2347
ANMOL,BE,5,NANOCAP,768341000.00,2348
BANARBEADS,EQ,20,NANOCAP,765312600.00,2349
FIBERWEB,EQ,10,NANOCAP,764419900.00,2350
ADROITINFO,BE,5,NANOCAP,761521500.00,2351
SHERVANI,EQ,20,NANOCAP,760734100.00,2352
NIBL,EQ,20,NANOCAP,758903900.00,2353
SEMAC,EQ,5,NANOCAP,754357400.00,2354
CTE,BE,5,NANOCAP,749047500.00,2355
BANKA,EQ,5,NANOCAP,748946700.00,2356
DUCON,EQ,5,NANOCAP,747328900.00,2357
UMAEXPORTS,BE,5,NANOCAP,745506800.00,2358
CGVAK,EQ,20,NANOCAP,743591400.00,2359
ZENITHSTL,EQ,20,NANOCAP,725630300.00,2360
SUNLOC,EQ,20,NANOCAP,718858000.00,2361
CURAA,BE,5,NANOCAP,715275000.00,2362
MYSORPETRO,BE,5,NANOCAP,703585800.00,2363
SWARNSAR,EQ,20,NANOCAP,700810500.00,2364
KHAITANLTD,EQ,20,NANOCAP,699152500.00,2365
ROML,EQ,20,NANOCAP,692949600.00,2366
ENERGYDEV,EQ,20,NANOCAP,689700000.00,2367
VINEETLAB,EQ,5,NANOCAP,689697000.00,2368
KSR,BE,5,NANOCAP,686983900.00,2369
DIGIDRIVE,EQ,20,NANOCAP,677439400.00,2370
PARASPETRO,EQ,5,NANOCAP,675126400.00,2371
TOKYOPLAST,EQ,5,NANOCAP,674694400.00,2372
NGIL,EQ,10,NANOCAP,673987400.00,2373
NAGREEKEXP,EQ,20,NANOCAP,665296500.00,2374
NOIDATOLL,EQ,10,NANOCAP,662854200.00,2375
ODIGMA,EQ,5,NANOCAP,659865900.00,2376
HBPOR,EQ,20,NANOCAP,658059900.00,2377
LCCINFOTEC,BE,5,NANOCAP,657514000.00,2378
BONLON,EQ,10,NANOCAP,654842800.00,2379
TFL,EQ,20,NANOCAP,651473400.00,2380
CAPTRUST,BE,5,NANOCAP,646005600.00,2381
AKI,BE,5,NANOCAP,635748700.00,2382
ATAM,EQ,20,NANOCAP,634477100.00,2383
TOUCHWOOD,EQ,20,NANOCAP,633182300.00,2384
HRYNSHP,EQ,20,NANOCAP,629148100.00,2385
HINDALUMI,EQ,20,NANOCAP,624461100.00,2386
PRAKASHSTL,EQ,20,NANOCAP,623001400.00,2387
ACCURACY,BE,10,NANOCAP,621812800.00,2388
DAMODARIND,BE,5,NANOCAP,619547000.00,2389
PIONEEREMB,EQ,20,NANOCAP,618465900.00,2390
ODYCORP,EQ,20,NANOCAP,612033100.00,2391
ADVIKCA,EQ,20,NANOCAP,608520400.00,2392
ICDSLTD,BE,5,NANOCAP,605741600.00,2393
ATLASCYCLE,EQ,20,NANOCAP,596662100.00,2394
DELTAMAGNT,EQ,20,NANOCAP,586828600.00,2395
SGLRES,EQ,5,NANOCAP,568589200.00,2396
RKEC,BE,5,NANOCAP,566504000.00,2397
LADDERUP,BE,5,NANOCAP,562978200.00,2398
AJOONI,EQ,20,NANOCAP,561855200.00,2399
RAJTV,BE,5,NANOCAP,560664100.00,2400
SECURKLOUD,EQ,20,NANOCAP,560295800.00,2401
3PLAND,EQ,20,NANOCAP,560160000.00,2402
APOORVA,BE,5,NANOCAP,552417700.00,2403
TPHQ,BE,5,NANOCAP,548109800.00,2404
MOHITE,EQ,20,NANOCAP,541719800.00,2405
ANSALBU,EQ,20,NANOCAP,540510900.00,2406
FMNL,EQ,5,NANOCAP,539444700.00,2407
AGRITECH,EQ,5,NANOCAP,534362400.00,2408
MALUPAPER,EQ,20,NANOCAP,529519100.00,2409
TNTELE,EQ,5,NANOCAP,528072400.00,2410
WEWIN,EQ,10,NANOCAP,524815700.00,2411
PHOENXINTL,EQ,20,NANOCAP,523421200.00,2412
JAIPURKURT,EQ,20,NANOCAP,518958000.00,2413
BALKRISHNA,EQ,20,NANOCAP,513579300.00,2414
SUNDARAM,EQ,20,NANOCAP,511788000.00,2415
HYBRIDFIN,EQ,10,NANOCAP,511013700.00,2416
PALREDTEC,EQ,5,NANOCAP,510954300.00,2417
HGM,EQ,20,NANOCAP,508333100.00,2418
TRU,EQ,10,NANOCAP,505395100.00,2419
MANUGRAPH,BE,5,NANOCAP,500631900.00,2420
GANGAFORGE,EQ,5,NANOCAP,498768200.00,2421
COUNCODOS,BE,5,NANOCAP,491190900.00,2422
SHIVAMILLS,EQ,5,NANOCAP,489039900.00,2423
AHLADA,EQ,20,NANOCAP,478852300.00,2424
BIOFILCHEM,EQ,20,NANOCAP,476985100.00,2425
VIVIMEDLAB,BE,5,NANOCAP,473438400.00,2426
AGROPHOS,EQ,20,NANOCAP,466304600.00,2427
MANGALAM,EQ,10,NANOCAP,461393400.00,2428
VEDAVAAG,EQ,20,NANOCAP,455421300.00,2429
VIVOBIOT,EQ,20,NANOCAP,448555300.00,2430
DANGEE,EQ,10,NANOCAP,446527500.00,2431
SIEL,EQ,5,NANOCAP,444175500.00,2432
ORCHASP,EQ,20,NANOCAP,443424500.00,2433
SAMBANDAM,EQ,5,NANOCAP,441739100.00,2434
PRITI,EQ,10,NANOCAP,437855600.00,2435
MASKINVEST,EQ,5,NANOCAP,437615600.00,2436
PRUDMOULI,EQ,10,NANOCAP,435079500.00,2437
SUVIDHAA,EQ,20,NANOCAP,434299800.00,2438
SAICAPI,EQ,20,NANOCAP,434193900.00,2439
BLUECOAST,EQ,5,NANOCAP,432950300.00,2440
AMBICAAGAR,EQ,20,NANOCAP,430641100.00,2441
PBMPOLY,EQ,20,NANOCAP,429880900.00,2442
BANG,EQ,20,NANOCAP,426326400.00,2443
ABMINTLLTD,BE,5,NANOCAP,425241600.00,2444
AKASH,EQ,20,NANOCAP,420720200.00,2445
KARMAENG,EQ,20,NANOCAP,420335100.00,2446
VINNY,EQ,20,NANOCAP,418722000.00,2447
ARCHIES,EQ,20,NANOCAP,417858600.00,2448
RKDL,EQ,20,NANOCAP,413760000.00,2449
SUPERSPIN,BE,5,NANOCAP,413050000.00,2450
GAYAHWS,EQ,20,NANOCAP,412201300.00,2451
SIMPLXREA,EQ,5,NANOCAP,411686900.00,2452
SRIKPRIND,BE,5,NANOCAP,409448100.00,2453
LEENEE,BE,5,NANOCAP,408332100.00,2454
HBSL,EQ,10,NANOCAP,407061000.00,2455
AUSTENG,EQ,20,NANOCAP,406232000.00,2456
CELEBRITY,EQ,20,NANOCAP,404072700.00,2457
ADL,EQ,20,NANOCAP,403664500.00,2458
LFIC,EQ,20,NANOCAP,401460000.00,2459
DHATRE,EQ,20,NANOCAP,401029700.00,2460
MINALIND,BE,2,NANOCAP,399481900.00,2461
21STCENMGM,EQ,2,NANOCAP,399000000.00,2462
TOYAMSL,EQ,5,NANOCAP,395137300.00,2463
SVPGLOB,EQ,5,NANOCAP,392150000.00,2464
OSIAHYPER,BE,5,NANOCAP,389309600.00,2465
SHIVAAGRO,EQ,20,NANOCAP,385902300.00,2466
SAGARDEEP,EQ,20,NANOCAP,384132700.00,2467
DHRUV,EQ,5,NANOCAP,374400100.00,2468
CYBERMEDIA,BE,5,NANOCAP,372373600.00,2469
GTECJAINX,EQ,5,NANOCAP,365584800.00,2470
ASHOKAMET,EQ,20,NANOCAP,363191900.00,2471
NKIND,EQ,20,NANOCAP,360353600.00,2472
ORIENTALTL,EQ,20,NANOCAP,353569900.00,2473
EASTSILK,BE,5,NANOCAP,350600000.00,2474
SEYAIND,BE,2,NANOCAP,350465400.00,2475
AROGRANITE,EQ,20,NANOCAP,341955000.00,2476
MEDICAPQ,BE,5,NANOCAP,339722400.00,2477
GKB,EQ,10,NANOCAP,329491500.00,2478
AKSHAR,EQ,20,NANOCAP,322862100.00,2479
MOHITIND,EQ,20,NANOCAP,322509600.00,2480
NAGREEKCAP,EQ,10,NANOCAP,319671700.00,2481
EASTWEST,EQ,10,NANOCAP,315610200.00,2482
SUMEDHA,EQ,20,NANOCAP,315322400.00,2483
BOHRAIND,EQ,5,NANOCAP,312077500.00,2484
MITTAL,EQ,20,NANOCAP,310800000.00,2485
MADHAV,EQ,20,NANOCAP,308582000.00,2486
AKG,EQ,20,NANOCAP,308550500.00,2487
CRESTO,BE,5,NANOCAP,305080200.00,2488
LIBAS,EQ,20,NANOCAP,297430300.00,2489
MADHUCON,EQ,5,NANOCAP,294441800.00,2490
KAUSHALYA,BE,5,NANOCAP,288819200.00,2491
PEARLPOLY,EQ,5,NANOCAP,287709000.00,2492
RETAIL,EQ,5,NANOCAP,286586700.00,2493
KEEPLEARN,EQ,20,NANOCAP,286510200.00,2494
DNAMEDIA,EQ,20,NANOCAP,284853400.00,2495
POLYSPIN,EQ,20,NANOCAP,283193300.00,2496
TGBHOTELS,EQ,20,NANOCAP,275877900.00,2497
KJMCFIN,EQ,5,NANOCAP,274330600.00,2498
INFOMEDIA,EQ,20,NANOCAP,267033000.00,2499
GSS,EQ,20,NANOCAP,266584700.00,2500
KANANIIND,EQ,20,NANOCAP,265143100.00,2501
DSKULKARNI,BE,2,NANOCAP,260700000.00,2502
PRISMX,EQ,20,NANOCAP,256118600.00,2503
KHANDSE,EQ,20,NANOCAP,255653800.00,2504
KANCOTEA,EQ,20,NANOCAP,252644900.00,2505
VCL,BE,5,NANOCAP,251740500.00,2506
TREEHOUSE,EQ,20,NANOCAP,240324900.00,2507
NEXTMEDIA,EQ,5,NANOCAP,239476600.00,2508
TARAPUR,EQ,10,NANOCAP,237900100.00,2509
KAMANWALA,EQ,20,NANOCAP,233852800.00,2510
SGL,EQ,10,NANOCAP,233347800.00,2511
WILLAMAGOR,EQ,20,NANOCAP,232165300.00,2512
VIRTUALG,BE,5,NANOCAP,229102700.00,2513
LAXMICOT,EQ,20,NANOCAP,228064000.00,2514
ASIANTNE,EQ,20,NANOCAP,227502100.00,2515
LEXUS,EQ,20,NANOCAP,219550000.00,2516
GUJRAFFIA,EQ,10,NANOCAP,217639200.00,2517
BURNPUR,BE,5,NANOCAP,216344400.00,2518
HAVISHA,EQ,20,NANOCAP,207273300.00,2519
KRIDHANINF,EQ,5,NANOCAP,206421500.00,2520
MFML,EQ,20,NANOCAP,198811600.00,2521
MPDL,BE,5,NANOCAP,198512400.00,2522
TCIFINANCE,EQ,10,NANOCAP,189096900.00,2523
TIJARIA,BE,5,NANOCAP,184641400.00,2524
NIRAJISPAT,BE,5,NANOCAP,180000000.00,2525
TECILCHEM,EQ,20,NANOCAP,175414200.00,2526
ACEINTEG,EQ,20,NANOCAP,174828000.00,2527
STLSTRINF,EQ,10,NANOCAP,165059200.00,2528
RADAAN,EQ,20,NANOCAP,161401400.00,2529
GLFL,EQ,5,NANOCAP,148920500.00,2530
VIVIDHA,EQ,20,NANOCAP,146350300.00,2531
KALYANI,BE,5,NANOCAP,144990000.00,2532
HEADSUP,EQ,20,NANOCAP,141328700.00,2533
EUROTEXIND,EQ,5,NANOCAP,137635400.00,2534
BILVYAPAR,BE,5,NANOCAP,132051600.00,2535
AURUS,EQ,20,NANOCAP,129729600.00,2536
CREATIVEYE,EQ,20,NANOCAP,123759400.00,2537
UMESLTD,EQ,10,NANOCAP,120720300.00,2538
MTEDUCARE,BE,5,NANOCAP,120620800.00,2539
ORTINGLOBE,EQ,5,NANOCAP,118067800.00,2540
SHYAMTEL,EQ,10,NANOCAP,116306400.00,2541
UNIINFO,EQ,5,NANOCAP,116020100.00,2542
GLOBALE,EQ,5,NANOCAP,112256300.00,2543
DCMFINSERV,EQ,10,NANOCAP,112174000.00,2544
ANTGRAPHIC,EQ,20,NANOCAP,106956600.00,2545
ARENTERP,EQ,20,NANOCAP,105029500.00,2546
FLEXITUFF,BE,2,NANOCAP,99124870.00,2547
TVVISION,BE,5,NANOCAP,98798470.00,2548
PREMIER,BE,5,NANOCAP,78968680.00,2549
SHANTI,EQ,20,NANOCAP,61083000.00,2550
QUINTEGRA,EQ,5,NANOCAP,35930530.00,2551
ADROITIND,BE,5,NANOCAP,0.00,2552
AGL,EQ,20,NANOCAP,0.00,2553
AONESTEELS,EQ,20,NANOCAP,0.00,2554
ARMEE,EQ,20,NANOCAP,0.00,2555
CENTEXT-RE,BE,40,NANOCAP,0.00,2556
ELEVATE,EQ,20,NANOCAP,0.00,2557
GSPLTRANS,BE,5,NANOCAP,0.00,2558
ITC,EQ,No Band,NANOCAP,0.00,2559
MFSL,EQ,No Band,NANOCAP,0.00,2560
MONEYVIEW,EQ,20,NANOCAP,0.00,2561
SBICARD,EQ,No Band,NANOCAP,0.00,2562
SCI,EQ,20,NANOCAP,0.00,2563
SONA,BE,5,NANOCAP,0.00,2564
SUPREME,EQ,20,NANOCAP,0.00,2565
SWASTIKAIN,BE,5,NANOCAP,0.00,2566
VARMORA,EQ,20,NANOCAP,0.00,2567
